{
  "case_id": 145,
  "seed": 42,
  "channel_accuracy": 0.23613333333333333,
  "per_class_accuracy": {
    "GOOD": 0.0,
    "DEGRADED": 1.0,
    "FAILED": 0.0
  },
  "rho_per_state": {
    "GOOD": {
      "mean": 0.06413045821090539,
      "std": 0.0014712542683584689,
      "n_samples": 150
    }
  }
}