{
  "K_only": {
    "rho_mean": 0.03919633003572623,
    "rho_std": 0.00024785107143803924,
    "rho_min": 0.03842443227767944,
    "stability_rate": 100.0,
    "K_mean": 0.004521271213889122,
    "R_mean": 0.007400519214570522,
    "J_mean": 0.0049336799420416355,
    "mode": "K_only"
  },
  "K_R": {
    "rho_mean": 0.03620817073931297,
    "rho_std": 0.002261211972437499,
    "rho_min": 0.029848016798496246,
    "stability_rate": 100.0,
    "K_mean": 0.004541570320725441,
    "R_mean": 0.0029122349806129932,
    "J_mean": 0.0049336799420416355,
    "mode": "K_R"
  },
  "full": {
    "rho_mean": 0.03583012390881777,
    "rho_std": 0.0022831070164642956,
    "rho_min": 0.029634591192007065,
    "stability_rate": 100.0,
    "K_mean": 0.004544067196547985,
    "R_mean": 0.00291406805627048,
    "J_mean": 0.0020873236935585737,
    "mode": "full"
  },
  "safety_overestimation_pct": 9.39
}