{
  "K_only": {
    "rho_mean": 0.06365379651387533,
    "rho_std": 0.00013685024008179236,
    "rho_min": 0.06317596137523651,
    "stability_rate": 100.0,
    "K_mean": 0.0003943767515011132,
    "R_mean": 0.0003222468658350408,
    "J_mean": 0.00021483124874066561,
    "mode": "K_only"
  },
  "K_R": {
    "rho_mean": 0.05468299547831217,
    "rho_std": 0.001260711451204318,
    "rho_min": 0.051493316888809204,
    "stability_rate": 100.0,
    "K_mean": 0.00039438929525204003,
    "R_mean": 0.00024029963242355734,
    "J_mean": 0.00021483124874066561,
    "mode": "K_R"
  },
  "full": {
    "rho_mean": 0.05365555877486865,
    "rho_std": 0.001298941684120971,
    "rho_min": 0.05055367574095726,
    "stability_rate": 100.0,
    "K_mean": 0.00039441423723474145,
    "R_mean": 0.00024034356465563178,
    "J_mean": 0.00016340060392394662,
    "mode": "full"
  },
  "safety_overestimation_pct": 18.63
}