{
  "K_only": {
    "rho_mean": 0.032578982586661975,
    "rho_std": 0.00015735579103020756,
    "rho_min": 0.03198989853262901,
    "stability_rate": 100.0,
    "K_mean": 0.0026273836847394705,
    "R_mean": 0.004307614639401436,
    "J_mean": 0.002871743170544505,
    "mode": "K_only"
  },
  "K_R": {
    "rho_mean": 0.030306372232735156,
    "rho_std": 0.0015964411091605188,
    "rho_min": 0.025651313364505768,
    "stability_rate": 100.0,
    "K_mean": 0.0026363804936408997,
    "R_mean": 0.0016801238525658846,
    "J_mean": 0.002871743170544505,
    "mode": "K_R"
  },
  "full": {
    "rho_mean": 0.030051055339475472,
    "rho_std": 0.001611680279038541,
    "rho_min": 0.02559804730117321,
    "stability_rate": 100.0,
    "K_mean": 0.0026379753835499287,
    "R_mean": 0.0016815385315567255,
    "J_mean": 0.0012013468658551574,
    "mode": "full"
  },
  "safety_overestimation_pct": 8.41
}