{
  "mild": {
    "tier": {
      "name": "mild",
      "p": 0.05,
      "sigma_j": 20.0
    },
    "models": {
      "B10": {
        "rho_mean": 0.033343897014856336,
        "rho_std": 0.00022382591851055622,
        "rho_min": 0.030750960111618042,
        "stability_rate": 100.0,
        "n_unstable": 0,
        "K_mean": 0.001114154583774507,
        "R_mean": 0.0,
        "J_mean": 0.0,
        "n_params": 472361
      },
      "B11": {
        "rho_mean": 0.02385868092998862,
        "rho_std": 0.0016330957878381014,
        "rho_min": 0.009860658086836338,
        "stability_rate": 100.0,
        "n_unstable": 0,
        "K_mean": 0.007179358042776585,
        "R_mean": 0.004307614639401436,
        "J_mean": 0.002871743170544505,
        "n_params": 489762
      },
      "B12": {
        "rho_mean": 0.033268570229411126,
        "rho_std": 0.00022387286298908293,
        "rho_min": 0.030750297009944916,
        "stability_rate": 100.0,
        "n_unstable": 0,
        "K_mean": 0.0011143883457407355,
        "R_mean": 0.0,
        "J_mean": 0.0,
        "n_params": 472360
      },
      "B-ROPF": {
        "rho_mean": 0.018523170426487923,
        "rho_std": 0.0006130527472123504,
        "rho_min": 0.02526254579424858,
        "stability_rate": 100.0,
        "n_unstable": 0,
        "K_mean": 0.0030516376718878746,
        "R_mean": 0.0,
        "J_mean": 0.0,
        "n_params": 121108
      },
      "B-SOPF": {
        "rho_mean": 0.031000233081479867,
        "rho_std": 0.0006130527472123504,
        "rho_min": 0.02526254579424858,
        "stability_rate": 100.0,
        "n_unstable": 0,
        "K_mean": 0.0030516376718878746,
        "R_mean": 0.0,
        "J_mean": 0.0,
        "n_params": 121108
      },
      "B-Hinf": {
        "rho_mean": 0.03200961048404376,
        "rho_std": 0.0003348629688844085,
        "rho_min": 0.0289296992123127,
        "stability_rate": 100.0,
        "n_unstable": 0,
        "K_mean": 0.0015258188359439373,
        "R_mean": 0.0007629094179719687,
        "J_mean": 0.0004577456566039473,
        "n_params": 181012
      },
      "Ours": {
        "rho_mean": 0.030051619385679563,
        "rho_std": 0.0006087259971536696,
        "rho_min": 0.024984147399663925,
        "stability_rate": 100.0,
        "n_unstable": 0,
        "K_mean": 0.002637891797348857,
        "R_mean": 0.0016812406247481704,
        "J_mean": 0.0012007125187665224,
        "n_params": 489792
      }
    }
  },
  "moderate": {
    "tier": {
      "name": "moderate",
      "p": 0.15,
      "sigma_j": 50.0
    },
    "models": {
      "B10": {
        "rho_mean": 0.033343897014856336,
        "rho_std": 0.00022382591851055622,
        "rho_min": 0.030750960111618042,
        "stability_rate": 100.0,
        "n_unstable": 0,
        "K_mean": 0.001114154583774507,
        "R_mean": 0.0,
        "J_mean": 0.0,
        "n_params": 472361
      },
      "B11": {
        "rho_mean": 0.02385868092998862,
        "rho_std": 0.0022481968626379967,
        "rho_min": 0.0003387097385711968,
        "stability_rate": 100.0,
        "n_unstable": 0,
        "K_mean": 0.007179358042776585,
        "R_mean": 0.004307614639401436,
        "J_mean": 0.002871743170544505,
        "n_params": 489762
      },
      "B12": {
        "rho_mean": 0.033268570229411126,
        "rho_std": 0.00022387286298908293,
        "rho_min": 0.030750297009944916,
        "stability_rate": 100.0,
        "n_unstable": 0,
        "K_mean": 0.0011143883457407355,
        "R_mean": 0.0,
        "J_mean": 0.0,
        "n_params": 472360
      },
      "B-ROPF": {
        "rho_mean": 0.018523170426487923,
        "rho_std": 0.0006130527472123504,
        "rho_min": 0.02526254579424858,
        "stability_rate": 100.0,
        "n_unstable": 0,
        "K_mean": 0.0030516376718878746,
        "R_mean": 0.0,
        "J_mean": 0.0,
        "n_params": 121108
      },
      "B-SOPF": {
        "rho_mean": 0.031000233081479867,
        "rho_std": 0.0006130527472123504,
        "rho_min": 0.02526254579424858,
        "stability_rate": 100.0,
        "n_unstable": 0,
        "K_mean": 0.0030516376718878746,
        "R_mean": 0.0,
        "J_mean": 0.0,
        "n_params": 121108
      },
      "B-Hinf": {
        "rho_mean": 0.03200961048404376,
        "rho_std": 0.000431406864663586,
        "rho_min": 0.027329757809638977,
        "stability_rate": 100.0,
        "n_unstable": 0,
        "K_mean": 0.0015258188359439373,
        "R_mean": 0.0007629094179719687,
        "J_mean": 0.0004577456566039473,
        "n_params": 181012
      },
      "Ours": {
        "rho_mean": 0.030051619385679563,
        "rho_std": 0.000858713814523071,
        "rho_min": 0.021203555166721344,
        "stability_rate": 100.0,
        "n_unstable": 0,
        "K_mean": 0.002637891797348857,
        "R_mean": 0.0016812406247481704,
        "J_mean": 0.0012007125187665224,
        "n_params": 489792
      }
    }
  },
  "stressed": {
    "tier": {
      "name": "stressed",
      "p": 0.25,
      "sigma_j": 100.0
    },
    "models": {
      "B10": {
        "rho_mean": 0.033343897014856336,
        "rho_std": 0.00022382591851055622,
        "rho_min": 0.030750960111618042,
        "stability_rate": 100.0,
        "n_unstable": 0,
        "K_mean": 0.001114154583774507,
        "R_mean": 0.0,
        "J_mean": 0.0,
        "n_params": 472361
      },
      "B11": {
        "rho_mean": 0.02385868092998862,
        "rho_std": 0.0033182655461132526,
        "rho_min": -0.013538440689444542,
        "stability_rate": 46.6,
        "n_unstable": 534,
        "K_mean": 0.007179358042776585,
        "R_mean": 0.004307614639401436,
        "J_mean": 0.002871743170544505,
        "n_params": 489762
      },
      "B12": {
        "rho_mean": 0.033268570229411126,
        "rho_std": 0.00022387286298908293,
        "rho_min": 0.030750297009944916,
        "stability_rate": 100.0,
        "n_unstable": 0,
        "K_mean": 0.0011143883457407355,
        "R_mean": 0.0,
        "J_mean": 0.0,
        "n_params": 472360
      },
      "B-ROPF": {
        "rho_mean": 0.018523170426487923,
        "rho_std": 0.0006130527472123504,
        "rho_min": 0.02526254579424858,
        "stability_rate": 100.0,
        "n_unstable": 0,
        "K_mean": 0.0030516376718878746,
        "R_mean": 0.0,
        "J_mean": 0.0,
        "n_params": 121108
      },
      "B-SOPF": {
        "rho_mean": 0.031000233081479867,
        "rho_std": 0.0006130527472123504,
        "rho_min": 0.02526254579424858,
        "stability_rate": 100.0,
        "n_unstable": 0,
        "K_mean": 0.0030516376718878746,
        "R_mean": 0.0,
        "J_mean": 0.0,
        "n_params": 121108
      },
      "B-Hinf": {
        "rho_mean": 0.03200961048404376,
        "rho_std": 0.0006014785612933338,
        "rho_min": 0.02496328018605709,
        "stability_rate": 100.0,
        "n_unstable": 0,
        "K_mean": 0.0015258188359439373,
        "R_mean": 0.0007629094179719687,
        "J_mean": 0.0004577456566039473,
        "n_params": 181012
      },
      "Ours": {
        "rho_mean": 0.030051619385679563,
        "rho_std": 0.0012979242019355297,
        "rho_min": 0.015520907938480377,
        "stability_rate": 100.0,
        "n_unstable": 0,
        "K_mean": 0.002637891797348857,
        "R_mean": 0.0016812406247481704,
        "J_mean": 0.0012007125187665224,
        "n_params": 489792
      }
    }
  },
  "severe": {
    "tier": {
      "name": "severe",
      "p": 0.35,
      "sigma_j": 150.0
    },
    "models": {
      "B10": {
        "rho_mean": 0.033343897014856336,
        "rho_std": 0.00022382591851055622,
        "rho_min": 0.030750960111618042,
        "stability_rate": 100.0,
        "n_unstable": 0,
        "K_mean": 0.001114154583774507,
        "R_mean": 0.0,
        "J_mean": 0.0,
        "n_params": 472361
      },
      "B11": {
        "rho_mean": 0.02385868092998862,
        "rho_std": 0.004696609918028116,