{
  "case_id": 2869,
  "seed": 42,
  "channel_accuracy": 0.24454901960784314,
  "per_class_accuracy": {
    "GOOD": 0.0,
    "DEGRADED": 1.0,
    "FAILED": 0.0
  },
  "rho_per_state": {
    "GOOD": {
      "mean": 0.059141050775845846,
      "std": 0.0009571333379755166,
      "n_samples": 75
    }
  }
}