{
  "K_only": {
    "rho_mean": 0.07030937016010284,
    "rho_std": 0.00010673711711651552,
    "rho_min": 0.07007446885108948,
    "stability_rate": 100.0,
    "K_mean": 0.00023256780696101487,
    "R_mean": 0.0001899294147733599,
    "J_mean": 0.00012661959044635296,
    "mode": "K_only"
  },
  "K_R": {
    "rho_mean": 0.06031165157755216,
    "rho_std": 0.0009664100258491587,
    "rho_min": 0.05778275057673454,
    "stability_rate": 100.0,
    "K_mean": 0.0002325405803276226,
    "R_mean": 0.00014158936392050236,
    "J_mean": 0.00012661959044635296,
    "mode": "K_R"
  },
  "full": {
    "rho_mean": 0.059140806198120115,
    "rho_std": 0.0009571209860095931,
    "rho_min": 0.05657688155770302,
    "stability_rate": 100.0,
    "K_mean": 0.0002325515088159591,
    "R_mean": 0.00014161597937345505,
    "J_mean": 9.624733502278104e-05,
    "mode": "full"
  },
  "safety_overestimation_pct": 18.88
}