{
  "mild": {
    "tier": {
      "name": "mild",
      "p": 0.05,
      "sigma_j": 20.0
    },
    "models": {
      "B10": {
        "rho_mean": 0.057383462488651275,
        "rho_std": 0.00015097831783350557,
        "rho_min": 0.05372428894042969,
        "stability_rate": 100.0,
        "n_unstable": 0,
        "K_mean": 0.0002789477875921875,
        "R_mean": 0.0,
        "J_mean": 0.0,
        "n_params": 510357
      },
      "B11": {
        "rho_mean": 0.04087187317510446,
        "rho_std": 0.0011163358576595783,
        "rho_min": 0.024529676884412766,
        "stability_rate": 100.0,
        "n_unstable": 0,
        "K_mean": 0.0017905201530084014,
        "R_mean": 0.001074312487617135,
        "J_mean": 0.0007162083638831973,
        "n_params": 527699
      },
      "B12": {
        "rho_mean": 0.05725297582646211,
        "rho_std": 0.00015094198170118034,
        "rho_min": 0.05372539907693863,
        "stability_rate": 100.0,
        "n_unstable": 0,
        "K_mean": 0.0002788806159514934,
        "R_mean": 0.0,
        "J_mean": 0.0,
        "n_params": 510356
      },
      "B-ROPF": {
        "rho_mean": 0.03189582616090775,
        "rho_std": 0.00041192499338649213,
        "rho_min": 0.04573111608624458,
        "stability_rate": 100.0,
        "n_unstable": 0,
        "K_mean": 0.000761073490139097,
        "R_mean": 0.0,
        "J_mean": 0.0,
        "n_params": 485514
      },
      "B-SOPF": {
        "rho_mean": 0.05331745634476344,
        "rho_std": 0.00041192499338649213,
        "rho_min": 0.04573111608624458,
        "stability_rate": 100.0,
        "n_unstable": 0,
        "K_mean": 0.000761073490139097,
        "R_mean": 0.0,
        "J_mean": 0.0,
        "n_params": 485514
      },
      "B-Hinf": {
        "rho_mean": 0.05505553476512432,
        "rho_std": 0.00022832439572084695,
        "rho_min": 0.051368821412324905,
        "stability_rate": 100.0,
        "n_unstable": 0,
        "K_mean": 0.0003805367450695485,
        "R_mean": 0.00019026837253477424,
        "J_mean": 0.00011416104098316282,
        "n_params": 946314
      },
      "Ours": {
        "rho_mean": 0.05165934259692828,
        "rho_std": 0.00041689921636134386,
        "rho_min": 0.04576153680682182,
        "stability_rate": 100.0,
        "n_unstable": 0,
        "K_mean": 0.0006604040390811861,
        "R_mean": 0.00041635302477516234,
        "J_mean": 0.00029683145112358034,
        "n_params": 527906
      }
    }
  },
  "moderate": {
    "tier": {
      "name": "moderate",
      "p": 0.15,
      "sigma_j": 50.0
    },
    "models": {
      "B10": {
        "rho_mean": 0.057383462488651275,
        "rho_std": 0.00015097831783350557,
        "rho_min": 0.05372428894042969,
        "stability_rate": 100.0,
        "n_unstable": 0,
        "K_mean": 0.0002789477875921875,
        "R_mean": 0.0,
        "J_mean": 0.0,
        "n_params": 510357
      },
      "B11": {
        "rho_mean": 0.04087187317510446,
        "rho_std": 0.0015059662982821465,
        "rho_min": 0.011821981519460678,
        "stability_rate": 100.0,
        "n_unstable": 0,
        "K_mean": 0.0017905201530084014,
        "R_mean": 0.001074312487617135,
        "J_mean": 0.0007162083638831973,
        "n_params": 527699
      },
      "B12": {
        "rho_mean": 0.05725297582646211,
        "rho_std": 0.00015094198170118034,
        "rho_min": 0.05372539907693863,
        "stability_rate": 100.0,
        "n_unstable": 0,
        "K_mean": 0.0002788806159514934,
        "R_mean": 0.0,
        "J_mean": 0.0,
        "n_params": 510356
      },
      "B-ROPF": {
        "rho_mean": 0.03189582616090775,
        "rho_std": 0.00041192499338649213,
        "rho_min": 0.04573111608624458,
        "stability_rate": 100.0,
        "n_unstable": 0,
        "K_mean": 0.000761073490139097,
        "R_mean": 0.0,
        "J_mean": 0.0,
        "n_params": 485514
      },
      "B-SOPF": {
        "rho_mean": 0.05331745634476344,
        "rho_std": 0.00041192499338649213,
        "rho_min": 0.04573111608624458,
        "stability_rate": 100.0,
        "n_unstable": 0,
        "K_mean": 0.000761073490139097,
        "R_mean": 0.0,
        "J_mean": 0.0,
        "n_params": 485514
      },
      "B-Hinf": {
        "rho_mean": 0.05505553476512432,
        "rho_std": 0.00029032962629571557,
        "rho_min": 0.04911576211452484,
        "stability_rate": 100.0,
        "n_unstable": 0,
        "K_mean": 0.0003805367450695485,
        "R_mean": 0.00019026837253477424,
        "J_mean": 0.00011416104098316282,
        "n_params": 946314
      },
      "Ours": {
        "rho_mean": 0.05165934259692828,
        "rho_std": 0.0005726012168452144,
        "rho_min": 0.04080964997410774,
        "stability_rate": 100.0,
        "n_unstable": 0,
        "K_mean": 0.0006604040390811861,
        "R_mean": 0.00041635302477516234,
        "J_mean": 0.00029683145112358034,
        "n_params": 527906
      }
    }
  },
  "stressed": {
    "tier": {
      "name": "stressed",
      "p": 0.25,
      "sigma_j": 100.0
    },
    "models": {
      "B10": {
        "rho_mean": 0.057383462488651275,
        "rho_std": 0.00015097831783350557,
        "rho_min": 0.05372428894042969,
        "stability_rate": 100.0,
        "n_unstable": 0,
        "K_mean": 0.0002789477875921875,
        "R_mean": 0.0,
        "J_mean": 0.0,
        "n_params": 510357
      },
      "B11": {
        "rho_mean": 0.04087187317510446,
        "rho_std": 0.002099754521623254,
        "rho_min": -0.008110090158879757,
        "stability_rate": 34.0,
        "n_unstable": 660,
        "K_mean": 0.0017905201530084014,
        "R_mean": 0.001074312487617135,
        "J_mean": 0.0007162083638831973,
        "n_params": 527699
      },
      "B12": {
        "rho_mean": 0.05725297582646211,
        "rho_std": 0.00015094198170118034,
        "rho_min": 0.05372539907693863,
        "stability_rate": 100.0,
        "n_unstable": 0,
        "K_mean": 0.0002788806159514934,
        "R_mean": 0.0,
        "J_mean": 0.0,
        "n_params": 510356
      },
      "B-ROPF": {
        "rho_mean": 0.03189582616090775,
        "rho_std": 0.00041192499338649213,
        "rho_min": 0.04573111608624458,
        "stability_rate": 100.0,
        "n_unstable": 0,
        "K_mean": 0.000761073490139097,
        "R_mean": 0.0,
        "J_mean": 0.0,
        "n_params": 485514
      },
      "B-SOPF": {
        "rho_mean": 0.05331745634476344,
        "rho_std": 0.00041192499338649213,
        "rho_min": 0.04573111608624458,
        "stability_rate": 100.0,
        "n_unstable": 0,
        "K_mean": 0.000761073490139097,
        "R_mean": 0.0,
        "J_mean": 0.0,
        "n_params": 485514
      },
      "B-Hinf": {
        "rho_mean": 0.05505553476512432,
        "rho_std": 0.0003844366583507508,
        "rho_min": 0.045718252658843994,
        "stability_rate": 100.0,
        "n_unstable": 0,
        "K_mean": 0.0003805367450695485,
        "R_mean": 0.00019026837253477424,
        "J_mean": 0.00011416104098316282,
        "n_params": 946314
      },
      "Ours": {
        "rho_mean": 0.05165934259692828,
        "rho_std": 0.00081375747686252,
        "rho_min": 0.03291577100753784,
        "stability_rate": 100.0,
        "n_unstable": 0,
        "K_mean": 0.0006604040390811861,
        "R_mean": 0.00041635302477516234,
        "J_mean": 0.00029683145112358034,
        "n_params": 527906
      }
    }
  },
  "severe": {
    "tier": {
      "name": "severe",
      "p": 0.35,
      "sigma_j": 150.0
    },
    "models": {
      "B10": {
        "rho_mean": 0.057383462488651275,
        "rho_std": 0.00015097831783350557,
        "rho_min": 0.05372428894042969,
        "stability_rate": 100.0,
        "n_unstable": 0,
        "K_mean": 0.0002789477875921875,
        "R_mean": 0.0,
        "J_mean": 0.0,
        "n_params": 510357
      },
      "B11": {
        "rho_mean": 0.04087187317510446,
        "rho_std": 0.003162673907354474,