{
  "mild": {
    "tier": {
      "name": "mild",
      "p": 0.05,
      "sigma_j": 20.0
    },
    "models": {
      "B10": {
        "rho_mean": 0.04010711334645748,
        "rho_std": 0.0003196117759216577,
        "rho_min": 0.03665308281779289,
        "stability_rate": 100.0,
        "n_unstable": 0,
        "K_mean": 0.00191586057189852,
        "R_mean": 0.0,
        "J_mean": 0.0,
        "n_params": 470429
      },
      "B11": {
        "rho_mean": 0.028004965130239725,
        "rho_std": 0.002366401953622699,
        "rho_min": 0.009843388572335243,
        "stability_rate": 100.0,
        "n_unstable": 0,
        "K_mean": 0.012334193103015423,
        "R_mean": 0.007400519214570522,
        "J_mean": 0.0049336799420416355,
        "n_params": 487833
      },
      "B12": {
        "rho_mean": 0.040008943354090054,
        "rho_std": 0.00031966358073987067,
        "rho_min": 0.03665241599082947,
        "stability_rate": 100.0,
        "n_unstable": 0,
        "K_mean": 0.001916171284392476,
        "R_mean": 0.0,
        "J_mean": 0.0,
        "n_params": 470428
      },
      "B-ROPF": {
        "rho_mean": 0.022298430850108464,
        "rho_std": 0.000874615041539073,
        "rho_min": 0.029492195695638657,
        "stability_rate": 100.0,
        "n_unstable": 0,
        "K_mean": 0.005242737475782633,
        "R_mean": 0.0,
        "J_mean": 0.0,
        "n_params": 142606
      },
      "B-SOPF": {
        "rho_mean": 0.03714609595636527,
        "rho_std": 0.000874615041539073,
        "rho_min": 0.029492195695638657,
        "stability_rate": 100.0,
        "n_unstable": 0,
        "K_mean": 0.005242737475782633,
        "R_mean": 0.0,
        "J_mean": 0.0,
        "n_params": 142606
      },
      "B-Hinf": {
        "rho_mean": 0.03837781662742297,
        "rho_std": 0.0004842961498070508,
        "rho_min": 0.03439096733927727,
        "stability_rate": 100.0,
        "n_unstable": 0,
        "K_mean": 0.0026213687378913164,
        "R_mean": 0.0013106843689456582,
        "J_mean": 0.0007864107028581202,
        "n_params": 230158
      },
      "Ours": {
        "rho_mean": 0.03583065612862508,
        "rho_std": 0.0008864858536981046,
        "rho_min": 0.029241779819130898,
        "stability_rate": 100.0,
        "n_unstable": 0,
        "K_mean": 0.00454394007101655,
        "R_mean": 0.0029135746881365776,
        "J_mean": 0.0020870165899395943,
        "n_params": 487854
      }
    }
  },
  "moderate": {
    "tier": {
      "name": "moderate",
      "p": 0.15,
      "sigma_j": 50.0
    },
    "models": {
      "B10": {
        "rho_mean": 0.04010711334645748,
        "rho_std": 0.0003196117759216577,
        "rho_min": 0.03665308281779289,
        "stability_rate": 100.0,
        "n_unstable": 0,
        "K_mean": 0.00191586057189852,
        "R_mean": 0.0,
        "J_mean": 0.0,
        "n_params": 470429
      },
      "B11": {
        "rho_mean": 0.028004965130239725,
        "rho_std": 0.0031520898919552565,
        "rho_min": 2.0342995412647724e-05,
        "stability_rate": 100.0,
        "n_unstable": 0,
        "K_mean": 0.012334193103015423,
        "R_mean": 0.007400519214570522,
        "J_mean": 0.0049336799420416355,
        "n_params": 487833
      },
      "B12": {
        "rho_mean": 0.040008943354090054,
        "rho_std": 0.00031966358073987067,
        "rho_min": 0.03665241599082947,
        "stability_rate": 100.0,
        "n_unstable": 0,
        "K_mean": 0.001916171284392476,
        "R_mean": 0.0,
        "J_mean": 0.0,
        "n_params": 470428
      },
      "B-ROPF": {
        "rho_mean": 0.022298430850108464,
        "rho_std": 0.000874615041539073,
        "rho_min": 0.029492195695638657,
        "stability_rate": 100.0,
        "n_unstable": 0,
        "K_mean": 0.005242737475782633,
        "R_mean": 0.0,
        "J_mean": 0.0,
        "n_params": 142606
      },
      "B-SOPF": {
        "rho_mean": 0.03714609595636527,
        "rho_std": 0.000874615041539073,
        "rho_min": 0.029492195695638657,
        "stability_rate": 100.0,
        "n_unstable": 0,
        "K_mean": 0.005242737475782633,
        "R_mean": 0.0,
        "J_mean": 0.0,
        "n_params": 142606
      },
      "B-Hinf": {
        "rho_mean": 0.03837781662742297,
        "rho_std": 0.0006067316862754524,
        "rho_min": 0.032835811376571655,
        "stability_rate": 100.0,
        "n_unstable": 0,
        "K_mean": 0.0026213687378913164,
        "R_mean": 0.0013106843689456582,
        "J_mean": 0.0007864107028581202,
        "n_params": 230158
      },
      "Ours": {
        "rho_mean": 0.03583065612862508,
        "rho_std": 0.0012105732457712293,
        "rho_min": 0.02518528886139393,
        "stability_rate": 100.0,
        "n_unstable": 0,
        "K_mean": 0.00454394007101655,
        "R_mean": 0.0029135746881365776,
        "J_mean": 0.0020870165899395943,
        "n_params": 487854
      }
    }
  },
  "stressed": {
    "tier": {
      "name": "stressed",
      "p": 0.25,
      "sigma_j": 100.0
    },
    "models": {
      "B10": {
        "rho_mean": 0.04010711334645748,
        "rho_std": 0.0003196117759216577,
        "rho_min": 0.03665308281779289,
        "stability_rate": 100.0,
        "n_unstable": 0,
        "K_mean": 0.00191586057189852,
        "R_mean": 0.0,
        "J_mean": 0.0,
        "n_params": 470429
      },
      "B11": {
        "rho_mean": 0.028004965130239725,
        "rho_std": 0.004706784151494503,
        "rho_min": -0.015768950805068016,
        "stability_rate": 48.5,
        "n_unstable": 515,
        "K_mean": 0.012334193103015423,
        "R_mean": 0.007400519214570522,
        "J_mean": 0.0049336799420416355,
        "n_params": 487833
      },
      "B12": {
        "rho_mean": 0.040008943354090054,
        "rho_std": 0.00031966358073987067,
        "rho_min": 0.03665241599082947,
        "stability_rate": 100.0,
        "n_unstable": 0,
        "K_mean": 0.001916171284392476,
        "R_mean": 0.0,
        "J_mean": 0.0,
        "n_params": 470428
      },
      "B-ROPF": {
        "rho_mean": 0.022298430850108464,
        "rho_std": 0.000874615041539073,
        "rho_min": 0.029492195695638657,
        "stability_rate": 100.0,
        "n_unstable": 0,
        "K_mean": 0.005242737475782633,
        "R_mean": 0.0,
        "J_mean": 0.0,
        "n_params": 142606
      },
      "B-SOPF": {
        "rho_mean": 0.03714609595636527,
        "rho_std": 0.000874615041539073,
        "rho_min": 0.029492195695638657,
        "stability_rate": 100.0,
        "n_unstable": 0,
        "K_mean": 0.005242737475782633,
        "R_mean": 0.0,
        "J_mean": 0.0,
        "n_params": 142606
      },
      "B-Hinf": {
        "rho_mean": 0.03837781662742297,
        "rho_std": 0.0008565343450754881,
        "rho_min": 0.030100233852863312,
        "stability_rate": 100.0,
        "n_unstable": 0,
        "K_mean": 0.0026213687378913164,
        "R_mean": 0.0013106843689456582,
        "J_mean": 0.0007864107028581202,
        "n_params": 230158
      },
      "Ours": {
        "rho_mean": 0.03583065612862508,
        "rho_std": 0.0018533169059082866,
        "rho_min": 0.01893908716738224,
        "stability_rate": 100.0,
        "n_unstable": 0,
        "K_mean": 0.00454394007101655,
        "R_mean": 0.0029135746881365776,
        "J_mean": 0.0020870165899395943,
        "n_params": 487854
      }
    }
  },
  "severe": {
    "tier": {
      "name": "severe",
      "p": 0.35,
      "sigma_j": 150.0
    },
    "models": {
      "B10": {
        "rho_mean": 0.04010711334645748,
        "rho_std": 0.0003196117759216577,
        "rho_min": 0.03665308281779289,
        "stability_rate": 100.0,
        "n_unstable": 0,
        "K_mean": 0.00191586057189852,
        "R_mean": 0.0,
        "J_mean": 0.0,
        "n_params": 470429
      },
      "B11": {
        "rho_mean": 0.028004965130239725,
        "rho_std": 0.0067896656692028046,
        "rho_min": -0.04244397208094597,