{
  "K_only": {
    "rho_mean": 0.06851611703634262,
    "rho_std": 0.000148423450839307,
    "rho_min": 0.06808485090732574,
    "stability_rate": 100.0,
    "K_mean": 0.0004442504432518035,
    "R_mean": 0.00036285564419813454,
    "J_mean": 0.0002419038792140782,
    "mode": "K_only"
  },
  "K_R": {
    "rho_mean": 0.058769025951623914,
    "rho_std": 0.00136193671005827,
    "rho_min": 0.056099288165569305,
    "stability_rate": 100.0,
    "K_mean": 0.0004442163626663387,
    "R_mean": 0.0002705322694964707,
    "J_mean": 0.0002419038792140782,
    "mode": "K_R"
  },
  "full": {
    "rho_mean": 0.05768495783209801,
    "rho_std": 0.0013844070775137064,
    "rho_min": 0.054993703961372375,
    "stability_rate": 100.0,
    "K_mean": 0.00044423938379622996,
    "R_mean": 0.0002705839287955314,
    "J_mean": 0.00018393689242657274,
    "mode": "full"
  },
  "safety_overestimation_pct": 18.78
}