{
  "rho_mean": 0.03190469446281592,
  "rho_std": 0.0007843187668870368,
  "rho_min": 0.027973070740699768,
  "stability_rate": 100.0,
  "n_samples": 150,
  "model": "B-Hinf",
  "case_id": 39,
  "seed": 84,
  "epochs": 500,
  "n_params": 181012,
  "train_time_s": 1061.6,
  "K_mean": 0.0015258188359439373,
  "R_mean": 0.0007629094179719687,
  "J_mean": 0.0004577456566039473
}