{
  "rho_mean": 0.03200961048404376,
  "rho_std": 0.0007309808529592962,
  "rho_min": 0.029973229393363,
  "stability_rate": 100.0,
  "n_samples": 150,
  "model": "B-Hinf",
  "case_id": 39,
  "seed": 42,
  "epochs": 500,
  "n_params": 181012,
  "train_time_s": 1209.5,
  "K_mean": 0.0015258188359439373,
  "R_mean": 0.0007629094179719687,
  "J_mean": 0.0004577456566039473
}