{
  "rho_mean": 0.031975079216063025,
  "rho_std": 0.0007547991592054461,
  "rho_min": 0.02988050878047943,
  "stability_rate": 100.0,
  "n_samples": 150,
  "model": "B-Hinf",
  "case_id": 39,
  "seed": 168,
  "epochs": 500,
  "n_params": 181012,
  "train_time_s": 1042.0,
  "K_mean": 0.0015258188359439373,
  "R_mean": 0.0007629094179719687,
  "J_mean": 0.0004577456566039473
}