{
  "rho_mean": 0.032045360468327996,
  "rho_std": 0.0007616979084816969,
  "rho_min": 0.029795393347740173,
  "stability_rate": 100.0,
  "n_samples": 150,
  "model": "B-Hinf",
  "case_id": 39,
  "seed": 546,
  "epochs": 500,
  "n_params": 181012,
  "train_time_s": 840.3,
  "K_mean": 0.0015258188359439373,
  "R_mean": 0.0007629094179719687,
  "J_mean": 0.0004577456566039473
}