{
  "rho_mean": 0.03196799701700608,
  "rho_std": 0.0007346967054138667,
  "rho_min": 0.02956419438123703,
  "stability_rate": 100.0,
  "n_samples": 150,
  "model": "B-Hinf",
  "case_id": 39,
  "seed": 336,
  "epochs": 500,
  "n_params": 181012,
  "train_time_s": 969.3,
  "K_mean": 0.0015258188359439373,
  "R_mean": 0.0007629094179719687,
  "J_mean": 0.0004577456566039473
}