{
  "rho_mean": 0.03190862269451221,
  "rho_std": 0.000803143078752457,
  "rho_min": 0.02947627194225788,
  "stability_rate": 100.0,
  "n_samples": 150,
  "model": "B-Hinf",
  "case_id": 39,
  "seed": 126,
  "epochs": 500,
  "n_params": 181012,
  "train_time_s": 1029.2,
  "K_mean": 0.0015258188359439373,
  "R_mean": 0.0007629094179719687,
  "J_mean": 0.0004577456566039473
}