{
  "rho_mean": 0.03190364154676596,
  "rho_std": 0.0007953749888513857,
  "rho_min": 0.029498444870114326,
  "stability_rate": 100.0,
  "n_samples": 150,
  "model": "B-Hinf",
  "case_id": 39,
  "seed": 714,
  "epochs": 500,
  "n_params": 181012,
  "train_time_s": 647.4,
  "K_mean": 0.0015258188359439373,
  "R_mean": 0.0007629094179719687,
  "J_mean": 0.0004577456566039473
}