{
  "rho_mean": 0.03203094933182001,
  "rho_std": 0.0007217832755416422,
  "rho_min": 0.030309971421957016,
  "stability_rate": 100.0,
  "n_samples": 150,
  "model": "B-Hinf",
  "case_id": 39,
  "seed": 378,
  "epochs": 500,
  "n_params": 181012,
  "train_time_s": 1006.9,
  "K_mean": 0.0015258188359439373,
  "R_mean": 0.0007629094179719687,
  "J_mean": 0.0004577456566039473
}