{
  "rho_mean": 0.03205805206050476,
  "rho_std": 0.0006582820098431016,
  "rho_min": 0.030422989279031754,
  "stability_rate": 100.0,
  "n_samples": 150,
  "model": "B-Hinf",
  "case_id": 39,
  "seed": 252,
  "epochs": 500,
  "n_params": 181012,
  "train_time_s": 966.3,
  "K_mean": 0.0015258188359439373,
  "R_mean": 0.0007629094179719687,
  "J_mean": 0.0004577456566039473
}