{
  "rho_mean": 0.03200449906289578,
  "rho_std": 0.0006684693133500625,
  "rho_min": 0.030412331223487854,
  "stability_rate": 100.0,
  "n_samples": 150,
  "model": "B-Hinf",
  "case_id": 39,
  "seed": 756,
  "epochs": 500,
  "n_params": 181012,
  "train_time_s": 642.6,
  "K_mean": 0.0015258188359439373,
  "R_mean": 0.0007629094179719687,
  "J_mean": 0.0004577456566039473
}