{
  "rho_mean": 0.03199138130992651,
  "rho_std": 0.0007532360733034713,
  "rho_min": 0.029632925987243652,
  "stability_rate": 100.0,
  "n_samples": 150,
  "model": "B-Hinf",
  "case_id": 39,
  "seed": 210,
  "epochs": 500,
  "n_params": 181012,
  "train_time_s": 1037.8,
  "K_mean": 0.0015258188359439373,
  "R_mean": 0.0007629094179719687,
  "J_mean": 0.0004577456566039473
}