{
  "rho_mean": 0.018550577610731124,
  "rho_std": 0.0001864468182741394,
  "rho_min": 0.018011432141065598,
  "stability_rate": 100.0,
  "n_samples": 150,
  "model": "B-ROPF",
  "case_id": 39,
  "seed": 546,
  "epochs": 500,
  "n_params": 121108,
  "train_time_s": 844.5,
  "K_mean": 0.0030516376718878746,
  "R_mean": 0.0,
  "J_mean": 0.0
}