{
  "rho_mean": 0.018547309214870134,
  "rho_std": 0.0001982822668793548,
  "rho_min": 0.01793038100004196,
  "stability_rate": 100.0,
  "n_samples": 150,
  "model": "B-ROPF",
  "case_id": 39,
  "seed": 630,
  "epochs": 500,
  "n_params": 121108,
  "train_time_s": 692.9,
  "K_mean": 0.0030516376718878746,
  "R_mean": 0.0,
  "J_mean": 0.0
}