{
  "rho_mean": 0.018544102186957994,
  "rho_std": 0.00019670311675276469,
  "rho_min": 0.017940383404493332,
  "stability_rate": 100.0,
  "n_samples": 150,
  "model": "B-ROPF",
  "case_id": 39,
  "seed": 0,
  "epochs": 500,
  "n_params": 121108,
  "train_time_s": 1466.8,
  "K_mean": 0.0030516376718878746,
  "R_mean": 0.0,
  "J_mean": 0.0
}