{
  "rho_mean": 0.01855545011659463,
  "rho_std": 0.00019526440665264855,
  "rho_min": 0.017779774963855743,
  "stability_rate": 100.0,
  "n_samples": 150,
  "model": "B-ROPF",
  "case_id": 39,
  "seed": 84,
  "epochs": 500,
  "n_params": 121108,
  "train_time_s": 1084.1,
  "K_mean": 0.0030516376718878746,
  "R_mean": 0.0,
  "J_mean": 0.0
}