{
  "rho_mean": 0.018523534884055455,
  "rho_std": 0.000196460483961083,
  "rho_min": 0.01796160638332367,
  "stability_rate": 100.0,
  "n_samples": 150,
  "model": "B-ROPF",
  "case_id": 39,
  "seed": 756,
  "epochs": 500,
  "n_params": 121108,
  "train_time_s": 605.0,
  "K_mean": 0.0030516376718878746,
  "R_mean": 0.0,
  "J_mean": 0.0
}