{
  "rho_mean": 0.01853096177180608,
  "rho_std": 0.00020890994389696833,
  "rho_min": 0.017692938446998596,
  "stability_rate": 100.0,
  "n_samples": 150,
  "model": "B-ROPF",
  "case_id": 39,
  "seed": 294,
  "epochs": 500,
  "n_params": 121108,
  "train_time_s": 990.7,
  "K_mean": 0.0030516376718878746,
  "R_mean": 0.0,
  "J_mean": 0.0
}