{
  "rho_mean": 0.018557533820470175,
  "rho_std": 0.00018700216002258123,
  "rho_min": 0.017982516437768936,
  "stability_rate": 100.0,
  "n_samples": 150,
  "model": "B-ROPF",
  "case_id": 39,
  "seed": 252,
  "epochs": 500,
  "n_params": 121108,
  "train_time_s": 949.6,
  "K_mean": 0.0030516376718878746,
  "R_mean": 0.0,
  "J_mean": 0.0
}