{
  "rho_mean": 0.018517021909356116,
  "rho_std": 0.00020108831418872762,
  "rho_min": 0.01788344979286194,
  "stability_rate": 100.0,
  "n_samples": 150,
  "model": "B-ROPF",
  "case_id": 39,
  "seed": 672,
  "epochs": 500,
  "n_params": 121108,
  "train_time_s": 624.6,
  "K_mean": 0.0030516376718878746,
  "R_mean": 0.0,
  "J_mean": 0.0
}