{
  "rho_mean": 0.018513193428516386,
  "rho_std": 0.0001927683100054103,
  "rho_min": 0.017967596650123596,
  "stability_rate": 100.0,
  "n_samples": 150,
  "model": "B-ROPF",
  "case_id": 39,
  "seed": 210,
  "epochs": 500,
  "n_params": 121108,
  "train_time_s": 965.4,
  "K_mean": 0.0030516376718878746,
  "R_mean": 0.0,
  "J_mean": 0.0
}