{
  "rho_mean": 0.018533787801861764,
  "rho_std": 0.00020022843982446555,
  "rho_min": 0.017854422330856323,
  "stability_rate": 100.0,
  "n_samples": 150,
  "model": "B-ROPF",
  "case_id": 39,
  "seed": 588,
  "epochs": 500,
  "n_params": 121108,
  "train_time_s": 729.2,
  "K_mean": 0.0030516376718878746,
  "R_mean": 0.0,
  "J_mean": 0.0
}