{
  "rho_mean": 0.018554201597968736,
  "rho_std": 0.00020398266532113977,
  "rho_min": 0.017773322761058807,
  "stability_rate": 100.0,
  "n_samples": 150,
  "model": "B-ROPF",
  "case_id": 39,
  "seed": 168,
  "epochs": 500,
  "n_params": 121108,
  "train_time_s": 988.4,
  "K_mean": 0.0030516376718878746,
  "R_mean": 0.0,
  "J_mean": 0.0
}