{
  "rho_mean": 0.01853539449473222,
  "rho_std": 0.0001871934176931788,
  "rho_min": 0.01788511499762535,
  "stability_rate": 100.0,
  "n_samples": 150,
  "model": "B-ROPF",
  "case_id": 39,
  "seed": 420,
  "epochs": 500,
  "n_params": 121108,
  "train_time_s": 949.9,
  "K_mean": 0.0030516376718878746,
  "R_mean": 0.0,
  "J_mean": 0.0
}