{
  "rho_mean": 0.018526039694746334,
  "rho_std": 0.00019568464406026842,
  "rho_min": 0.017784681171178818,
  "stability_rate": 100.0,
  "n_samples": 150,
  "model": "B-ROPF",
  "case_id": 39,
  "seed": 336,
  "epochs": 500,
  "n_params": 121108,
  "train_time_s": 939.7,
  "K_mean": 0.0030516376718878746,
  "R_mean": 0.0,
  "J_mean": 0.0
}