{
  "rho_mean": 0.01851375917593638,
  "rho_std": 0.00019022948745990297,
  "rho_min": 0.017979562282562256,
  "stability_rate": 100.0,
  "n_samples": 150,
  "model": "B-ROPF",
  "case_id": 39,
  "seed": 126,
  "epochs": 500,
  "n_params": 121108,
  "train_time_s": 1004.5,
  "K_mean": 0.0030516376718878746,
  "R_mean": 0.0,
  "J_mean": 0.0
}