{
  "rho_mean": 0.018523170426487923,
  "rho_std": 0.00018276530968843653,
  "rho_min": 0.017838962376117706,
  "stability_rate": 100.0,
  "n_samples": 150,
  "model": "B-ROPF",
  "case_id": 39,
  "seed": 42,
  "epochs": 500,
  "n_params": 121108,
  "train_time_s": 1204.0,
  "K_mean": 0.0030516376718878746,
  "R_mean": 0.0,
  "J_mean": 0.0
}