{
  "rho_mean": 0.01856660708785057,
  "rho_std": 0.00019204347404722672,
  "rho_min": 0.018102247267961502,
  "stability_rate": 100.0,
  "n_samples": 150,
  "model": "B-ROPF",
  "case_id": 39,
  "seed": 378,
  "epochs": 500,
  "n_params": 121108,
  "train_time_s": 970.2,
  "K_mean": 0.0030516376718878746,
  "R_mean": 0.0,
  "J_mean": 0.0
}