{
  "rho_mean": 0.018538655365506806,
  "rho_std": 0.00019176867164640322,
  "rho_min": 0.01786068081855774,
  "stability_rate": 100.0,
  "n_samples": 150,
  "model": "B-ROPF",
  "case_id": 39,
  "seed": 798,
  "epochs": 500,
  "n_params": 121108,
  "train_time_s": 609.7,
  "K_mean": 0.0030516376718878746,
  "R_mean": 0.0,
  "J_mean": 0.0
}