{
  "rho_mean": 0.018541309734185538,
  "rho_std": 0.00019484397226485233,
  "rho_min": 0.017951954156160355,
  "stability_rate": 100.0,
  "n_samples": 150,
  "model": "B-ROPF",
  "case_id": 39,
  "seed": 504,
  "epochs": 500,
  "n_params": 121108,
  "train_time_s": 867.6,
  "K_mean": 0.0030516376718878746,
  "R_mean": 0.0,
  "J_mean": 0.0
}