{
  "rho_mean": 0.03106137643257777,
  "rho_std": 0.0008584403654114433,
  "rho_min": 0.028040291741490364,
  "stability_rate": 100.0,
  "n_samples": 150,
  "model": "B-SOPF",
  "case_id": 39,
  "seed": 294,
  "epochs": 500,
  "n_params": 121108,
  "train_time_s": 965.7,
  "K_mean": 0.0030516376718878746,
  "R_mean": 0.0,
  "J_mean": 0.0
}