{
  "rho_mean": 0.030985721349716187,
  "rho_std": 0.0008874306939654547,
  "rho_min": 0.02867555059492588,
  "stability_rate": 100.0,
  "n_samples": 150,
  "model": "B-SOPF",
  "case_id": 39,
  "seed": 588,
  "epochs": 500,
  "n_params": 121108,
  "train_time_s": 775.5,
  "K_mean": 0.0030516376718878746,
  "R_mean": 0.0,
  "J_mean": 0.0
}