{
  "rho_mean": 0.030872031586865585,
  "rho_std": 0.0009828986897605712,
  "rho_min": 0.027846910059452057,
  "stability_rate": 100.0,
  "n_samples": 150,
  "model": "B-SOPF",
  "case_id": 39,
  "seed": 126,
  "epochs": 500,
  "n_params": 121108,
  "train_time_s": 1028.3,
  "K_mean": 0.0030516376718878746,
  "R_mean": 0.0,
  "J_mean": 0.0
}