{
  "rho_mean": 0.030958114887277285,
  "rho_std": 0.0008185221185388983,
  "rho_min": 0.028041023761034012,
  "stability_rate": 100.0,
  "n_samples": 150,
  "model": "B-SOPF",
  "case_id": 39,
  "seed": 504,
  "epochs": 500,
  "n_params": 121108,
  "train_time_s": 887.1,
  "K_mean": 0.0030516376718878746,
  "R_mean": 0.0,
  "J_mean": 0.0
}