{
  "rho_mean": 0.03104119130720695,
  "rho_std": 0.0008952074772381631,
  "rho_min": 0.02879149094223976,
  "stability_rate": 100.0,
  "n_samples": 150,
  "model": "B-SOPF",
  "case_id": 39,
  "seed": 378,
  "epochs": 500,
  "n_params": 121108,
  "train_time_s": 967.3,
  "K_mean": 0.0030516376718878746,
  "R_mean": 0.0,
  "J_mean": 0.0
}