{
  "rho_mean": 0.03086569714049498,
  "rho_std": 0.0008537721114129035,
  "rho_min": 0.027766386047005653,
  "stability_rate": 100.0,
  "n_samples": 150,
  "model": "B-SOPF",
  "case_id": 39,
  "seed": 420,
  "epochs": 500,
  "n_params": 121108,
  "train_time_s": 970.9,
  "K_mean": 0.0030516376718878746,
  "R_mean": 0.0,
  "J_mean": 0.0
}