{
  "rho_mean": 0.030968121861418087,
  "rho_std": 0.0009290355733141616,
  "rho_min": 0.028356429189443588,
  "stability_rate": 100.0,
  "n_samples": 150,
  "model": "B-SOPF",
  "case_id": 39,
  "seed": 168,
  "epochs": 500,
  "n_params": 121108,
  "train_time_s": 1006.2,
  "K_mean": 0.0030516376718878746,
  "R_mean": 0.0,
  "J_mean": 0.0
}