{
  "rho_mean": 0.031048575416207314,
  "rho_std": 0.0008441819366776065,
  "rho_min": 0.028950359672307968,
  "stability_rate": 100.0,
  "n_samples": 150,
  "model": "B-SOPF",
  "case_id": 39,
  "seed": 462,
  "epochs": 500,
  "n_params": 121108,
  "train_time_s": 967.2,
  "K_mean": 0.0030516376718878746,
  "R_mean": 0.0,
  "J_mean": 0.0
}