{
  "rho_mean": 0.030952377542853356,
  "rho_std": 0.0008948639171429902,
  "rho_min": 0.02807680517435074,
  "stability_rate": 100.0,
  "n_samples": 150,
  "model": "B-SOPF",
  "case_id": 39,
  "seed": 336,
  "epochs": 500,
  "n_params": 121108,
  "train_time_s": 988.3,
  "K_mean": 0.0030516376718878746,
  "R_mean": 0.0,
  "J_mean": 0.0
}