{
  "rho_mean": 0.031053869649767876,
  "rho_std": 0.0009229530247115026,
  "rho_min": 0.028358889743685722,
  "stability_rate": 100.0,
  "n_samples": 150,
  "model": "B-SOPF",
  "case_id": 39,
  "seed": 546,
  "epochs": 500,
  "n_params": 121108,
  "train_time_s": 853.5,
  "K_mean": 0.0030516376718878746,
  "R_mean": 0.0,
  "J_mean": 0.0
}