{
  "rho_mean": 0.031000233081479867,
  "rho_std": 0.0008921965767939776,
  "rho_min": 0.02855824865400791,
  "stability_rate": 100.0,
  "n_samples": 150,
  "model": "B-SOPF",
  "case_id": 39,
  "seed": 42,
  "epochs": 500,
  "n_params": 121108,
  "train_time_s": 1189.8,
  "K_mean": 0.0030516376718878746,
  "R_mean": 0.0,
  "J_mean": 0.0
}