{
  "rho_mean": 0.030994039090971152,
  "rho_std": 0.0008132654403230591,
  "rho_min": 0.029068617150187492,
  "stability_rate": 100.0,
  "n_samples": 150,
  "model": "B-SOPF",
  "case_id": 39,
  "seed": 756,
  "epochs": 500,
  "n_params": 121108,
  "train_time_s": 625.4,
  "K_mean": 0.0030516376718878746,
  "R_mean": 0.0,
  "J_mean": 0.0
}