{
  "rho_mean": 0.03107288310925166,
  "rho_std": 0.0008070315082933913,
  "rho_min": 0.028918711468577385,
  "stability_rate": 100.0,
  "n_samples": 150,
  "model": "B-SOPF",
  "case_id": 39,
  "seed": 252,
  "epochs": 500,
  "n_params": 121108,
  "train_time_s": 962.0,
  "K_mean": 0.0030516376718878746,
  "R_mean": 0.0,
  "J_mean": 0.0
}