{
  "rho_mean": 0.030870897310475508,
  "rho_std": 0.0009734237031349871,
  "rho_min": 0.027893368154764175,
  "stability_rate": 100.0,
  "n_samples": 150,
  "model": "B-SOPF",
  "case_id": 39,
  "seed": 714,
  "epochs": 500,
  "n_params": 121108,
  "train_time_s": 653.5,
  "K_mean": 0.0030516376718878746,
  "R_mean": 0.0,
  "J_mean": 0.0
}