{
  "rho_mean": 0.030972000087300937,
  "rho_std": 0.0009253268017429029,
  "rho_min": 0.02799231931567192,
  "stability_rate": 100.0,
  "n_samples": 150,
  "model": "B-SOPF",
  "case_id": 39,
  "seed": 210,
  "epochs": 500,
  "n_params": 121108,
  "train_time_s": 956.8,
  "K_mean": 0.0030516376718878746,
  "R_mean": 0.0,
  "J_mean": 0.0
}