{
  "rho_mean": 0.031013126398126284,
  "rho_std": 0.000898093944941239,
  "rho_min": 0.028561506420373917,
  "stability_rate": 100.0,
  "n_samples": 150,
  "model": "B-SOPF",
  "case_id": 39,
  "seed": 0,
  "epochs": 500,
  "n_params": 121108,
  "train_time_s": 1338.2,
  "K_mean": 0.0030516376718878746,
  "R_mean": 0.0,
  "J_mean": 0.0
}