{
  "rho_mean": 0.033343897014856336,
  "rho_std": 6.672718144254206e-05,
  "rho_min": 0.03309408575296402,
  "stability_rate": 100.0,
  "n_samples": 150,
  "model": "B10",
  "case_id": 39,
  "seed": 42,
  "epochs": 500,
  "n_params": 472361,
  "train_time_s": 1604.0,
  "K_mean": 0.001114154583774507,
  "R_mean": 0.0,
  "J_mean": 0.0
}