{
  "rho_mean": 0.033344946478803955,
  "rho_std": 7.144423872269991e-05,
  "rho_min": 0.03307428956031799,
  "stability_rate": 100.0,
  "n_samples": 150,
  "model": "B10",
  "case_id": 39,
  "seed": 336,
  "epochs": 500,
  "n_params": 472361,
  "train_time_s": 1303.2,
  "K_mean": 0.0011141501599922776,
  "R_mean": 0.0,
  "J_mean": 0.0
}