{
  "rho_mean": 0.03335641471048196,
  "rho_std": 6.827810734583398e-05,
  "rho_min": 0.033146459609270096,
  "stability_rate": 100.0,
  "n_samples": 150,
  "model": "B10",
  "case_id": 39,
  "seed": 252,
  "epochs": 500,
  "n_params": 472361,
  "train_time_s": 1275.9,
  "K_mean": 0.0011142137227579951,
  "R_mean": 0.0,
  "J_mean": 0.0
}