{
  "rho_mean": 0.03335521434744199,
  "rho_std": 7.447607180311808e-05,
  "rho_min": 0.03307010605931282,
  "stability_rate": 100.0,
  "n_samples": 150,
  "model": "B10",
  "case_id": 39,
  "seed": 168,
  "epochs": 500,
  "n_params": 472361,
  "train_time_s": 1373.9,
  "K_mean": 0.0011141792638227344,
  "R_mean": 0.0,
  "J_mean": 0.0
}