{
  "rho_mean": 0.03335976640383403,
  "rho_std": 7.011269964961928e-05,
  "rho_min": 0.033190250396728516,
  "stability_rate": 100.0,
  "n_samples": 150,
  "model": "B10",
  "case_id": 39,
  "seed": 378,
  "epochs": 500,
  "n_params": 472361,
  "train_time_s": 1189.5,
  "K_mean": 0.0011141345603391528,
  "R_mean": 0.0,
  "J_mean": 0.0
}