{
  "rho_mean": 0.0333416457225879,
  "rho_std": 7.341869713249433e-05,
  "rho_min": 0.03311033919453621,
  "stability_rate": 100.0,
  "n_samples": 150,
  "model": "B10",
  "case_id": 39,
  "seed": 672,
  "epochs": 500,
  "n_params": 472361,
  "train_time_s": 540.1,
  "K_mean": 0.001114162034355104,
  "R_mean": 0.0,
  "J_mean": 0.0
}