{
  "rho_mean": 0.033352717856566114,
  "rho_std": 7.23910529799986e-05,
  "rho_min": 0.03312747925519943,
  "stability_rate": 100.0,
  "n_samples": 150,
  "model": "B10",
  "case_id": 39,
  "seed": 630,
  "epochs": 500,
  "n_params": 472361,
  "train_time_s": 590.7,
  "K_mean": 0.0011141375871375203,
  "R_mean": 0.0,
  "J_mean": 0.0
}