{
  "rho_mean": 0.023626758077492316,
  "rho_std": 0.004145242214079183,
  "rho_min": 0.00989525020122528,
  "stability_rate": 100.0,
  "n_samples": 150,
  "model": "B11",
  "case_id": 39,
  "seed": 336,
  "epochs": 500,
  "n_params": 489762,
  "train_time_s": 1197.8,
  "K_mean": 0.007179358042776585,
  "R_mean": 0.004307614639401436,
  "J_mean": 0.002871743170544505
}