{
  "rho_mean": 0.02422792455802361,
  "rho_std": 0.003703238042000835,
  "rho_min": 0.011382358148694038,
  "stability_rate": 100.0,
  "n_samples": 150,
  "model": "B11",
  "case_id": 39,
  "seed": 630,
  "epochs": 500,
  "n_params": 489762,
  "train_time_s": 781.3,
  "K_mean": 0.007179358042776585,
  "R_mean": 0.004307614639401436,
  "J_mean": 0.002871743170544505
}