{
  "rho_mean": 0.024128045476973056,
  "rho_std": 0.003996165390179586,
  "rho_min": 0.009091327898204327,
  "stability_rate": 100.0,
  "n_samples": 150,
  "model": "B11",
  "case_id": 39,
  "seed": 294,
  "epochs": 500,
  "n_params": 489762,
  "train_time_s": 1198.8,
  "K_mean": 0.007179358042776585,
  "R_mean": 0.004307614639401436,
  "J_mean": 0.002871743170544505
}