{
  "rho_mean": 0.02402264575784405,
  "rho_std": 0.003941467051929964,
  "rho_min": 0.012207670137286186,
  "stability_rate": 100.0,
  "n_samples": 150,
  "model": "B11",
  "case_id": 39,
  "seed": 672,
  "epochs": 500,
  "n_params": 489762,
  "train_time_s": 641.5,
  "K_mean": 0.007179358042776585,
  "R_mean": 0.004307614639401436,
  "J_mean": 0.002871743170544505
}