{
  "rho_mean": 0.02318325546880563,
  "rho_std": 0.0039619340241394616,
  "rho_min": 0.01194559782743454,
  "stability_rate": 100.0,
  "n_samples": 150,
  "model": "B11",
  "case_id": 39,
  "seed": 798,
  "epochs": 500,
  "n_params": 489762,
  "train_time_s": 527.4,
  "K_mean": 0.007179358042776585,
  "R_mean": 0.004307614639401436,
  "J_mean": 0.002871743170544505
}