{
  "rho_mean": 0.02411967285598318,
  "rho_std": 0.003710571334023996,
  "rho_min": 0.01512143574655056,
  "stability_rate": 100.0,
  "n_samples": 150,
  "model": "B11",
  "case_id": 39,
  "seed": 252,
  "epochs": 500,
  "n_params": 489762,
  "train_time_s": 1223.0,
  "K_mean": 0.007179358042776585,
  "R_mean": 0.004307614639401436,
  "J_mean": 0.002871743170544505
}