{
  "rho_mean": 0.023634584887574115,
  "rho_std": 0.004256852135013024,
  "rho_min": 0.011710193008184433,
  "stability_rate": 100.0,
  "n_samples": 150,
  "model": "B11",
  "case_id": 39,
  "seed": 168,
  "epochs": 500,
  "n_params": 489762,
  "train_time_s": 1210.3,
  "K_mean": 0.007179358042776585,
  "R_mean": 0.004307614639401436,
  "J_mean": 0.002871743170544505
}