{
  "rho_mean": 0.02385868092998862,
  "rho_std": 0.004123231601872865,
  "rho_min": 0.012420516461133957,
  "stability_rate": 100.0,
  "n_samples": 150,
  "model": "B11",
  "case_id": 39,
  "seed": 42,
  "epochs": 500,
  "n_params": 489762,
  "train_time_s": 1478.2,
  "K_mean": 0.007179358042776585,
  "R_mean": 0.004307614639401436,
  "J_mean": 0.002871743170544505
}