{
  "rho_mean": 0.02376542058462898,
  "rho_std": 0.004084235494762684,
  "rho_min": 0.013505331240594387,
  "stability_rate": 100.0,
  "n_samples": 150,
  "model": "B11",
  "case_id": 39,
  "seed": 588,
  "epochs": 500,
  "n_params": 489762,
  "train_time_s": 824.4,
  "K_mean": 0.007179358042776585,
  "R_mean": 0.004307614639401436,
  "J_mean": 0.002871743170544505
}