{
  "rho_mean": 0.023617829276869694,
  "rho_std": 0.003781558449105854,
  "rho_min": 0.010317670181393623,
  "stability_rate": 100.0,
  "n_samples": 150,
  "model": "B11",
  "case_id": 39,
  "seed": 504,
  "epochs": 500,
  "n_params": 489762,
  "train_time_s": 851.0,
  "K_mean": 0.007179358042776585,
  "R_mean": 0.004307614639401436,
  "J_mean": 0.002871743170544505
}