{
  "rho_mean": 0.024046574203918376,
  "rho_std": 0.004316266360991797,
  "rho_min": 0.011174413375556469,
  "stability_rate": 100.0,
  "n_samples": 150,
  "model": "B11",
  "case_id": 39,
  "seed": 546,
  "epochs": 500,
  "n_params": 489762,
  "train_time_s": 812.9,
  "K_mean": 0.007179358042776585,
  "R_mean": 0.004307614639401436,
  "J_mean": 0.002871743170544505
}