{
  "rho_mean": 0.023257037326693535,
  "rho_std": 0.004490075455205582,
  "rho_min": 0.009556823410093784,
  "stability_rate": 100.0,
  "n_samples": 150,
  "model": "B11",
  "case_id": 39,
  "seed": 714,
  "epochs": 500,
  "n_params": 489762,
  "train_time_s": 528.1,
  "K_mean": 0.007179358042776585,
  "R_mean": 0.004307614639401436,
  "J_mean": 0.002871743170544505
}