{
  "rho_mean": 0.033278144722183545,
  "rho_std": 8.11579591002216e-05,
  "rho_min": 0.03306463733315468,
  "stability_rate": 100.0,
  "n_samples": 150,
  "model": "B12",
  "case_id": 39,
  "seed": 462,
  "epochs": 500,
  "n_params": 472360,
  "train_time_s": 893.3,
  "K_mean": 0.0011144839227199554,
  "R_mean": 0.0,
  "J_mean": 0.0
}