{
  "rho_mean": 0.033277915492653846,
  "rho_std": 9.508488703731406e-05,
  "rho_min": 0.03294696286320686,
  "stability_rate": 100.0,
  "n_samples": 150,
  "model": "B12",
  "case_id": 39,
  "seed": 168,
  "epochs": 500,
  "n_params": 472360,
  "train_time_s": 1279.3,
  "K_mean": 0.0011144265299662948,
  "R_mean": 0.0,
  "J_mean": 0.0
}