{
  "rho_mean": 0.033268570229411126,
  "rho_std": 8.602719057286675e-05,
  "rho_min": 0.03299941122531891,
  "stability_rate": 100.0,
  "n_samples": 150,
  "model": "B12",
  "case_id": 39,
  "seed": 42,
  "epochs": 500,
  "n_params": 472360,
  "train_time_s": 1537.5,
  "K_mean": 0.0011143883457407355,
  "R_mean": 0.0,
  "J_mean": 0.0
}