{
  "rho_mean": 0.0332855091492335,
  "rho_std": 9.432201506229002e-05,
  "rho_min": 0.033030036836862564,
  "stability_rate": 100.0,
  "n_samples": 150,
  "model": "B12",
  "case_id": 39,
  "seed": 378,
  "epochs": 500,
  "n_params": 472360,
  "train_time_s": 1136.0,
  "K_mean": 0.0011143942829221487,
  "R_mean": 0.0,
  "J_mean": 0.0
}