{
  "rho_mean": 0.03326044092575709,
  "rho_std": 9.100917209713695e-05,
  "rho_min": 0.032986320555210114,
  "stability_rate": 100.0,
  "n_samples": 150,
  "model": "B12",
  "case_id": 39,
  "seed": 714,
  "epochs": 500,
  "n_params": 472360,
  "train_time_s": 512.2,
  "K_mean": 0.0011143377050757408,
  "R_mean": 0.0,
  "J_mean": 0.0
}