{
  "rho_mean": 0.03326600067317486,
  "rho_std": 8.809825002526642e-05,
  "rho_min": 0.03295807167887688,
  "stability_rate": 100.0,
  "n_samples": 150,
  "model": "B12",
  "case_id": 39,
  "seed": 336,
  "epochs": 500,
  "n_params": 472360,
  "train_time_s": 1309.2,
  "K_mean": 0.0011143217561766505,
  "R_mean": 0.0,
  "J_mean": 0.0
}