{
  "rho_mean": 0.03327163055539131,
  "rho_std": 9.062043062158205e-05,
  "rho_min": 0.033034078776836395,
  "stability_rate": 100.0,
  "n_samples": 150,
  "model": "B12",
  "case_id": 39,
  "seed": 588,
  "epochs": 500,
  "n_params": 472360,
  "train_time_s": 805.1,
  "K_mean": 0.0011143427109345794,
  "R_mean": 0.0,
  "J_mean": 0.0
}