{
  "rho_mean": 0.03327253974974156,
  "rho_std": 9.046347585180654e-05,
  "rho_min": 0.033011339604854584,
  "stability_rate": 100.0,
  "n_samples": 150,
  "model": "B12",
  "case_id": 39,
  "seed": 84,
  "epochs": 500,
  "n_params": 472360,
  "train_time_s": 1333.9,
  "K_mean": 0.0011143317678943276,
  "R_mean": 0.0,
  "J_mean": 0.0
}