{
  "rho_mean": 0.033269776652256645,
  "rho_std": 9.037045097405875e-05,
  "rho_min": 0.03299115225672722,
  "stability_rate": 100.0,
  "n_samples": 150,
  "model": "B12",
  "case_id": 39,
  "seed": 672,
  "epochs": 500,
  "n_params": 472360,
  "train_time_s": 579.8,
  "K_mean": 0.0011143627343699336,
  "R_mean": 0.0,
  "J_mean": 0.0
}