{
  "rho_mean": 0.033265255093574524,
  "rho_std": 9.37241125180431e-05,
  "rho_min": 0.03296276554465294,
  "stability_rate": 100.0,
  "n_samples": 150,
  "model": "B12",
  "case_id": 39,
  "seed": 210,
  "epochs": 500,
  "n_params": 472360,
  "train_time_s": 1289.5,
  "K_mean": 0.0011143897427245975,
  "R_mean": 0.0,
  "J_mean": 0.0
}