{
  "rho_mean": 0.033282913540800416,
  "rho_std": 8.383440732896794e-05,
  "rho_min": 0.03298947960138321,
  "stability_rate": 100.0,
  "n_samples": 150,
  "model": "B12",
  "case_id": 39,
  "seed": 252,
  "epochs": 500,
  "n_params": 472360,
  "train_time_s": 1203.7,
  "K_mean": 0.0011145052267238498,
  "R_mean": 0.0,
  "J_mean": 0.0
}