{
  "rho_mean": 0.03328176885843277,
  "rho_std": 8.733728535556347e-05,
  "rho_min": 0.03298197686672211,
  "stability_rate": 100.0,
  "n_samples": 150,
  "model": "B12",
  "case_id": 39,
  "seed": 630,
  "epochs": 500,
  "n_params": 472360,
  "train_time_s": 708.1,
  "K_mean": 0.0011143945157527924,
  "R_mean": 0.0,
  "J_mean": 0.0
}