{
  "rho_mean": 0.03327672357360522,
  "rho_std": 9.115066627914341e-05,
  "rho_min": 0.03295022249221802,
  "stability_rate": 100.0,
  "n_samples": 150,
  "model": "B12",
  "case_id": 39,
  "seed": 0,
  "epochs": 500,
  "n_params": 472360,
  "train_time_s": 1856.5,
  "K_mean": 0.0011143404990434647,
  "R_mean": 0.0,
  "J_mean": 0.0
}