{
  "rho_mean": 0.03328033650914828,
  "rho_std": 8.345491494817539e-05,
  "rho_min": 0.033057909458875656,
  "stability_rate": 100.0,
  "n_samples": 150,
  "model": "B12",
  "case_id": 39,
  "seed": 546,
  "epochs": 500,
  "n_params": 472360,
  "train_time_s": 797.9,
  "K_mean": 0.0011143466690555215,
  "R_mean": 0.0,
  "J_mean": 0.0
}