{
  "rho_mean": 0.030138846846918265,
  "rho_std": 0.001457066579385881,
  "rho_min": 0.026521606370806694,
  "stability_rate": 100.0,
  "n_samples": 150,
  "model": "Ours",
  "case_id": 39,
  "seed": 252,
  "epochs": 500,
  "n_params": 489792,
  "train_time_s": 1392.5,
  "K_mean": 0.0026385136879980564,
  "R_mean": 0.001690869452431798,
  "J_mean": 0.0012055751867592335
}