{
  "rho_mean": 0.030144098264475665,
  "rho_std": 0.0015714818299428647,
  "rho_min": 0.024195976555347443,
  "stability_rate": 100.0,
  "n_samples": 150,
  "model": "Ours",
  "case_id": 39,
  "seed": 294,
  "epochs": 500,
  "n_params": 489792,
  "train_time_s": 1377.2,
  "K_mean": 0.0026391639839857817,
  "R_mean": 0.0016907561803236604,
  "J_mean": 0.0012063211761415005
}