{
  "rho_mean": 0.03003278243045012,
  "rho_std": 0.001478842465347938,
  "rho_min": 0.026568260043859482,
  "stability_rate": 100.0,
  "n_samples": 150,
  "model": "Ours",
  "case_id": 39,
  "seed": 756,
  "epochs": 500,
  "n_params": 489792,
  "train_time_s": 525.8,
  "K_mean": 0.002637913916260004,
  "R_mean": 0.0016866844380274415,
  "J_mean": 0.0011950513580814004
}