{
  "rho_mean": 0.029775351360440253,
  "rho_std": 0.0015547300442513077,
  "rho_min": 0.025377146899700165,
  "stability_rate": 100.0,
  "n_samples": 150,
  "model": "Ours",
  "case_id": 39,
  "seed": 798,
  "epochs": 500,
  "n_params": 489792,
  "train_time_s": 445.7,
  "K_mean": 0.002637903904542327,
  "R_mean": 0.00168869539629668,
  "J_mean": 0.0011914203641936183
}