{
  "rho_mean": 0.029809919086595377,
  "rho_std": 0.0017576796287153951,
  "rho_min": 0.024412041530013084,
  "stability_rate": 100.0,
  "n_samples": 150,
  "model": "Ours",
  "case_id": 39,
  "seed": 714,
  "epochs": 500,
  "n_params": 489792,
  "train_time_s": 586.8,
  "K_mean": 0.002638815203681588,
  "R_mean": 0.0016850794199854136,
  "J_mean": 0.001196862431243062
}