{
  "rho_mean": 0.03011110963920752,
  "rho_std": 0.0015450325410643186,
  "rho_min": 0.026307784020900726,
  "stability_rate": 100.0,
  "n_samples": 150,
  "model": "Ours",
  "case_id": 39,
  "seed": 462,
  "epochs": 500,
  "n_params": 489792,
  "train_time_s": 948.9,
  "K_mean": 0.0026383441872894764,
  "R_mean": 0.0016879672184586525,
  "J_mean": 0.0012008969206362963
}