{
  "rho_mean": 0.03011504415422678,
  "rho_std": 0.0016963568789812636,
  "rho_min": 0.02501632645726204,
  "stability_rate": 100.0,
  "n_samples": 150,
  "model": "Ours",
  "case_id": 39,
  "seed": 546,
  "epochs": 500,
  "n_params": 489792,
  "train_time_s": 905.9,
  "K_mean": 0.0026379383634775877,
  "R_mean": 0.0016880708280950785,
  "J_mean": 0.0011900982353836298
}