{
  "rho_mean": 0.02981346151481072,
  "rho_std": 0.0017730589395725718,
  "rho_min": 0.024503523483872414,
  "stability_rate": 100.0,
  "n_samples": 150,
  "model": "Ours",
  "case_id": 39,
  "seed": 126,
  "epochs": 500,
  "n_params": 489792,
  "train_time_s": 1401.6,
  "K_mean": 0.002637350931763649,
  "R_mean": 0.0016878938768059015,
  "J_mean": 0.001192294992506504
}