{
  "rho_mean": 0.03007753934711218,
  "rho_std": 0.0015844485845910978,
  "rho_min": 0.0263216570019722,
  "stability_rate": 100.0,
  "n_samples": 150,
  "model": "Ours",
  "case_id": 39,
  "seed": 378,
  "epochs": 500,
  "n_params": 489792,
  "train_time_s": 1190.2,
  "K_mean": 0.0026390745770186186,
  "R_mean": 0.001687417970970273,
  "J_mean": 0.0011839953949674964
}