{
  "rho_mean": 0.02978705922762553,
  "rho_std": 0.0015553475937754736,
  "rho_min": 0.02407843805849552,
  "stability_rate": 100.0,
  "n_samples": 150,
  "model": "Ours",
  "case_id": 39,
  "seed": 420,
  "epochs": 500,
  "n_params": 489792,
  "train_time_s": 1070.8,
  "K_mean": 0.0026379022747278214,
  "R_mean": 0.0016861330950632691,
  "J_mean": 0.0011864961124956608
}