{
  "rho_mean": 0.029951598085463046,
  "rho_std": 0.0016277606244019347,
  "rho_min": 0.02452320232987404,
  "stability_rate": 100.0,
  "n_samples": 150,
  "model": "Ours",
  "case_id": 39,
  "seed": 336,
  "epochs": 500,
  "n_params": 489792,
  "train_time_s": 1259.8,
  "K_mean": 0.002639266662299633,
  "R_mean": 0.001690374338068068,
  "J_mean": 0.0011822496308013797
}