{
  "rho_mean": 0.029944502711296082,
  "rho_std": 0.0014806958090313068,
  "rho_min": 0.02473497949540615,
  "stability_rate": 100.0,
  "n_samples": 150,
  "model": "Ours",
  "case_id": 39,
  "seed": 504,
  "epochs": 500,
  "n_params": 489792,
  "train_time_s": 913.5,
  "K_mean": 0.002637255936861038,
  "R_mean": 0.0016882969066500664,
  "J_mean": 0.0012033239472657442
}