{
  "rho_mean": 0.030187568416198095,
  "rho_std": 0.0014490127228917995,
  "rho_min": 0.025208203122019768,
  "stability_rate": 100.0,
  "n_samples": 150,
  "model": "Ours",
  "case_id": 39,
  "seed": 630,
  "epochs": 500,
  "n_params": 489792,
  "train_time_s": 608.8,
  "K_mean": 0.002639186568558216,
  "R_mean": 0.0016853390261530876,
  "J_mean": 0.0011992523213848472
}