{
  "rho_mean": 0.029991283155977724,
  "rho_std": 0.0016611104620231438,
  "rho_min": 0.02487846277654171,
  "stability_rate": 100.0,
  "n_samples": 150,
  "model": "Ours",
  "case_id": 39,
  "seed": 210,
  "epochs": 500,
  "n_params": 489792,
  "train_time_s": 1385.1,
  "K_mean": 0.0026371588464826345,
  "R_mean": 0.0016932716825976968,
  "J_mean": 0.0011988861951977015
}