{
  "rho_mean": 0.030051619385679563,
  "rho_std": 0.0016114303527214877,
  "rho_min": 0.025600524619221687,
  "stability_rate": 100.0,
  "n_samples": 150,
  "model": "Ours",
  "case_id": 39,
  "seed": 42,
  "epochs": 500,
  "n_params": 489792,
  "train_time_s": 1592.5,
  "K_mean": 0.002637891797348857,
  "R_mean": 0.0016812406247481704,
  "J_mean": 0.0012007125187665224
}