{
  "rho_mean": 0.030104310847818852,
  "rho_std": 0.0015484087675102106,
  "rho_min": 0.02546398527920246,
  "stability_rate": 100.0,
  "n_samples": 150,
  "model": "Ours",
  "case_id": 39,
  "seed": 672,
  "epochs": 500,
  "n_params": 489792,
  "train_time_s": 604.7,
  "K_mean": 0.002637297846376896,
  "R_mean": 0.0016903880750760436,
  "J_mean": 0.001185193075798452
}