{
  "rho_mean": 0.03005022301028172,
  "rho_std": 0.0016127889685762715,
  "rho_min": 0.025462884455919266,
  "stability_rate": 100.0,
  "n_samples": 150,
  "model": "Ours",
  "case_id": 39,
  "seed": 0,
  "epochs": 500,
  "n_params": 489792,
  "train_time_s": 1881.7,
  "K_mean": 0.002638123696669936,
  "R_mean": 0.0016856848960742354,
  "J_mean": 0.0011813357705250382
}