{
  "rho_mean": 0.02979596753915151,
  "rho_std": 0.0017415063880613158,
  "rho_min": 0.020908841863274574,
  "stability_rate": 100.0,
  "n_samples": 150,
  "model": "Ours",
  "case_id": 39,
  "seed": 84,
  "epochs": 500,
  "n_params": 489792,
  "train_time_s": 1488.7,
  "K_mean": 0.0026385397650301456,
  "R_mean": 0.001689242199063301,
  "J_mean": 0.0011946969898417592
}