{
  "rho_mean": 0.030005337012310822,
  "rho_std": 0.0016036653842712873,
  "rho_min": 0.025949522852897644,
  "stability_rate": 100.0,
  "n_samples": 150,
  "model": "Ours",
  "case_id": 39,
  "seed": 588,
  "epochs": 500,
  "n_params": 489792,
  "train_time_s": 758.8,
  "K_mean": 0.002638020319864154,
  "R_mean": 0.0016870994586497545,
  "J_mean": 0.0011922583216801286
}