{
  "rho_mean": 0.029945907294750215,
  "rho_std": 0.0016709402105268302,
  "rho_min": 0.02524830587208271,
  "stability_rate": 100.0,
  "n_samples": 150,
  "model": "Ours",
  "case_id": 39,
  "seed": 168,
  "epochs": 500,
  "n_params": 489792,
  "train_time_s": 1355.5,
  "K_mean": 0.002639495301991701,
  "R_mean": 0.001690085045993328,
  "J_mean": 0.001199441379867494
}