{
  "case_id": 145,
  "seed": 42,
  "rho_b10_mean": 0.0712308240433534,
  "rho_ours_mean": 0.06412937136987845,
  "safety_overestimation_pct_mean": 11.13226739584598,
  "safety_overestimation_pct_max": 17.542424916021616,
  "false_safety_rate_pct": 0.0,
  "vulnerability_index": [
    0.0012299753725528717,
    0.0012422598665580153,
    0.0012314349878579378,
    0.0012255522888153791,
    0.0012221193173900247,
    0.0012374378275126219,
    0.00123992667067796,
    0.0012182574719190598,
    0.0012228775303810835,
    0.0012225534301251173,
    0.0012094234116375446,
    0.0012178173055872321,
    0.0012324568815529346,
    0.0012139356695115566,
    0.0012247194536030293,
    0.0012171438429504633,
    0.0012175566516816616,
    0.0012172400020062923,
    0.0012116222642362118,
    0.0012293298495933414,
    0.0012186812236905098,
    0.001213802839629352,
    0.0012082862667739391,
    0.001212423201650381,
    0.0012172458227723837,
    0.0012162672355771065,
    0.0012232055887579918,
    0.0012212353758513927,
    0.0012310310266911983,
    0.0012160841142758727,
    0.001229720888659358,
    0.0012304382398724556,
    0.0012457265984266996,
    0.001226699212566018,
    0.0012185191735625267,
    0.0012304512783885002,
    0.0012289918959140778,
    0.0012124415952712297,
    0.0012328310403972864,
    0.0012131157563999295,
    0.0012219585478305817,
    0.0012297281064093113,
    0.0012173715513199568,
    0.0012309285812079906,
    0.0012196183670312166,
    0.0012180620105937123,
    0.001224978594109416,
    0.001221186714246869,
    0.0012270802399143577,
    0.001212054630741477
  ],
  "vulnerability_max_gen": 32,
  "K_final": [
    0.001135532045736909,
    0.0011355471797287464,
    0.0011356581235304475,
    0.001135696074925363,
    0.0011355363531038165,
    0.0011356982868164778,
    0.0011358348419889808,
    0.0011355418246239424,
    0.0011353312293067575,
    0.0011353116715326905,
    0.0011355261085554957,
    0.0011356278555467725,
    0.0011361868819221854,
    0.0011355953756719828,
    0.00113553530536592,
    0.0011356760514900088,
    0.0011355677852407098,
    0.0011356706963852048,
    0.0011352673172950745,
    0.0011354394955560565,
    0.0011355559108778834,
    0.0011353896697983146,
    0.0011356538161635399,
    0.0011358677875250578,
    0.0011356272734701633,
    0.001135199679993093,
    0.001135688042268157,
    0.0011355034075677395,
    0.0011354264570400119,
    0.0011356576578691602,
    0.0011354697635397315,
    0.0011354995658621192,
    0.0011355981696397066,
    0.001135673956014216,
    0.0011356668546795845,
    0.0011356474133208394,
    0.0011355937458574772,
    0.0011357031762599945,
    0.0011352581204846501,
    0.0011357079492881894,
    0.0011356035247445107,
    0.001135565689764917,
    0.0011359939817339182,
    0.0011358608026057482,
    0.001135559636168182,
    0.0011357367038726807,
    0.0011358087649568915,
    0.0011361560318619013,
    0.0011357810581102967,
    0.0011354719754308462
  ],
  "R_final": [
    0.0007143638213165104,
    0.0007141894311644137,
    0.0007174251950345933,
    0.0007194491336122155,
    0.0007122784154489636,
    0.0007164832786656916,
    0.0007153789629228413,
    0.0007142316899262369,
    0.0007118065259419382,
    0.0007146704010665417,
    0.000712686451151967,
    0.0007148912991397083,
    0.0007189905736595392,
    0.0007092237938195467,
    0.0007105799159035087,
    0.0007166220457293093,
    0.0007100728107616305,
    0.0007142210961319506,
    0.0007153267506510019,
    0.0007149096927605569,
    0.0007090195431374013,
    0.000717773858923465,
    0.0007098138448782265,
    0.0007098494097590446,
    0.0007093523163348436,
    0.0007156187784858048,
    0.0007149247103370726,
    0.0007158921798691154,
    0.0007163367699831724,
    0.00070941325975582,
    0.0007117962813936174,
    0.000714725989382714,
    0.0007142765680328012,
    0.000712003035005182,
    0.0007159297238104045,
    0.0007138421642594039,
    0.0007182031986303627,
    0.0007136280764825642,
    0.0007189919706434011,
    0.0007086761761456728,
    0.0007161301327869296,
    0.0007150775054469705,
    0.0007122224196791649,
    0.0007146418211050332,
    0.0007150617893785238,
    0.0007112558232620358,
    0.0007108445861376822,
    0.0007132470491342247,
    0.0007161383400671184,
    0.0007076722686178982
  ],
  "J_final": [
    0.0005156114930287004,
    0.0005280704353936017,
    0.0005140097346156836,
    0.0005061032134108245,
    0.000509840901941061,
    0.0005209544906392694,
    0.0005245477077551186,
    0.0005040258402004838,
    0.0005110710626468062,
    0.0005078830290585756,
    0.0004967369022779167,
    0.0005029260064475238,
    0.0005134663661010563,
    0.0005047119338996708,
    0.0005141395959071815,
    0.0005005218554288149,
    0.0005074838409200311,
    0.0005030188476666808,
    0.0004962955717928708,
    0.0005144201568327844,
    0.0005096617387607694,
    0.0004960289807058871,
    0.0004984723636880517,
    0.0005025738500989974,
    0.0005078934482298791,
    0.0005006483988836408,
    0.0005082808202132583,
    0.0005053431377746165,
    0.0005146942567080259,
    0.0005066708545200527,
    0.0005179245490580797,
    0.0005157122504897416,
    0.0005314500886015594,
    0.0005146961775608361,
    0.0005025893915444613,
    0.0005166091723367572,
    0.000510788697283715,
    0.0004988135769963264,
    0.0005138391279615462,
    0.0005044395802542567,
    0.0005058284150436521,
    0.0005146505427546799,
    0.0005051491316407919,
    0.0005162868183106184,
    0.0005045565194450319,
    0.0005068061873316765,
    0.0005141339497640729,
    0.0005079396651126444,
    0.0005109418998472393,
    0.0005043823621235788
  ]
}