{
  "rho_mean": 0.04607901853819688,
  "rho_std": 0.00040078954354319464,
  "rho_min": 0.0449654795229435,
  "stability_rate": 100.0,
  "n_samples": 150,
  "model": "B-Hinf",
  "case_id": 118,
  "seed": 252,
  "epochs": 500,
  "n_params": 426092,
  "train_time_s": 982.6,
  "K_mean": 0.000406934559578076,
  "R_mean": 0.000203467279789038,
  "J_mean": 0.0001220803678734228
}