{
  "rho_mean": 0.0460239830861489,
  "rho_std": 0.0004551214648426878,
  "rho_min": 0.044658806174993515,
  "stability_rate": 100.0,
  "n_samples": 150,
  "model": "B-Hinf",
  "case_id": 118,
  "seed": 168,
  "epochs": 500,
  "n_params": 426092,
  "train_time_s": 1014.2,
  "K_mean": 0.000406934559578076,
  "R_mean": 0.000203467279789038,
  "J_mean": 0.0001220803678734228
}