{
  "rho_mean": 0.04608868060012659,
  "rho_std": 0.000436760522160492,
  "rho_min": 0.04479259252548218,
  "stability_rate": 100.0,
  "n_samples": 150,
  "model": "B-Hinf",
  "case_id": 118,
  "seed": 420,
  "epochs": 500,
  "n_params": 426092,
  "train_time_s": 990.9,
  "K_mean": 0.000406934559578076,
  "R_mean": 0.000203467279789038,
  "J_mean": 0.0001220803678734228
}