{
  "rho_mean": 0.046083224440614384,
  "rho_std": 0.00044736427826042247,
  "rho_min": 0.04487171396613121,
  "stability_rate": 100.0,
  "n_samples": 150,
  "model": "B-Hinf",
  "case_id": 118,
  "seed": 462,
  "epochs": 500,
  "n_params": 426092,
  "train_time_s": 933.9,
  "K_mean": 0.000406934559578076,
  "R_mean": 0.000203467279789038,
  "J_mean": 0.0001220803678734228
}