{
  "rho_mean": 0.04610005105535189,
  "rho_std": 0.0004055168463713716,
  "rho_min": 0.04504721239209175,
  "stability_rate": 100.0,
  "n_samples": 150,
  "model": "B-Hinf",
  "case_id": 118,
  "seed": 672,
  "epochs": 500,
  "n_params": 426092,
  "train_time_s": 660.2,
  "K_mean": 0.000406934559578076,
  "R_mean": 0.000203467279789038,
  "J_mean": 0.0001220803678734228
}