{
  "rho_mean": 0.046003486836949985,
  "rho_std": 0.00048063113981403624,
  "rho_min": 0.04481480270624161,
  "stability_rate": 100.0,
  "n_samples": 150,
  "model": "B-Hinf",
  "case_id": 118,
  "seed": 336,
  "epochs": 500,
  "n_params": 426092,
  "train_time_s": 1011.6,
  "K_mean": 0.000406934559578076,
  "R_mean": 0.000203467279789038,
  "J_mean": 0.0001220803678734228
}