{
  "rho_mean": 0.046072219982743266,
  "rho_std": 0.000445724694719529,
  "rho_min": 0.044723838567733765,
  "stability_rate": 100.0,
  "n_samples": 150,
  "model": "B-Hinf",
  "case_id": 118,
  "seed": 504,
  "epochs": 500,
  "n_params": 426092,
  "train_time_s": 936.1,
  "K_mean": 0.000406934559578076,
  "R_mean": 0.000203467279789038,
  "J_mean": 0.0001220803678734228
}