{
  "rho_mean": 0.046085499500234925,
  "rho_std": 0.0004363229390461886,
  "rho_min": 0.04469689726829529,
  "stability_rate": 100.0,
  "n_samples": 150,
  "model": "B-Hinf",
  "case_id": 118,
  "seed": 126,
  "epochs": 500,
  "n_params": 426092,
  "train_time_s": 1062.3,
  "K_mean": 0.000406934559578076,
  "R_mean": 0.000203467279789038,
  "J_mean": 0.0001220803678734228
}