{
  "rho_mean": 0.04600426283975442,
  "rho_std": 0.0004544086357637638,
  "rho_min": 0.04491805285215378,
  "stability_rate": 100.0,
  "n_samples": 150,
  "model": "B-Hinf",
  "case_id": 118,
  "seed": 42,
  "epochs": 500,
  "n_params": 426092,
  "train_time_s": 1179.7,
  "K_mean": 0.000406934559578076,
  "R_mean": 0.000203467279789038,
  "J_mean": 0.0001220803678734228
}