{
  "rho_mean": 0.04600908701618513,
  "rho_std": 0.000480658587465622,
  "rho_min": 0.04475013539195061,
  "stability_rate": 100.0,
  "n_samples": 150,
  "model": "B-Hinf",
  "case_id": 118,
  "seed": 378,
  "epochs": 500,
  "n_params": 426092,
  "train_time_s": 1017.7,
  "K_mean": 0.000406934559578076,
  "R_mean": 0.000203467279789038,
  "J_mean": 0.0001220803678734228
}