{
  "rho_mean": 0.04605975151062012,
  "rho_std": 0.00045109776689177314,
  "rho_min": 0.04480167105793953,
  "stability_rate": 100.0,
  "n_samples": 150,
  "model": "B-Hinf",
  "case_id": 118,
  "seed": 630,
  "epochs": 500,
  "n_params": 426092,
  "train_time_s": 670.8,
  "K_mean": 0.000406934559578076,
  "R_mean": 0.000203467279789038,
  "J_mean": 0.0001220803678734228
}