{
  "rho_mean": 0.04611284285783768,
  "rho_std": 0.00045138891041193355,
  "rho_min": 0.04484645277261734,
  "stability_rate": 100.0,
  "n_samples": 150,
  "model": "B-Hinf",
  "case_id": 118,
  "seed": 294,
  "epochs": 500,
  "n_params": 426092,
  "train_time_s": 998.1,
  "K_mean": 0.000406934559578076,
  "R_mean": 0.000203467279789038,
  "J_mean": 0.0001220803678734228
}