{
  "rho_mean": 0.04607564158737659,
  "rho_std": 0.00043774903334894624,
  "rho_min": 0.04460679367184639,
  "stability_rate": 100.0,
  "n_samples": 150,
  "model": "B-Hinf",
  "case_id": 118,
  "seed": 798,
  "epochs": 500,
  "n_params": 426092,
  "train_time_s": 584.1,
  "K_mean": 0.000406934559578076,
  "R_mean": 0.000203467279789038,
  "J_mean": 0.0001220803678734228
}