{
  "rho_mean": 0.04606814011931419,
  "rho_std": 0.00046508082941158877,
  "rho_min": 0.04444166272878647,
  "stability_rate": 100.0,
  "n_samples": 150,
  "model": "B-Hinf",
  "case_id": 118,
  "seed": 210,
  "epochs": 500,
  "n_params": 426092,
  "train_time_s": 976.4,
  "K_mean": 0.000406934559578076,
  "R_mean": 0.000203467279789038,
  "J_mean": 0.0001220803678734228
}