{
  "rho_mean": 0.026713822906215986,
  "rho_std": 0.00012196516512151092,
  "rho_min": 0.026339316740632057,
  "stability_rate": 100.0,
  "n_samples": 150,
  "model": "B-ROPF",
  "case_id": 118,
  "seed": 0,
  "epochs": 500,
  "n_params": 244844,
  "train_time_s": 1497.1,
  "K_mean": 0.000813869119156152,
  "R_mean": 0.0,
  "J_mean": 0.0
}