{
  "rho_mean": 0.026696949998537698,
  "rho_std": 0.0001250122115039882,
  "rho_min": 0.026427695527672768,
  "stability_rate": 100.0,
  "n_samples": 150,
  "model": "B-ROPF",
  "case_id": 118,
  "seed": 168,
  "epochs": 500,
  "n_params": 244844,
  "train_time_s": 1044.9,
  "K_mean": 0.000813869119156152,
  "R_mean": 0.0,
  "J_mean": 0.0
}