{
  "rho_mean": 0.026699662233392398,
  "rho_std": 0.0001196836814487724,
  "rho_min": 0.02636799030005932,
  "stability_rate": 100.0,
  "n_samples": 150,
  "model": "B-ROPF",
  "case_id": 118,
  "seed": 546,
  "epochs": 500,
  "n_params": 244844,
  "train_time_s": 779.2,
  "K_mean": 0.000813869119156152,
  "R_mean": 0.0,
  "J_mean": 0.0
}