{
  "rho_mean": 0.026705766469240187,
  "rho_std": 0.00010951848032090934,
  "rho_min": 0.026426637545228004,
  "stability_rate": 100.0,
  "n_samples": 150,
  "model": "B-ROPF",
  "case_id": 118,
  "seed": 210,
  "epochs": 500,
  "n_params": 244844,
  "train_time_s": 1025.9,
  "K_mean": 0.000813869119156152,
  "R_mean": 0.0,
  "J_mean": 0.0
}