{
  "rho_mean": 0.026682236964503923,
  "rho_std": 0.00010969086716348231,
  "rho_min": 0.02634231559932232,
  "stability_rate": 100.0,
  "n_samples": 150,
  "model": "B-ROPF",
  "case_id": 118,
  "seed": 798,
  "epochs": 500,
  "n_params": 244844,
  "train_time_s": 578.2,
  "K_mean": 0.000813869119156152,
  "R_mean": 0.0,
  "J_mean": 0.0
}