{
  "rho_mean": 0.026711514766017595,
  "rho_std": 0.00012196105545586956,
  "rho_min": 0.026385577395558357,
  "stability_rate": 100.0,
  "n_samples": 150,
  "model": "B-ROPF",
  "case_id": 118,
  "seed": 462,
  "epochs": 500,
  "n_params": 244844,
  "train_time_s": 925.7,
  "K_mean": 0.000813869119156152,
  "R_mean": 0.0,
  "J_mean": 0.0
}