{
  "rho_mean": 0.026716353744268416,
  "rho_std": 0.0001249816815666022,
  "rho_min": 0.026438137516379356,
  "stability_rate": 100.0,
  "n_samples": 150,
  "model": "B-ROPF",
  "case_id": 118,
  "seed": 756,
  "epochs": 500,
  "n_params": 244844,
  "train_time_s": 630.8,
  "K_mean": 0.000813869119156152,
  "R_mean": 0.0,
  "J_mean": 0.0
}