{
  "rho_mean": 0.026692598313093185,
  "rho_std": 0.00010493006213891225,
  "rho_min": 0.02638928033411503,
  "stability_rate": 100.0,
  "n_samples": 150,
  "model": "B-ROPF",
  "case_id": 118,
  "seed": 420,
  "epochs": 500,
  "n_params": 244844,
  "train_time_s": 984.7,
  "K_mean": 0.000813869119156152,
  "R_mean": 0.0,
  "J_mean": 0.0
}