{
  "rho_mean": 0.02670247808098793,
  "rho_std": 0.00013065134756725107,
  "rho_min": 0.02632603608071804,
  "stability_rate": 100.0,
  "n_samples": 150,
  "model": "B-ROPF",
  "case_id": 118,
  "seed": 672,
  "epochs": 500,
  "n_params": 244844,
  "train_time_s": 654.2,
  "K_mean": 0.000813869119156152,
  "R_mean": 0.0,
  "J_mean": 0.0
}