{
  "rho_mean": 0.026678375254074734,
  "rho_std": 0.00011783244427775984,
  "rho_min": 0.026258403435349464,
  "stability_rate": 100.0,
  "n_samples": 150,
  "model": "B-ROPF",
  "case_id": 118,
  "seed": 42,
  "epochs": 500,
  "n_params": 244844,
  "train_time_s": 1236.9,
  "K_mean": 0.000813869119156152,
  "R_mean": 0.0,
  "J_mean": 0.0
}