{
  "rho_mean": 0.026682573705911636,
  "rho_std": 0.00010874798428518742,
  "rho_min": 0.02638939954340458,
  "stability_rate": 100.0,
  "n_samples": 150,
  "model": "B-ROPF",
  "case_id": 118,
  "seed": 336,
  "epochs": 500,
  "n_params": 244844,
  "train_time_s": 1003.3,
  "K_mean": 0.000813869119156152,
  "R_mean": 0.0,
  "J_mean": 0.0
}