{
  "rho_mean": 0.02671723631521066,
  "rho_std": 0.00011509767587326262,
  "rho_min": 0.02638917602598667,
  "stability_rate": 100.0,
  "n_samples": 150,
  "model": "B-ROPF",
  "case_id": 118,
  "seed": 252,
  "epochs": 500,
  "n_params": 244844,
  "train_time_s": 983.1,
  "K_mean": 0.000813869119156152,
  "R_mean": 0.0,
  "J_mean": 0.0
}