{
  "rho_mean": 0.026694675087928773,
  "rho_std": 0.00012263591176737263,
  "rho_min": 0.026415960863232613,
  "stability_rate": 100.0,
  "n_samples": 150,
  "model": "B-ROPF",
  "case_id": 118,
  "seed": 84,
  "epochs": 500,
  "n_params": 244844,
  "train_time_s": 1096.3,
  "K_mean": 0.000813869119156152,
  "R_mean": 0.0,
  "J_mean": 0.0
}