{
  "rho_mean": 0.044618086541692414,
  "rho_std": 0.0005342765305285201,
  "rho_min": 0.04290042072534561,
  "stability_rate": 100.0,
  "n_samples": 150,
  "model": "B-SOPF",
  "case_id": 118,
  "seed": 798,
  "epochs": 500,
  "n_params": 244844,
  "train_time_s": 546.1,
  "K_mean": 0.000813869119156152,
  "R_mean": 0.0,
  "J_mean": 0.0
}