{
  "rho_mean": 0.04461102768778801,
  "rho_std": 0.0005522580869026299,
  "rho_min": 0.043043702840805054,
  "stability_rate": 100.0,
  "n_samples": 150,
  "model": "B-SOPF",
  "case_id": 118,
  "seed": 630,
  "epochs": 500,
  "n_params": 244844,
  "train_time_s": 699.7,
  "K_mean": 0.000813869119156152,
  "R_mean": 0.0,
  "J_mean": 0.0
}