{
  "rho_mean": 0.04461906207104524,
  "rho_std": 0.0005668192806399759,
  "rho_min": 0.042719580233097076,
  "stability_rate": 100.0,
  "n_samples": 150,
  "model": "B-SOPF",
  "case_id": 118,
  "seed": 210,
  "epochs": 500,
  "n_params": 244844,
  "train_time_s": 989.5,
  "K_mean": 0.000813869119156152,
  "R_mean": 0.0,
  "J_mean": 0.0
}