{
  "rho_mean": 0.044637162213524186,
  "rho_std": 0.0005292662260593765,
  "rho_min": 0.04309554025530815,
  "stability_rate": 100.0,
  "n_samples": 150,
  "model": "B-SOPF",
  "case_id": 118,
  "seed": 420,
  "epochs": 500,
  "n_params": 244844,
  "train_time_s": 997.9,
  "K_mean": 0.000813869119156152,
  "R_mean": 0.0,
  "J_mean": 0.0
}