{
  "rho_mean": 0.044639132618904113,
  "rho_std": 0.0005454242311086985,
  "rho_min": 0.04315454885363579,
  "stability_rate": 100.0,
  "n_samples": 150,
  "model": "B-SOPF",
  "case_id": 118,
  "seed": 462,
  "epochs": 500,
  "n_params": 244844,
  "train_time_s": 951.5,
  "K_mean": 0.000813869119156152,
  "R_mean": 0.0,
  "J_mean": 0.0
}