{
  "rho_mean": 0.04459766474862893,
  "rho_std": 0.0005618456702209611,
  "rho_min": 0.04292735457420349,
  "stability_rate": 100.0,
  "n_samples": 150,
  "model": "B-SOPF",
  "case_id": 118,
  "seed": 546,
  "epochs": 500,
  "n_params": 244844,
  "train_time_s": 804.5,
  "K_mean": 0.000813869119156152,
  "R_mean": 0.0,
  "J_mean": 0.0
}