{
  "rho_mean": 0.04463557278116544,
  "rho_std": 0.0004898811105734022,
  "rho_min": 0.04336457699537277,
  "stability_rate": 100.0,
  "n_samples": 150,
  "model": "B-SOPF",
  "case_id": 118,
  "seed": 252,
  "epochs": 500,
  "n_params": 244844,
  "train_time_s": 1005.0,
  "K_mean": 0.000813869119156152,
  "R_mean": 0.0,
  "J_mean": 0.0
}