{
  "rho_mean": 0.04461629060407479,
  "rho_std": 0.0005298303304106126,
  "rho_min": 0.042842522263526917,
  "stability_rate": 100.0,
  "n_samples": 150,
  "model": "B-SOPF",
  "case_id": 118,
  "seed": 756,
  "epochs": 500,
  "n_params": 244844,
  "train_time_s": 647.9,
  "K_mean": 0.000813869119156152,
  "R_mean": 0.0,
  "J_mean": 0.0
}