{
  "rho_mean": 0.044655229101578396,
  "rho_std": 0.0005018864844701498,
  "rho_min": 0.04342285543680191,
  "stability_rate": 100.0,
  "n_samples": 150,
  "model": "B-SOPF",
  "case_id": 118,
  "seed": 672,
  "epochs": 500,
  "n_params": 244844,
  "train_time_s": 683.3,
  "K_mean": 0.000813869119156152,
  "R_mean": 0.0,
  "J_mean": 0.0
}