{
  "rho_mean": 0.044673168162504835,
  "rho_std": 0.0005553996873755672,
  "rho_min": 0.04317735508084297,
  "stability_rate": 100.0,
  "n_samples": 150,
  "model": "B-SOPF",
  "case_id": 118,
  "seed": 294,
  "epochs": 500,
  "n_params": 244844,
  "train_time_s": 1017.7,
  "K_mean": 0.000813869119156152,
  "R_mean": 0.0,
  "J_mean": 0.0
}