{
  "rho_mean": 0.0445313278088967,
  "rho_std": 0.0005901443867690774,
  "rho_min": 0.04312916100025177,
  "stability_rate": 100.0,
  "n_samples": 150,
  "model": "B-SOPF",
  "case_id": 118,
  "seed": 336,
  "epochs": 500,
  "n_params": 244844,
  "train_time_s": 1046.0,
  "K_mean": 0.000813869119156152,
  "R_mean": 0.0,
  "J_mean": 0.0
}