{
  "rho_mean": 0.04461005498965581,
  "rho_std": 0.0005709556784094819,
  "rho_min": 0.04311197251081467,
  "stability_rate": 100.0,
  "n_samples": 150,
  "model": "B-SOPF",
  "case_id": 118,
  "seed": 0,
  "epochs": 500,
  "n_params": 244844,
  "train_time_s": 1484.1,
  "K_mean": 0.000813869119156152,
  "R_mean": 0.0,
  "J_mean": 0.0
}