{
  "rho_mean": 0.044632284740606945,
  "rho_std": 0.0005383300391195802,
  "rho_min": 0.04294397681951523,
  "stability_rate": 100.0,
  "n_samples": 150,
  "model": "B-SOPF",
  "case_id": 118,
  "seed": 126,
  "epochs": 500,
  "n_params": 244844,
  "train_time_s": 1082.1,
  "K_mean": 0.000813869119156152,
  "R_mean": 0.0,
  "J_mean": 0.0
}