{
  "rho_mean": 0.04803209200501442,
  "rho_std": 4.462343469218196e-05,
  "rho_min": 0.04791282117366791,
  "stability_rate": 100.0,
  "n_samples": 150,
  "model": "B10",
  "case_id": 118,
  "seed": 462,
  "epochs": 500,
  "n_params": 500697,
  "train_time_s": 876.2,
  "K_mean": 0.00029778009047731757,
  "R_mean": 0.0,
  "J_mean": 0.0
}