{
  "rho_mean": 0.048034240379929545,
  "rho_std": 4.210886023012184e-05,
  "rho_min": 0.04791421815752983,
  "stability_rate": 100.0,
  "n_samples": 150,
  "model": "B10",
  "case_id": 118,
  "seed": 252,
  "epochs": 500,
  "n_params": 500697,
  "train_time_s": 1307.9,
  "K_mean": 0.0002977591648232192,
  "R_mean": 0.0,
  "J_mean": 0.0
}