{
  "rho_mean": 0.0480259637037913,
  "rho_std": 4.486891432946196e-05,
  "rho_min": 0.04792400822043419,
  "stability_rate": 100.0,
  "n_samples": 150,
  "model": "B10",
  "case_id": 118,
  "seed": 84,
  "epochs": 500,
  "n_params": 500697,
  "train_time_s": 1540.2,
  "K_mean": 0.0002977674303110689,
  "R_mean": 0.0,
  "J_mean": 0.0
}