{
  "rho_mean": 0.048033877313137054,
  "rho_std": 4.5727834802744555e-05,
  "rho_min": 0.047932084649801254,
  "stability_rate": 100.0,
  "n_samples": 150,
  "model": "B10",
  "case_id": 118,
  "seed": 756,
  "epochs": 500,
  "n_params": 500697,
  "train_time_s": 522.6,
  "K_mean": 0.0002977744152303785,
  "R_mean": 0.0,
  "J_mean": 0.0
}