{
  "rho_mean": 0.04801995585362116,
  "rho_std": 4.311333568153357e-05,
  "rho_min": 0.04786630719900131,
  "stability_rate": 100.0,
  "n_samples": 150,
  "model": "B10",
  "case_id": 118,
  "seed": 42,
  "epochs": 500,
  "n_params": 500697,
  "train_time_s": 1645.1,
  "K_mean": 0.0002977844560518861,
  "R_mean": 0.0,
  "J_mean": 0.0
}