{
  "rho_mean": 0.048025210723280906,
  "rho_std": 3.838962248176076e-05,
  "rho_min": 0.04791424423456192,
  "stability_rate": 100.0,
  "n_samples": 150,
  "model": "B10",
  "case_id": 118,
  "seed": 420,
  "epochs": 500,
  "n_params": 500697,
  "train_time_s": 958.5,
  "K_mean": 0.0002977648691739887,
  "R_mean": 0.0,
  "J_mean": 0.0
}