{
  "rho_mean": 0.04802875816822052,
  "rho_std": 4.780498557407404e-05,
  "rho_min": 0.04789102077484131,
  "stability_rate": 100.0,
  "n_samples": 150,
  "model": "B10",
  "case_id": 118,
  "seed": 672,
  "epochs": 500,
  "n_params": 500697,
  "train_time_s": 531.2,
  "K_mean": 0.00029779045144096017,
  "R_mean": 0.0,
  "J_mean": 0.0
}