{
  "rho_mean": 0.048027367442846296,
  "rho_std": 4.4273990180707936e-05,
  "rho_min": 0.047881633043289185,
  "stability_rate": 100.0,
  "n_samples": 150,
  "model": "B10",
  "case_id": 118,
  "seed": 588,
  "epochs": 500,
  "n_params": 500697,
  "train_time_s": 726.8,
  "K_mean": 0.0002977676340378821,
  "R_mean": 0.0,
  "J_mean": 0.0
}