{
  "rho_mean": 0.048030013839403786,
  "rho_std": 4.006927623918828e-05,
  "rho_min": 0.04792789742350578,
  "stability_rate": 100.0,
  "n_samples": 150,
  "model": "B10",
  "case_id": 118,
  "seed": 210,
  "epochs": 500,
  "n_params": 500697,
  "train_time_s": 1365.5,
  "K_mean": 0.0002977708063554019,
  "R_mean": 0.0,
  "J_mean": 0.0
}