{
  "rho_mean": 0.04803288340568543,
  "rho_std": 4.488483151550823e-05,
  "rho_min": 0.047910239547491074,
  "stability_rate": 100.0,
  "n_samples": 150,
  "model": "B10",
  "case_id": 118,
  "seed": 630,
  "epochs": 500,
  "n_params": 500697,
  "train_time_s": 593.6,
  "K_mean": 0.0002977752301376313,
  "R_mean": 0.0,
  "J_mean": 0.0
}