{
  "rho_mean": 0.048032937298218406,
  "rho_std": 4.4624932141184354e-05,
  "rho_min": 0.047895919531583786,
  "stability_rate": 100.0,
  "n_samples": 150,
  "model": "B10",
  "case_id": 118,
  "seed": 0,
  "epochs": 500,
  "n_params": 500697,
  "train_time_s": 2053.3,
  "K_mean": 0.00029777956660836935,
  "R_mean": 0.0,
  "J_mean": 0.0
}