{
  "rho_mean": 0.04803128888209661,
  "rho_std": 4.98833285677656e-05,
  "rho_min": 0.04789045453071594,
  "stability_rate": 100.0,
  "n_samples": 150,
  "model": "B10",
  "case_id": 118,
  "seed": 294,
  "epochs": 500,
  "n_params": 500697,
  "train_time_s": 1301.6,
  "K_mean": 0.00029777901363559067,
  "R_mean": 0.0,
  "J_mean": 0.0
}