{
  "rho_mean": 0.03391692638397217,
  "rho_std": 0.0025643772042016344,
  "rho_min": 0.026260506361722946,
  "stability_rate": 100.0,
  "n_samples": 150,
  "model": "B11",
  "case_id": 118,
  "seed": 168,
  "epochs": 500,
  "n_params": 518054,
  "train_time_s": 1262.8,
  "K_mean": 0.0019147290149703622,
  "R_mean": 0.001148837385699153,
  "J_mean": 0.0007658915710635483
}