{
  "rho_mean": 0.034001432632406556,
  "rho_std": 0.002573009504466478,
  "rho_min": 0.026959968730807304,
  "stability_rate": 100.0,
  "n_samples": 150,
  "model": "B11",
  "case_id": 118,
  "seed": 714,
  "epochs": 500,
  "n_params": 518054,
  "train_time_s": 540.6,
  "K_mean": 0.0019147290149703622,
  "R_mean": 0.001148837385699153,
  "J_mean": 0.0007658915710635483
}