{
  "rho_mean": 0.034110082648694515,
  "rho_std": 0.0025414736529994946,
  "rho_min": 0.02700495347380638,
  "stability_rate": 100.0,
  "n_samples": 150,
  "model": "B11",
  "case_id": 118,
  "seed": 630,
  "epochs": 500,
  "n_params": 518054,
  "train_time_s": 720.7,
  "K_mean": 0.0019147290149703622,
  "R_mean": 0.001148837385699153,
  "J_mean": 0.0007658915710635483
}