{
  "rho_mean": 0.03383312097440163,
  "rho_std": 0.0026257978118089218,
  "rho_min": 0.02501112036406994,
  "stability_rate": 100.0,
  "n_samples": 150,
  "model": "B11",
  "case_id": 118,
  "seed": 84,
  "epochs": 500,
  "n_params": 518054,
  "train_time_s": 1400.0,
  "K_mean": 0.0019147290149703622,
  "R_mean": 0.001148837385699153,
  "J_mean": 0.0007658915710635483
}