{
  "rho_mean": 0.034412657183905446,
  "rho_std": 0.002542638849646161,
  "rho_min": 0.027237407863140106,
  "stability_rate": 100.0,
  "n_samples": 150,
  "model": "B11",
  "case_id": 118,
  "seed": 294,
  "epochs": 500,
  "n_params": 518054,
  "train_time_s": 1287.2,
  "K_mean": 0.0019147290149703622,
  "R_mean": 0.001148837385699153,
  "J_mean": 0.0007658915710635483
}