{
  "rho_mean": 0.03430972289294004,
  "rho_std": 0.002424721221498219,
  "rho_min": 0.026279667392373085,
  "stability_rate": 100.0,
  "n_samples": 150,
  "model": "B11",
  "case_id": 118,
  "seed": 588,
  "epochs": 500,
  "n_params": 518054,
  "train_time_s": 813.4,
  "K_mean": 0.0019147290149703622,
  "R_mean": 0.001148837385699153,
  "J_mean": 0.0007658915710635483
}