{
  "rho_mean": 0.03416641853749752,
  "rho_std": 0.0026251011766478013,
  "rho_min": 0.024749508127570152,
  "stability_rate": 100.0,
  "n_samples": 150,
  "model": "B11",
  "case_id": 118,
  "seed": 210,
  "epochs": 500,
  "n_params": 518054,
  "train_time_s": 1266.5,
  "K_mean": 0.0019147290149703622,
  "R_mean": 0.001148837385699153,
  "J_mean": 0.0007658915710635483
}