{
  "rho_mean": 0.033808170867462954,
  "rho_std": 0.002702930618735714,
  "rho_min": 0.027057791128754616,
  "stability_rate": 100.0,
  "n_samples": 150,
  "model": "B11",
  "case_id": 118,
  "seed": 336,
  "epochs": 500,
  "n_params": 518054,
  "train_time_s": 1238.9,
  "K_mean": 0.0019147290149703622,
  "R_mean": 0.001148837385699153,
  "J_mean": 0.0007658915710635483
}