{
  "rho_mean": 0.03434433059146007,
  "rho_std": 0.002277863713790658,
  "rho_min": 0.02837924286723137,
  "stability_rate": 100.0,
  "n_samples": 150,
  "model": "B11",
  "case_id": 118,
  "seed": 672,
  "epochs": 500,
  "n_params": 518054,
  "train_time_s": 572.0,
  "K_mean": 0.0019147290149703622,
  "R_mean": 0.001148837385699153,
  "J_mean": 0.0007658915710635483
}