{
  "rho_mean": 0.03412847055743138,
  "rho_std": 0.0024660669645600263,
  "rho_min": 0.026385940611362457,
  "stability_rate": 100.0,
  "n_samples": 150,
  "model": "B11",
  "case_id": 118,
  "seed": 756,
  "epochs": 500,
  "n_params": 518054,
  "train_time_s": 538.1,
  "K_mean": 0.0019147290149703622,
  "R_mean": 0.001148837385699153,
  "J_mean": 0.0007658915710635483
}