{
  "rho_mean": 0.03424733128398657,
  "rho_std": 0.0025199474511911177,
  "rho_min": 0.027481261640787125,
  "stability_rate": 100.0,
  "n_samples": 150,
  "model": "B11",
  "case_id": 118,
  "seed": 462,
  "epochs": 500,
  "n_params": 518054,
  "train_time_s": 959.9,
  "K_mean": 0.0019147290149703622,
  "R_mean": 0.001148837385699153,
  "J_mean": 0.0007658915710635483
}