{
  "rho_mean": 0.047923849746584896,
  "rho_std": 4.971522792648706e-05,
  "rho_min": 0.047802768647670746,
  "stability_rate": 100.0,
  "n_samples": 150,
  "model": "B12",
  "case_id": 118,
  "seed": 252,
  "epochs": 500,
  "n_params": 500696,
  "train_time_s": 1402.8,
  "K_mean": 0.0002977433323394507,
  "R_mean": 0.0,
  "J_mean": 0.0
}