{
  "rho_mean": 0.04792053078611692,
  "rho_std": 5.6412466492158095e-05,
  "rho_min": 0.04771513119339943,
  "stability_rate": 100.0,
  "n_samples": 150,
  "model": "B12",
  "case_id": 118,
  "seed": 0,
  "epochs": 500,
  "n_params": 500696,
  "train_time_s": 1919.0,
  "K_mean": 0.0002977675467263907,
  "R_mean": 0.0,
  "J_mean": 0.0
}