{
  "rho_mean": 0.047922650054097175,
  "rho_std": 5.366402681743306e-05,
  "rho_min": 0.047739602625370026,
  "stability_rate": 100.0,
  "n_samples": 150,
  "model": "B12",
  "case_id": 118,
  "seed": 756,
  "epochs": 500,
  "n_params": 500696,
  "train_time_s": 530.1,
  "K_mean": 0.0002977616968564689,
  "R_mean": 0.0,
  "J_mean": 0.0
}