{
  "rho_mean": 0.047921182091037434,
  "rho_std": 5.696691754261652e-05,
  "rho_min": 0.04775497689843178,
  "stability_rate": 100.0,
  "n_samples": 150,
  "model": "B12",
  "case_id": 118,
  "seed": 630,
  "epochs": 500,
  "n_params": 500696,
  "train_time_s": 612.9,
  "K_mean": 0.00029776585870422423,
  "R_mean": 0.0,
  "J_mean": 0.0
}