{
  "rho_mean": 0.047918630689382555,
  "rho_std": 5.265809158270265e-05,
  "rho_min": 0.04779611527919769,
  "stability_rate": 100.0,
  "n_samples": 150,
  "model": "B12",
  "case_id": 118,
  "seed": 210,
  "epochs": 500,
  "n_params": 500696,
  "train_time_s": 1393.8,
  "K_mean": 0.0002977524418383837,
  "R_mean": 0.0,
  "J_mean": 0.0
}