{
  "rho_mean": 0.047916133254766465,
  "rho_std": 5.393889853488783e-05,
  "rho_min": 0.047758933156728745,
  "stability_rate": 100.0,
  "n_samples": 150,
  "model": "B12",
  "case_id": 118,
  "seed": 126,
  "epochs": 500,
  "n_params": 500696,
  "train_time_s": 1374.6,
  "K_mean": 0.0002977742988150567,
  "R_mean": 0.0,
  "J_mean": 0.0
}