{
  "rho_mean": 0.04791354509691397,
  "rho_std": 5.5302148763695596e-05,
  "rho_min": 0.047780901193618774,
  "stability_rate": 100.0,
  "n_samples": 150,
  "model": "B12",
  "case_id": 118,
  "seed": 378,
  "epochs": 500,
  "n_params": 500696,
  "train_time_s": 1204.6,
  "K_mean": 0.00029776038718409836,
  "R_mean": 0.0,
  "J_mean": 0.0
}