{
  "rho_mean": 0.04792355438073476,
  "rho_std": 6.087456529909528e-05,
  "rho_min": 0.047766756266355515,
  "stability_rate": 100.0,
  "n_samples": 150,
  "model": "B12",
  "case_id": 118,
  "seed": 294,
  "epochs": 500,
  "n_params": 500696,
  "train_time_s": 1407.6,
  "K_mean": 0.00029776449082419276,
  "R_mean": 0.0,
  "J_mean": 0.0
}