{
  "rho_mean": 0.0479117409636577,
  "rho_std": 5.007621108248101e-05,
  "rho_min": 0.04778040573000908,
  "stability_rate": 100.0,
  "n_samples": 150,
  "model": "B12",
  "case_id": 118,
  "seed": 798,
  "epochs": 500,
  "n_params": 500696,
  "train_time_s": 472.8,
  "K_mean": 0.0002977525000460446,
  "R_mean": 0.0,
  "J_mean": 0.0
}