{
  "rho_mean": 0.04790584142009417,
  "rho_std": 5.746618353357133e-05,
  "rho_min": 0.047736745327711105,
  "stability_rate": 100.0,
  "n_samples": 150,
  "model": "B12",
  "case_id": 118,
  "seed": 42,
  "epochs": 500,
  "n_params": 500696,
  "train_time_s": 1546.9,
  "K_mean": 0.0002977701951749623,
  "R_mean": 0.0,
  "J_mean": 0.0
}