{
  "rho_mean": 0.04791811722020308,
  "rho_std": 4.935586756034517e-05,
  "rho_min": 0.04778793454170227,
  "stability_rate": 100.0,
  "n_samples": 150,
  "model": "B12",
  "case_id": 118,
  "seed": 714,
  "epochs": 500,
  "n_params": 500696,
  "train_time_s": 584.2,
  "K_mean": 0.00029775570146739483,
  "R_mean": 0.0,
  "J_mean": 0.0
}