{
  "rho_mean": 0.04791649090747038,
  "rho_std": 4.887722744958297e-05,
  "rho_min": 0.04777871072292328,
  "stability_rate": 100.0,
  "n_samples": 150,
  "model": "B12",
  "case_id": 118,
  "seed": 420,
  "epochs": 500,
  "n_params": 500696,
  "train_time_s": 1064.8,
  "K_mean": 0.0002977549156639725,
  "R_mean": 0.0,
  "J_mean": 0.0
}