{
  "rho_mean": 0.04791925517221292,
  "rho_std": 5.360880215310695e-05,
  "rho_min": 0.04775412753224373,
  "stability_rate": 100.0,
  "n_samples": 150,
  "model": "B12",
  "case_id": 118,
  "seed": 588,
  "epochs": 500,
  "n_params": 500696,
  "train_time_s": 756.2,
  "K_mean": 0.0002977499971166253,
  "R_mean": 0.0,
  "J_mean": 0.0
}