{
  "rho_mean": 0.04308112775286039,
  "rho_std": 0.00099658628614156,
  "rho_min": 0.04067960008978844,
  "stability_rate": 100.0,
  "n_samples": 150,
  "model": "Ours",
  "case_id": 118,
  "seed": 42,
  "epochs": 500,
  "n_params": 518216,
  "train_time_s": 1584.9,
  "K_mean": 0.0007046219543553889,
  "R_mean": 0.00044603453716263175,
  "J_mean": 0.0003165454254485667
}