{
  "rho_mean": 0.04307973640660445,
  "rho_std": 0.001049149780387136,
  "rho_min": 0.04046326130628586,
  "stability_rate": 100.0,
  "n_samples": 150,
  "model": "Ours",
  "case_id": 118,
  "seed": 336,
  "epochs": 500,
  "n_params": 518216,
  "train_time_s": 1350.6,
  "K_mean": 0.0007045565871521831,
  "R_mean": 0.0004460638447199017,
  "J_mean": 0.00031736362143419683
}