{
  "rho_mean": 0.043221723188956576,
  "rho_std": 0.0010194417709238355,
  "rho_min": 0.0395272821187973,
  "stability_rate": 100.0,
  "n_samples": 150,
  "model": "Ours",
  "case_id": 118,
  "seed": 210,
  "epochs": 500,
  "n_params": 518216,
  "train_time_s": 1465.5,
  "K_mean": 0.0007045913953334093,
  "R_mean": 0.00044576748041436076,
  "J_mean": 0.0003169576229993254
}