{
  "rho_mean": 0.04327553761502107,
  "rho_std": 0.0009412216850728614,
  "rho_min": 0.04015781357884407,
  "stability_rate": 100.0,
  "n_samples": 150,
  "model": "Ours",
  "case_id": 118,
  "seed": 588,
  "epochs": 500,
  "n_params": 518216,
  "train_time_s": 659.7,
  "K_mean": 0.0007045622915029526,
  "R_mean": 0.0004459190822672099,
  "J_mean": 0.00031603185925632715
}