{
  "rho_mean": 0.043256243666013085,
  "rho_std": 0.000948808004498901,
  "rho_min": 0.04019759222865105,
  "stability_rate": 100.0,
  "n_samples": 150,
  "model": "Ours",
  "case_id": 118,
  "seed": 126,
  "epochs": 500,
  "n_params": 518216,
  "train_time_s": 1416.1,
  "K_mean": 0.0007046822574920952,
  "R_mean": 0.0004456882015801966,
  "J_mean": 0.0003177712205797434
}