{
  "rho_mean": 0.043198203121622404,
  "rho_std": 0.001022273660299007,
  "rho_min": 0.0403825119137764,
  "stability_rate": 100.0,
  "n_samples": 150,
  "model": "Ours",
  "case_id": 118,
  "seed": 0,
  "epochs": 500,
  "n_params": 518216,
  "train_time_s": 2045.4,
  "K_mean": 0.0007046434911899269,
  "R_mean": 0.0004456464375834912,
  "J_mean": 0.0003164531954098493
}