{
  "rho_mean": 0.04325030716756979,
  "rho_std": 0.0009777225632228686,
  "rho_min": 0.04061631113290787,
  "stability_rate": 100.0,
  "n_samples": 150,
  "model": "Ours",
  "case_id": 118,
  "seed": 462,
  "epochs": 500,
  "n_params": 518216,
  "train_time_s": 1012.2,
  "K_mean": 0.0007046068203635514,
  "R_mean": 0.00044607798918150365,
  "J_mean": 0.00031705890432931483
}