{
  "rho_mean": 0.04323943980038166,
  "rho_std": 0.000963947798510309,
  "rho_min": 0.039996057748794556,
  "stability_rate": 100.0,
  "n_samples": 150,
  "model": "Ours",
  "case_id": 118,
  "seed": 798,
  "epochs": 500,
  "n_params": 518216,
  "train_time_s": 357.3,
  "K_mean": 0.0007045515812933445,
  "R_mean": 0.00044595051440410316,
  "J_mean": 0.0003174807643517852
}