{
  "rho_mean": 0.043205287729700406,
  "rho_std": 0.0009594256091660825,
  "rho_min": 0.040204863995313644,
  "stability_rate": 100.0,
  "n_samples": 150,
  "model": "Ours",
  "case_id": 118,
  "seed": 756,
  "epochs": 500,
  "n_params": 518216,
  "train_time_s": 417.4,
  "K_mean": 0.0007046212558634579,
  "R_mean": 0.000445583020336926,
  "J_mean": 0.0003170493873767555
}