{
  "rho_mean": 0.04328870462874571,
  "rho_std": 0.0008835174236857779,
  "rho_min": 0.0409722775220871,
  "stability_rate": 100.0,
  "n_samples": 150,
  "model": "Ours",
  "case_id": 118,
  "seed": 672,
  "epochs": 500,
  "n_params": 518216,
  "train_time_s": 634.6,
  "K_mean": 0.0007045637466944754,
  "R_mean": 0.00044606029405258596,
  "J_mean": 0.00031633800244890153
}