{
  "rho_mean": 0.04315787409742673,
  "rho_std": 0.0009984920194072867,
  "rho_min": 0.04043842852115631,
  "stability_rate": 100.0,
  "n_samples": 150,
  "model": "Ours",
  "case_id": 118,
  "seed": 714,
  "epochs": 500,
  "n_params": 518216,
  "train_time_s": 528.3,
  "K_mean": 0.0007046334794722497,
  "R_mean": 0.00044530967716127634,
  "J_mean": 0.00031749476329423487
}