{
  "rho_mean": 0.04326700910925865,
  "rho_std": 0.0009580251968276676,
  "rho_min": 0.04044346138834953,
  "stability_rate": 100.0,
  "n_samples": 150,
  "model": "Ours",
  "case_id": 118,
  "seed": 420,
  "epochs": 500,
  "n_params": 518216,
  "train_time_s": 1047.4,
  "K_mean": 0.0007045724196359515,
  "R_mean": 0.000445568875875324,
  "J_mean": 0.00031716268858872354
}