{
  "rho_mean": 0.043197305053472516,
  "rho_std": 0.0009867938333743503,
  "rho_min": 0.04041973128914833,
  "stability_rate": 100.0,
  "n_samples": 150,
  "model": "Ours",
  "case_id": 118,
  "seed": 630,
  "epochs": 500,
  "n_params": 518216,
  "train_time_s": 636.7,
  "K_mean": 0.0007045920938253403,
  "R_mean": 0.00044577685184776783,
  "J_mean": 0.0003173898730892688
}