{
  "rho_mean": 0.043313325121998786,
  "rho_std": 0.0009878649549727228,
  "rho_min": 0.04052072390913963,
  "stability_rate": 100.0,
  "n_samples": 150,
  "model": "Ours",
  "case_id": 118,
  "seed": 294,
  "epochs": 500,
  "n_params": 518216,
  "train_time_s": 1455.3,
  "K_mean": 0.00070460099959746,
  "R_mean": 0.00044607158633880317,
  "J_mean": 0.00031736018718220294
}