{
  "rho_mean": 0.043095759799083075,
  "rho_std": 0.0010198595067137618,
  "rho_min": 0.039680466055870056,
  "stability_rate": 100.0,
  "n_samples": 150,
  "model": "Ours",
  "case_id": 118,
  "seed": 84,
  "epochs": 500,
  "n_params": 518216,
  "train_time_s": 1563.1,
  "K_mean": 0.0007045906968414783,
  "R_mean": 0.00044550688471645117,
  "J_mean": 0.0003159528714604676
}