{
  "rho_mean": 0.043239068761467936,
  "rho_std": 0.0008839399497022593,
  "rho_min": 0.04072253778576851,
  "stability_rate": 100.0,
  "n_samples": 150,
  "model": "Ours",
  "case_id": 118,
  "seed": 252,
  "epochs": 500,
  "n_params": 518216,
  "train_time_s": 1489.8,
  "K_mean": 0.0007045847014524043,
  "R_mean": 0.00044575310312211514,
  "J_mean": 0.0003168054099660367
}