{
  "rho_mean": 0.0431878579656283,
  "rho_std": 0.0010161471391521397,
  "rho_min": 0.040212564170360565,
  "stability_rate": 100.0,
  "n_samples": 150,
  "model": "Ours",
  "case_id": 118,
  "seed": 546,
  "epochs": 500,
  "n_params": 518216,
  "train_time_s": 815.0,
  "K_mean": 0.0007046147366054356,
  "R_mean": 0.0004456664028111845,
  "J_mean": 0.0003166325332131237
}