{
  "rho_mean": 0.043125477209687235,
  "rho_std": 0.0009944557965090206,
  "rho_min": 0.040152497589588165,
  "stability_rate": 100.0,
  "n_samples": 150,
  "model": "Ours",
  "case_id": 118,
  "seed": 168,
  "epochs": 500,
  "n_params": 518216,
  "train_time_s": 1480.4,
  "K_mean": 0.0007045948295854032,
  "R_mean": 0.00044555478962138295,
  "J_mean": 0.0003172603901475668
}