{
  "rho_mean": 0.043092212975025176,
  "rho_std": 0.001055323566799949,
  "rho_min": 0.04032135009765625,
  "stability_rate": 100.0,
  "n_samples": 150,
  "model": "Ours",
  "case_id": 118,
  "seed": 378,
  "epochs": 500,
  "n_params": 518216,
  "train_time_s": 1195.7,
  "K_mean": 0.0007045738166198134,
  "R_mean": 0.00044590284232981503,
  "J_mean": 0.00031570662395097315
}