{
  "rho_mean": 0.04322905215124289,
  "rho_std": 0.0009748347593569437,
  "rho_min": 0.04027939587831497,
  "stability_rate": 100.0,
  "n_samples": 150,
  "model": "Ours",
  "case_id": 118,
  "seed": 504,
  "epochs": 500,
  "n_params": 518216,
  "train_time_s": 945.6,
  "K_mean": 0.0007045302190817893,
  "R_mean": 0.0004462634678930044,
  "J_mean": 0.00031605432741343975
}