{
  "mild": {
    "tier": {
      "name": "mild",
      "p": 0.05,
      "sigma_j": 20.0
    },
    "models": {
      "B10": {
        "rho_mean": 0.06672713140646616,
        "rho_std": 0.00017074834613595158,
        "rho_min": 0.05895227566361427,
        "stability_rate": 100.0,
        "n_unstable": 0,
        "K_mean": 0.00016740821592975408,
        "R_mean": 0.0,
        "J_mean": 0.0,
        "n_params": 197824
      },
      "B11": {
        "rho_mean": 0.04834324955940247,
        "rho_std": 0.0006563413189724088,
        "rho_min": 0.031167559325695038,
        "stability_rate": 100.0,
        "n_unstable": 0,
        "K_mean": 0.0005370781291276217,
        "R_mean": 0.0003222468658350408,
        "J_mean": 0.00021483124874066561,
        "n_params": 204339
      },
      "B12": {
        "rho_mean": 0.06641492972771326,
        "rho_std": 0.0001707294286461547,
        "rho_min": 0.058953385800123215,
        "stability_rate": 100.0,
        "n_unstable": 0,
        "K_mean": 0.00016738969134166837,
        "R_mean": 0.0,
        "J_mean": 0.0,
        "n_params": 197824
      },
      "B-ROPF": {
        "rho_mean": 0.03773843179146449,
        "rho_std": 0.0002328437549294904,
        "rho_min": 0.055300451815128326,
        "stability_rate": 100.0,
        "n_unstable": 0,
        "K_mean": 0.0002282888744957745,
        "R_mean": 0.0,
        "J_mean": 0.0,
        "n_params": 2622496
      },
      "B-SOPF": {
        "rho_mean": 0.06305949668089549,
        "rho_std": 0.0002328437549294904,
        "rho_min": 0.055300451815128326,
        "stability_rate": 100.0,
        "n_unstable": 0,
        "K_mean": 0.0002282888744957745,
        "R_mean": 0.0,
        "J_mean": 0.0,
        "n_params": 2622496
      },
      "B-Hinf": {
        "rho_mean": 0.06510286470254262,
        "rho_std": 0.00013361673336476088,
        "rho_min": 0.061165157705545425,
        "stability_rate": 100.0,
        "n_unstable": 0,
        "K_mean": 0.00011414443724788725,
        "R_mean": 5.707221862394363e-05,
        "J_mean": 3.424333408474922e-05,
        "n_params": 5522464
      },
      "Ours": {
        "rho_mean": 0.05365577215949694,
        "rho_std": 0.0004840108740609139,
        "rho_min": 0.0411447174847126,
        "stability_rate": 100.0,
        "n_unstable": 0,
        "K_mean": 0.0003944137424696237,
        "R_mean": 0.0002403304970357567,
        "J_mean": 0.000163423377671279,
        "n_params": 205155
      }
    }
  },
  "moderate": {
    "tier": {
      "name": "moderate",
      "p": 0.15,
      "sigma_j": 50.0
    },
    "models": {
      "B10": {
        "rho_mean": 0.06672713140646616,
        "rho_std": 0.00017074834613595158,
        "rho_min": 0.05895227566361427,
        "stability_rate": 100.0,
        "n_unstable": 0,
        "K_mean": 0.00016740821592975408,
        "R_mean": 0.0,
        "J_mean": 0.0,
        "n_params": 197824
      },
      "B11": {
        "rho_mean": 0.04834324955940247,
        "rho_std": 0.0008905379218049347,
        "rho_min": 0.017255201935768127,
        "stability_rate": 100.0,
        "n_unstable": 0,
        "K_mean": 0.0005370781291276217,
        "R_mean": 0.0003222468658350408,
        "J_mean": 0.00021483124874066561,
        "n_params": 204339
      },
      "B12": {
        "rho_mean": 0.06641492972771326,
        "rho_std": 0.0001707294286461547,
        "rho_min": 0.058953385800123215,
        "stability_rate": 100.0,
        "n_unstable": 0,
        "K_mean": 0.00016738969134166837,
        "R_mean": 0.0,
        "J_mean": 0.0,
        "n_params": 197824
      },
      "B-ROPF": {
        "rho_mean": 0.03773843179146449,
        "rho_std": 0.0002328437549294904,
        "rho_min": 0.055300451815128326,
        "stability_rate": 100.0,
        "n_unstable": 0,
        "K_mean": 0.0002282888744957745,
        "R_mean": 0.0,
        "J_mean": 0.0,
        "n_params": 2622496
      },
      "B-SOPF": {
        "rho_mean": 0.06305949668089549,
        "rho_std": 0.0002328437549294904,
        "rho_min": 0.055300451815128326,
        "stability_rate": 100.0,
        "n_unstable": 0,
        "K_mean": 0.0002282888744957745,
        "R_mean": 0.0,
        "J_mean": 0.0,
        "n_params": 2622496
      },
      "B-Hinf": {
        "rho_mean": 0.06510286470254262,
        "rho_std": 0.00017066542932298034,
        "rho_min": 0.058740779757499695,
        "stability_rate": 100.0,
        "n_unstable": 0,
        "K_mean": 0.00011414443724788725,
        "R_mean": 5.707221862394363e-05,
        "J_mean": 3.424333408474922e-05,
        "n_params": 5522464
      },
      "Ours": {
        "rho_mean": 0.05365577215949694,
        "rho_std": 0.0006604013033211231,
        "rho_min": 0.03073962777853012,
        "stability_rate": 100.0,
        "n_unstable": 0,
        "K_mean": 0.0003944137424696237,
        "R_mean": 0.0002403304970357567,
        "J_mean": 0.000163423377671279,
        "n_params": 205155
      }
    }
  },
  "stressed": {
    "tier": {
      "name": "stressed",
      "p": 0.25,
      "sigma_j": 100.0
    },
    "models": {
      "B10": {
        "rho_mean": 0.06672713140646616,
        "rho_std": 0.00017074834613595158,
        "rho_min": 0.05895227566361427,
        "stability_rate": 100.0,
        "n_unstable": 0,
        "K_mean": 0.00016740821592975408,
        "R_mean": 0.0,
        "J_mean": 0.0,
        "n_params": 197824
      },
      "B11": {
        "rho_mean": 0.04834324955940247,
        "rho_std": 0.0013034300645813346,
        "rho_min": -0.004913565702736378,
        "stability_rate": 23.400000000000002,
        "n_unstable": 766,
        "K_mean": 0.0005370781291276217,
        "R_mean": 0.0003222468658350408,
        "J_mean": 0.00021483124874066561,
        "n_params": 204339
      },
      "B12": {
        "rho_mean": 0.06641492972771326,
        "rho_std": 0.0001707294286461547,
        "rho_min": 0.058953385800123215,
        "stability_rate": 100.0,
        "n_unstable": 0,
        "K_mean": 0.00016738969134166837,
        "R_mean": 0.0,
        "J_mean": 0.0,
        "n_params": 197824
      },
      "B-ROPF": {
        "rho_mean": 0.03773843179146449,
        "rho_std": 0.0002328437549294904,
        "rho_min": 0.055300451815128326,
        "stability_rate": 100.0,
        "n_unstable": 0,
        "K_mean": 0.0002282888744957745,
        "R_mean": 0.0,
        "J_mean": 0.0,
        "n_params": 2622496
      },
      "B-SOPF": {
        "rho_mean": 0.06305949668089549,
        "rho_std": 0.0002328437549294904,
        "rho_min": 0.055300451815128326,
        "stability_rate": 100.0,
        "n_unstable": 0,
        "K_mean": 0.0002282888744957745,
        "R_mean": 0.0,
        "J_mean": 0.0,
        "n_params": 2622496
      },
      "B-Hinf": {
        "rho_mean": 0.06510286470254262,
        "rho_std": 0.00023676334240008146,
        "rho_min": 0.05493292212486267,
        "stability_rate": 100.0,
        "n_unstable": 0,
        "K_mean": 0.00011414443724788725,
        "R_mean": 5.707221862394363e-05,
        "J_mean": 3.424333408474922e-05,
        "n_params": 5522464
      },
      "Ours": {
        "rho_mean": 0.05365577215949694,
        "rho_std": 0.0009723079856485128,
        "rho_min": 0.014111370779573917,
        "stability_rate": 100.0,
        "n_unstable": 0,
        "K_mean": 0.0003944137424696237,
        "R_mean": 0.0002403304970357567,
        "J_mean": 0.000163423377671279,
        "n_params": 205155
      }
    }
  },
  "severe": {
    "tier": {
      "name": "severe",
      "p": 0.35,
      "sigma_j": 150.0
    },
    "models": {
      "B10": {
        "rho_mean": 0.06672713140646616,
        "rho_std": 0.00017074834613595158,
        "rho_min": 0.05895227566361427,
        "stability_rate": 100.0,
        "n_unstable": 0,
        "K_mean": 0.00016740821592975408,
        "R_mean": 0.0,
        "J_mean": 0.0,
        "n_params": 197824
      },
      "B11": {
        "rho_mean": 0.04834324955940247,