{
  "case_id": 300,
  "seed": 42,
  "rho_b10_mean": 0.05738345702489217,
  "rho_ours_mean": 0.05165818822880586,
  "safety_overestimation_pct_mean": 11.130126023452739,
  "safety_overestimation_pct_max": 18.487898596036008,
  "false_safety_rate_pct": 0.0,
  "vulnerability_index": [
    0.0007073241285979748,
    0.0007130558951757848,
    0.0007213465869426727,
    0.0007196650258265436,
    0.0007096873596310616,
    0.0007102477829903364,
    0.0007071917643770576,
    0.0007091987645253539,
    0.0007125925039872527,
    0.0007125691045075655,
    0.0006992332055233419,
    0.0007143772672861814,
    0.000716363254468888,
    0.000714131339918822,
    0.0007131504826247692,
    0.0007176360813900828,
    0.0007068336708471179,
    0.0007137150969356298,
    0.0007116353954188526,
    0.000704905716702342,
    0.0007040624041110277,
    0.0007202605484053493,
    0.0007148693548515439,
    0.0007058876799419522,
    0.0007065879763104022,
    0.0007311422377824783,
    0.0007053997833281755,
    0.0007191583281382918,
    0.0007161109242588282,
    0.0007231129566207528,
    0.0007146765710785985,
    0.0007022961508482695,
    0.0007139097433537245,
    0.0007171728648245335,
    0.000710048945620656,
    0.0007043990772217512,
    0.0007252863724716008,
    0.0007091261213645339,
    0.000707475352101028,
    0.000707984552718699,
    0.000719358678907156,
    0.0007116459892131388,
    0.0007135617779567838,
    0.0007119491929188371,
    0.0007115015760064125,
    0.0007114271284081042,
    0.0007216478697955608,
    0.0007148596341721714,
    0.0007181643159128726,
    0.0007158124935813248,
    0.000703686207998544,
    0.0007109749130904675,
    0.0007235161028802395,
    0.0007120908703655005,
    0.0007070624269545078,
    0.0007210335461422801,
    0.0007127913413569331,
    0.0007121702074073255,
    0.0007062186487019062,
    0.0007250026101246476,
    0.0007135169580578804,
    0.0007180856773629785,
    0.0007123834802769125,
    0.0007219744147732854,
    0.0007193897035904229,
    0.0007150322780944407,
    0.0007150897290557623,
    0.0007191651966422796,
    0.0007067646365612745
  ],
  "vulnerability_max_gen": 25,
  "K_final": [
    0.0006602026987820864,
    0.0006602983339689672,
    0.0006605849484913051,
    0.0006603880901820958,
    0.0006604047957807779,
    0.000660336168948561,
    0.0006604174268431962,
    0.0006606268580071628,
    0.0006603720830753446,
    0.000660337449517101,
    0.000660474062897265,
    0.0006606180686503649,
    0.0006604139343835413,
    0.0006604447844438255,
    0.0006603461806662381,
    0.0006605424568988383,
    0.0006603298243135214,
    0.0006604806985706091,
    0.0006601349450647831,
    0.0006603950168937445,
    0.0006604649242945015,
    0.0006604416412301362,
    0.0006603241781704128,
    0.0006604117224924266,
    0.000660449848510325,
    0.0006604914087802172,
    0.0006603607325814664,
    0.0006601809291169047,
    0.0006606120150536299,
    0.0006602414068765938,
    0.0006603295914828777,
    0.0006604539230465889,
    0.0006603761576116085,
    0.0006605462403967977,
    0.0006602967623621225,
    0.0006603688816539943,
    0.0006606586393900216,
    0.0006604174268431962,
    0.0006604724912904203,
    0.0006602615467272699,
    0.0006605030503123999,
    0.000660301826428622,
    0.0006603985093533993,
    0.0006603877991437912,
    0.0006604683585464954,
    0.0006606369279325008,
    0.0006603185320273042,
    0.000660424935631454,
    0.0006603210349567235,
    0.0006604192894883454,
    0.0006603695219382644,
    0.0006603830843232572,
    0.0006603730143979192,
    0.0006602401263080537,
    0.0006604063673876226,
    0.0006603717338293791,
    0.0006602014182135463,
    0.0006604369264096022,
    0.0006605052622035146,
    0.0006604174268431962,
    0.0006605458911508322,
    0.000660315970890224,
    0.0006604797672480345,
    0.0006603392539545894,
    0.000660223129671067,
    0.0006605673115700483,
    0.0006603934452868998,
    0.0006604384980164468,
    0.0006605040398426354
  ],
  "R_final": [
    0.0004176478541921824,
    0.0004170074826106429,
    0.00041567301377654076,
    0.0004154011548962444,
    0.0004145503044128418,
    0.00041793991113081574,
    0.00041516669443808496,
    0.0004147921281401068,
    0.00041428589611314237,
    0.0004193694912828505,
    0.0004152619221713394,
    0.00041828962275758386,
    0.0004165027348790318,
    0.0004175989015493542,
    0.00041645311284810305,
    0.0004174304776825011,
    0.0004168295708950609,
    0.0004157275252509862,
    0.0004153554036747664,
    0.00041712800157256424,
    0.00041801485349424183,
    0.0004161527322139591,
    0.00041743821930140257,
    0.00041323923505842686,
    0.00041506378329358995,
    0.00041971076279878616,
    0.00041489992872811854,
    0.0004206143494229764,
    0.0004191681800875813,
    0.00041540255188010633,
    0.0004151395696680993,
    0.0004138388903811574,
    0.0004176116199232638,
    0.00041657104156911373,
    0.0004175745998509228,
    0.0004161684191785753,
    0.0004163153062108904,
    0.0004141683748457581,
    0.0004147822328377515,
    0.0004139855154789984,
    0.0004206247685942799,
    0.0004161219985689968,
    0.0004171178734395653,
    0.00041735463310033083,
    0.00041520572267472744,
    0.0004181103431619704,
    0.0004191335756331682,
    0.00041670375503599644,
    0.0004185647703707218,
    0.0004164822748862207,
    0.0004155608476139605,
    0.000415172049542889,
    0.0004186230362392962,
    0.0004153912595938891,
    0.00041577446972951293,
    0.000415727321524173,
    0.0004166844883002341,
    0.00041555686038918793,
    0.00041434395825490355,
    0.0004174089408479631,
    0.00041661097202450037,
    0.0004183261189609766,
    0.0004136301577091217,
    0.0004158962401561439,
    0.0004176329530309886,
    0.00041501212399452925,
    0.0004164836718700826,
    0.0004187628219369799,
    0.00041422247886657715
  ],
  "J_final": [
    0.00028967627440579236,
    0.0002960484125651419,
    0.000305673573166132,
    0.00030426387093029916,
    0.0002951370261143893,
    0.0002923078718595207,
    0.0002920250699389726,
    0.00029440666548907757,
    0.00029830660787411034,
    0.000293199613224715,
    0.0002839712833520025,
    0.0002960876445285976,
    0.00029986051958985627,
    0.00029653243836946785,
    0.0002966973406728357,
    0.00030020560370758176,
    0.00029000407084822655,
    0.0002979876007884741,
    0.00029627999174408615,
    0.0002877777151297778,
    0.00028604757972061634,
    0.00030410781619139016,
    0.0002974311064463109,
    0.00029264844488352537,
    0.0002915241930168122,
    0.00031143147498369217,
    0.000290499854600057,
    0.00029854397871531546,
    0.00029694277327507734,
    0.0003077104047406465,
    0.0002995370014104992,
    0.0002884572313632816,
    0.00029629809432663023,
    0.00030060182325541973,
    0.0002924743457697332,
    0.0002882306289393455,
    0.00030897106626071036,
    0.0002949577756226063,
    0.000292693090159446,
    0.0002939990081358701,
    0.00029873393941670656,
    0.00029552399064414203,
    0.00029644393362104893,
    0.0002945945889223367,
    0.0002962958242278546,
    0.0002933167852461338,
    0.00030251426505856216,
    0.0002981558791361749,
    0.00029959954554215074,
    0.0002993302186951041,
    0.0002881253603845835,
    0.00029580286354757845,
    0.00030489303753711283,
    0.00029669961077161133,
    0.00029128798632882535,
    0.0003053061955142766,
    0.00029610685305669904,
    0.0002966133470181376,
    0.0002918747195508331,
    0.0003075936692766845,
    0.0002969059569295496,
    0.0002997595875058323,
    0.00029875332256779075,
    0.0003060781746171415,
    0.0003017567505594343,
    0.00030002015409991145,
    0.0002986060571856797,
    0.0003004023456014693,
    0.0002925421285908669
  ]
}