{
  "K_only": {
    "rho_mean": 0.05606549397110939,
    "rho_std": 0.00010490380496885627,
    "rho_min": 0.05575845390558243,
    "stability_rate": 100.0,
    "K_mean": 0.0006597270257771015,
    "R_mean": 0.001074312487617135,
    "J_mean": 0.0007162083638831973,
    "mode": "K_only"
  },
  "K_R": {
    "rho_mean": 0.0521614270657301,
    "rho_std": 0.001001018697141324,
    "rho_min": 0.04892650619149208,
    "stability_rate": 100.0,
    "K_mean": 0.0006602438515983522,
    "R_mean": 0.0004162558470852673,
    "J_mean": 0.0007162083638831973,
    "mode": "K_R"
  },
  "full": {
    "rho_mean": 0.05165818822880586,
    "rho_std": 0.00105951193291376,
    "rho_min": 0.04848918691277504,
    "stability_rate": 100.0,
    "K_mean": 0.0006604058435186744,
    "R_mean": 0.0004164711863268167,
    "J_mean": 0.00029685787740163505,
    "mode": "full"
  },
  "safety_overestimation_pct": 8.53
}