{
  "K_only": {
    "rho_mean": 0.04691363252699375,
    "rho_std": 0.0001018395943197843,
    "rho_min": 0.0465506836771965,
    "stability_rate": 100.0,
    "K_mean": 0.0007034097798168659,
    "R_mean": 0.001148837385699153,
    "J_mean": 0.0007658915710635483,
    "mode": "K_only"
  },
  "K_R": {
    "rho_mean": 0.04349399052560329,
    "rho_std": 0.0009671394733650567,
    "rho_min": 0.041164666414260864,
    "stability_rate": 100.0,
    "K_mean": 0.000704397854860872,
    "R_mean": 0.0004456829046830535,
    "J_mean": 0.0007658915710635483,
    "mode": "K_R"
  },
  "full": {
    "rho_mean": 0.04308175005018711,
    "rho_std": 0.0009962709914577963,
    "rho_min": 0.040684860199689865,
    "stability_rate": 100.0,
    "K_mean": 0.0007046254468150437,
    "R_mean": 0.00044590752804651856,
    "J_mean": 0.0003166841925121844,
    "mode": "full"
  },
  "safety_overestimation_pct": 8.89
}