{
  "mild": {
    "tier": {
      "name": "mild",
      "p": 0.05,
      "sigma_j": 20.0
    },
    "models": {
      "B10": {
        "rho_mean": 0.04801995585362116,
        "rho_std": 0.0001427786482963711,
        "rho_min": 0.045000363141298294,
        "stability_rate": 100.0,
        "n_unstable": 0,
        "K_mean": 0.0002977844560518861,
        "R_mean": 0.0,
        "J_mean": 0.0,
        "n_params": 500697
      },
      "B11": {
        "rho_mean": 0.03381041241188844,
        "rho_std": 0.00100803654640913,
        "rho_min": 0.020109593868255615,
        "stability_rate": 100.0,
        "n_unstable": 0,
        "K_mean": 0.0019147290149703622,
        "R_mean": 0.001148837385699153,
        "J_mean": 0.0007658915710635483,
        "n_params": 518054
      },
      "B12": {
        "rho_mean": 0.04790584142009417,
        "rho_std": 0.00014277180889621377,
        "rho_min": 0.04500054568052292,
        "stability_rate": 100.0,
        "n_unstable": 0,
        "K_mean": 0.0002977701951749623,
        "R_mean": 0.0,
        "J_mean": 0.0,
        "n_params": 500696
      },
      "B-ROPF": {
        "rho_mean": 0.026678375254074734,
        "rho_std": 0.00039022567216306925,
        "rho_min": 0.038359567523002625,
        "stability_rate": 100.0,
        "n_unstable": 0,
        "K_mean": 0.000813869119156152,
        "R_mean": 0.0,
        "J_mean": 0.0,
        "n_params": 244844
      },
      "B-SOPF": {
        "rho_mean": 0.044529705022772155,
        "rho_std": 0.00039022567216306925,
        "rho_min": 0.038359567523002625,
        "stability_rate": 100.0,
        "n_unstable": 0,
        "K_mean": 0.000813869119156152,
        "R_mean": 0.0,
        "J_mean": 0.0,
        "n_params": 244844
      },
      "B-Hinf": {
        "rho_mean": 0.04600426283975442,
        "rho_std": 0.000207500095712021,
        "rho_min": 0.0428863987326622,
        "stability_rate": 100.0,
        "n_unstable": 0,
        "K_mean": 0.000406934559578076,
        "R_mean": 0.000203467279789038,
        "J_mean": 0.0001220803678734228,
        "n_params": 426092
      },
      "Ours": {
        "rho_mean": 0.04308112775286039,
        "rho_std": 0.0003752566408365965,
        "rho_min": 0.03816821426153183,
        "stability_rate": 100.0,
        "n_unstable": 0,
        "K_mean": 0.0007046219543553889,
        "R_mean": 0.00044603453716263175,
        "J_mean": 0.0003165454254485667,
        "n_params": 518216
      }
    }
  },
  "moderate": {
    "tier": {
      "name": "moderate",
      "p": 0.15,
      "sigma_j": 50.0
    },
    "models": {
      "B10": {
        "rho_mean": 0.04801995585362116,
        "rho_std": 0.0001427786482963711,
        "rho_min": 0.045000363141298294,
        "stability_rate": 100.0,
        "n_unstable": 0,
        "K_mean": 0.0002977844560518861,
        "R_mean": 0.0,
        "J_mean": 0.0,
        "n_params": 500697
      },
      "B11": {
        "rho_mean": 0.03381041241188844,
        "rho_std": 0.0014004982076585293,
        "rho_min": 0.009409094229340553,
        "stability_rate": 100.0,
        "n_unstable": 0,
        "K_mean": 0.0019147290149703622,
        "R_mean": 0.001148837385699153,
        "J_mean": 0.0007658915710635483,
        "n_params": 518054
      },
      "B12": {
        "rho_mean": 0.04790584142009417,
        "rho_std": 0.00014277180889621377,
        "rho_min": 0.04500054568052292,
        "stability_rate": 100.0,
        "n_unstable": 0,
        "K_mean": 0.0002977701951749623,
        "R_mean": 0.0,
        "J_mean": 0.0,
        "n_params": 500696
      },
      "B-ROPF": {
        "rho_mean": 0.026678375254074734,
        "rho_std": 0.00039022567216306925,
        "rho_min": 0.038359567523002625,
        "stability_rate": 100.0,
        "n_unstable": 0,
        "K_mean": 0.000813869119156152,
        "R_mean": 0.0,
        "J_mean": 0.0,
        "n_params": 244844
      },
      "B-SOPF": {
        "rho_mean": 0.044529705022772155,
        "rho_std": 0.00039022567216306925,
        "rho_min": 0.038359567523002625,
        "stability_rate": 100.0,
        "n_unstable": 0,
        "K_mean": 0.000813869119156152,
        "R_mean": 0.0,
        "J_mean": 0.0,
        "n_params": 244844
      },
      "B-Hinf": {
        "rho_mean": 0.04600426283975442,
        "rho_std": 0.0002699916949495673,
        "rho_min": 0.04108568653464317,
        "stability_rate": 100.0,
        "n_unstable": 0,
        "K_mean": 0.000406934559578076,
        "R_mean": 0.000203467279789038,
        "J_mean": 0.0001220803678734228,
        "n_params": 426092
      },
      "Ours": {
        "rho_mean": 0.04308112775286039,
        "rho_std": 0.0005326317041181028,
        "rho_min": 0.03393068537116051,
        "stability_rate": 100.0,
        "n_unstable": 0,
        "K_mean": 0.0007046219543553889,
        "R_mean": 0.00044603453716263175,
        "J_mean": 0.0003165454254485667,
        "n_params": 518216
      }
    }
  },
  "stressed": {
    "tier": {
      "name": "stressed",
      "p": 0.25,
      "sigma_j": 100.0
    },
    "models": {
      "B10": {
        "rho_mean": 0.04801995585362116,
        "rho_std": 0.0001427786482963711,
        "rho_min": 0.045000363141298294,
        "stability_rate": 100.0,
        "n_unstable": 0,
        "K_mean": 0.0002977844560518861,
        "R_mean": 0.0,
        "J_mean": 0.0,
        "n_params": 500697
      },
      "B11": {
        "rho_mean": 0.03381041241188844,
        "rho_std": 0.0020440719090402126,
        "rho_min": -0.007759565021842718,
        "stability_rate": 38.800000000000004,
        "n_unstable": 612,
        "K_mean": 0.0019147290149703622,
        "R_mean": 0.001148837385699153,
        "J_mean": 0.0007658915710635483,
        "n_params": 518054
      },
      "B12": {
        "rho_mean": 0.04790584142009417,
        "rho_std": 0.00014277180889621377,
        "rho_min": 0.04500054568052292,
        "stability_rate": 100.0,
        "n_unstable": 0,
        "K_mean": 0.0002977701951749623,
        "R_mean": 0.0,
        "J_mean": 0.0,
        "n_params": 500696
      },
      "B-ROPF": {
        "rho_mean": 0.026678375254074734,
        "rho_std": 0.00039022567216306925,
        "rho_min": 0.038359567523002625,
        "stability_rate": 100.0,
        "n_unstable": 0,
        "K_mean": 0.000813869119156152,
        "R_mean": 0.0,
        "J_mean": 0.0,
        "n_params": 244844
      },
      "B-SOPF": {
        "rho_mean": 0.044529705022772155,
        "rho_std": 0.00039022567216306925,
        "rho_min": 0.038359567523002625,
        "stability_rate": 100.0,
        "n_unstable": 0,
        "K_mean": 0.000813869119156152,
        "R_mean": 0.0,
        "J_mean": 0.0,
        "n_params": 244844
      },
      "B-Hinf": {
        "rho_mean": 0.04600426283975442,
        "rho_std": 0.00037404467002488673,
        "rho_min": 0.03809068724513054,
        "stability_rate": 100.0,
        "n_unstable": 0,
        "K_mean": 0.000406934559578076,
        "R_mean": 0.000203467279789038,
        "J_mean": 0.0001220803678734228,
        "n_params": 426092
      },
      "Ours": {
        "rho_mean": 0.04308112775286039,
        "rho_std": 0.0007924827514216304,
        "rho_min": 0.027158556506037712,
        "stability_rate": 100.0,
        "n_unstable": 0,
        "K_mean": 0.0007046219543553889,
        "R_mean": 0.00044603453716263175,
        "J_mean": 0.0003165454254485667,
        "n_params": 518216
      }
    }
  },
  "severe": {
    "tier": {
      "name": "severe",
      "p": 0.35,
      "sigma_j": 150.0
    },
    "models": {
      "B10": {
        "rho_mean": 0.04801995585362116,
        "rho_std": 0.0001427786482963711,
        "rho_min": 0.045000363141298294,
        "stability_rate": 100.0,
        "n_unstable": 0,
        "K_mean": 0.0002977844560518861,
        "R_mean": 0.0,
        "J_mean": 0.0,
        "n_params": 500697
      },
      "B11": {
        "rho_mean": 0.03381041241188844,
        "rho_std": 0.0030007483437657356,