{
  "rho_mean": 0.06510054975748063,
  "rho_std": 0.00029232161706720886,
  "rho_min": 0.06429857015609741,
  "stability_rate": 100.0,
  "n_samples": 75,
  "model": "B-Hinf",
  "case_id": 1888,
  "seed": 378,
  "epochs": 300,
  "n_params": 5522464,
  "train_time_s": 525.2,
  "K_mean": 0.00011414443724788725,
  "R_mean": 5.707221862394363e-05,
  "J_mean": 3.424333408474922e-05
}