{
  "rho_mean": 0.06496932407220204,
  "rho_std": 0.00028484714905806674,
  "rho_min": 0.06424073129892349,
  "stability_rate": 100.0,
  "n_samples": 75,
  "model": "B-Hinf",
  "case_id": 1888,
  "seed": 714,
  "epochs": 300,
  "n_params": 5522464,
  "train_time_s": 548.3,
  "K_mean": 0.00011414443724788725,
  "R_mean": 5.707221862394363e-05,
  "J_mean": 3.424333408474922e-05
}