{
  "rho_mean": 0.06506298333406449,
  "rho_std": 0.00031973565588705205,
  "rho_min": 0.06438437104225159,
  "stability_rate": 100.0,
  "n_samples": 75,
  "model": "B-Hinf",
  "case_id": 1888,
  "seed": 588,
  "epochs": 300,
  "n_params": 5522464,
  "train_time_s": 500.7,
  "K_mean": 0.00011414443724788725,
  "R_mean": 5.707221862394363e-05,
  "J_mean": 3.424333408474922e-05
}