{
  "rho_mean": 0.03773417929808299,
  "rho_std": 6.396274212829088e-05,
  "rho_min": 0.03756164014339447,
  "stability_rate": 100.0,
  "n_samples": 75,
  "model": "B-ROPF",
  "case_id": 1888,
  "seed": 798,
  "epochs": 300,
  "n_params": 2622496,
  "train_time_s": 493.9,
  "K_mean": 0.0002282888744957745,
  "R_mean": 0.0,
  "J_mean": 0.0
}