{
  "rho_mean": 0.03772131284077962,
  "rho_std": 7.141867338282472e-05,
  "rho_min": 0.03756426274776459,
  "stability_rate": 100.0,
  "n_samples": 75,
  "model": "B-ROPF",
  "case_id": 1888,
  "seed": 672,
  "epochs": 300,
  "n_params": 2622496,
  "train_time_s": 530.8,
  "K_mean": 0.0002282888744957745,
  "R_mean": 0.0,
  "J_mean": 0.0
}