{
  "rho_mean": 0.03771929581960042,
  "rho_std": 7.688831003505796e-05,
  "rho_min": 0.03748762607574463,
  "stability_rate": 100.0,
  "n_samples": 75,
  "model": "B-ROPF",
  "case_id": 1888,
  "seed": 336,
  "epochs": 300,
  "n_params": 2622496,
  "train_time_s": 531.5,
  "K_mean": 0.0002282888744957745,
  "R_mean": 0.0,
  "J_mean": 0.0
}