{
  "rho_mean": 0.03772977908452352,
  "rho_std": 7.857145009094236e-05,
  "rho_min": 0.037531107664108276,
  "stability_rate": 100.0,
  "n_samples": 75,
  "model": "B-ROPF",
  "case_id": 1888,
  "seed": 420,
  "epochs": 300,
  "n_params": 2622496,
  "train_time_s": 543.8,
  "K_mean": 0.0002282888744957745,
  "R_mean": 0.0,
  "J_mean": 0.0
}