{
  "rho_mean": 0.03771925747394562,
  "rho_std": 6.217687714705392e-05,
  "rho_min": 0.03754453361034393,
  "stability_rate": 100.0,
  "n_samples": 75,
  "model": "B-ROPF",
  "case_id": 1888,
  "seed": 756,
  "epochs": 300,
  "n_params": 2622496,
  "train_time_s": 546.2,
  "K_mean": 0.0002282888744957745,
  "R_mean": 0.0,
  "J_mean": 0.0
}