{
  "rho_mean": 0.03773789306481679,
  "rho_std": 7.314162401991721e-05,
  "rho_min": 0.03755423426628113,
  "stability_rate": 100.0,
  "n_samples": 75,
  "model": "B-ROPF",
  "case_id": 1888,
  "seed": 462,
  "epochs": 300,
  "n_params": 2622496,
  "train_time_s": 531.7,
  "K_mean": 0.0002282888744957745,
  "R_mean": 0.0,
  "J_mean": 0.0
}