{
  "rho_mean": 0.03773152281840642,
  "rho_std": 6.874229726663304e-05,
  "rho_min": 0.037552058696746826,
  "stability_rate": 100.0,
  "n_samples": 75,
  "model": "B-ROPF",
  "case_id": 1888,
  "seed": 504,
  "epochs": 300,
  "n_params": 2622496,
  "train_time_s": 524.7,
  "K_mean": 0.0002282888744957745,
  "R_mean": 0.0,
  "J_mean": 0.0
}