{
  "rho_mean": 0.037722566525141395,
  "rho_std": 6.340623273370817e-05,
  "rho_min": 0.03754418343305588,
  "stability_rate": 100.0,
  "n_samples": 75,
  "model": "B-ROPF",
  "case_id": 1888,
  "seed": 714,
  "epochs": 300,
  "n_params": 2622496,
  "train_time_s": 528.1,
  "K_mean": 0.0002282888744957745,
  "R_mean": 0.0,
  "J_mean": 0.0
}