{
  "rho_mean": 0.03771941920121511,
  "rho_std": 7.549376461928746e-05,
  "rho_min": 0.03750672936439514,
  "stability_rate": 100.0,
  "n_samples": 75,
  "model": "B-ROPF",
  "case_id": 1888,
  "seed": 546,
  "epochs": 300,
  "n_params": 2622496,
  "train_time_s": 533.6,
  "K_mean": 0.0002282888744957745,
  "R_mean": 0.0,
  "J_mean": 0.0
}