{
  "rho_mean": 0.03773815184831619,
  "rho_std": 6.857147939695184e-05,
  "rho_min": 0.03755473345518112,
  "stability_rate": 100.0,
  "n_samples": 75,
  "model": "B-ROPF",
  "case_id": 1888,
  "seed": 378,
  "epochs": 300,
  "n_params": 2622496,
  "train_time_s": 520.2,
  "K_mean": 0.0002282888744957745,
  "R_mean": 0.0,
  "J_mean": 0.0
}