{
  "rho_mean": 0.03772458811601003,
  "rho_std": 7.498120604763256e-05,
  "rho_min": 0.03749120980501175,
  "stability_rate": 100.0,
  "n_samples": 75,
  "model": "B-ROPF",
  "case_id": 1888,
  "seed": 168,
  "epochs": 300,
  "n_params": 2622496,
  "train_time_s": 580.3,
  "K_mean": 0.0002282888744957745,
  "R_mean": 0.0,
  "J_mean": 0.0
}