{
  "rho_mean": 0.037695566018422444,
  "rho_std": 6.956462458891588e-05,
  "rho_min": 0.03754091262817383,
  "stability_rate": 100.0,
  "n_samples": 75,
  "model": "B-ROPF",
  "case_id": 1888,
  "seed": 588,
  "epochs": 300,
  "n_params": 2622496,
  "train_time_s": 537.4,
  "K_mean": 0.0002282888744957745,
  "R_mean": 0.0,
  "J_mean": 0.0
}