{
  "rho_mean": 0.03773843179146449,
  "rho_std": 7.921734573881924e-05,
  "rho_min": 0.03746183216571808,
  "stability_rate": 100.0,
  "n_samples": 75,
  "model": "B-ROPF",
  "case_id": 1888,
  "seed": 42,
  "epochs": 300,
  "n_params": 2622496,
  "train_time_s": 714.5,
  "K_mean": 0.0002282888744957745,
  "R_mean": 0.0,
  "J_mean": 0.0
}