{
  "rho_mean": 0.03771866222222646,
  "rho_std": 7.512551813515714e-05,
  "rho_min": 0.03756384551525116,
  "stability_rate": 100.0,
  "n_samples": 75,
  "model": "B-ROPF",
  "case_id": 1888,
  "seed": 252,
  "epochs": 300,
  "n_params": 2622496,
  "train_time_s": 572.3,
  "K_mean": 0.0002282888744957745,
  "R_mean": 0.0,
  "J_mean": 0.0
}