{
  "rho_mean": 0.037719738880793253,
  "rho_std": 6.713683107099921e-05,
  "rho_min": 0.03756742924451828,
  "stability_rate": 100.0,
  "n_samples": 75,
  "model": "B-ROPF",
  "case_id": 1888,
  "seed": 210,
  "epochs": 300,
  "n_params": 2622496,
  "train_time_s": 611.8,
  "K_mean": 0.0002282888744957745,
  "R_mean": 0.0,
  "J_mean": 0.0
}