{
  "rho_mean": 0.037730583349863685,
  "rho_std": 7.525655072049548e-05,
  "rho_min": 0.03754454851150513,
  "stability_rate": 100.0,
  "n_samples": 75,
  "model": "B-ROPF",
  "case_id": 1888,
  "seed": 294,
  "epochs": 300,
  "n_params": 2622496,
  "train_time_s": 547.7,
  "K_mean": 0.0002282888744957745,
  "R_mean": 0.0,
  "J_mean": 0.0
}