{
  "rho_mean": 0.03773090054591497,
  "rho_std": 8.810501036606972e-05,
  "rho_min": 0.03752943128347397,
  "stability_rate": 100.0,
  "n_samples": 75,
  "model": "B-ROPF",
  "case_id": 1888,
  "seed": 126,
  "epochs": 300,
  "n_params": 2622496,
  "train_time_s": 603.9,
  "K_mean": 0.0002282888744957745,
  "R_mean": 0.0,
  "J_mean": 0.0
}