{
  "rho_mean": 0.03771628777186076,
  "rho_std": 7.21470386018674e-05,
  "rho_min": 0.037523336708545685,
  "stability_rate": 100.0,
  "n_samples": 75,
  "model": "B-ROPF",
  "case_id": 1888,
  "seed": 0,
  "epochs": 300,
  "n_params": 2622496,
  "train_time_s": 694.9,
  "K_mean": 0.0002282888744957745,
  "R_mean": 0.0,
  "J_mean": 0.0
}