{
  "rho_mean": 0.03770734657843908,
  "rho_std": 8.280072110098622e-05,
  "rho_min": 0.03750297427177429,
  "stability_rate": 100.0,
  "n_samples": 75,
  "model": "B-ROPF",
  "case_id": 1888,
  "seed": 630,
  "epochs": 300,
  "n_params": 2622496,
  "train_time_s": 544.6,
  "K_mean": 0.0002282888744957745,
  "R_mean": 0.0,
  "J_mean": 0.0
}