{
  "rho_mean": 0.06301796446243922,
  "rho_std": 0.0003335720374713337,
  "rho_min": 0.0623362734913826,
  "stability_rate": 100.0,
  "n_samples": 75,
  "model": "B-SOPF",
  "case_id": 1888,
  "seed": 630,
  "epochs": 300,
  "n_params": 2622496,
  "train_time_s": 532.1,
  "K_mean": 0.0002282888744957745,
  "R_mean": 0.0,
  "J_mean": 0.0
}