{
  "rho_mean": 0.0630676007270813,
  "rho_std": 0.00032917938842702804,
  "rho_min": 0.06226656585931778,
  "stability_rate": 100.0,
  "n_samples": 75,
  "model": "B-SOPF",
  "case_id": 1888,
  "seed": 252,
  "epochs": 300,
  "n_params": 2622496,
  "train_time_s": 544.7,
  "K_mean": 0.0002282888744957745,
  "R_mean": 0.0,
  "J_mean": 0.0
}