{
  "rho_mean": 0.06299097443620363,
  "rho_std": 0.0003625913998040792,
  "rho_min": 0.06223265826702118,
  "stability_rate": 100.0,
  "n_samples": 75,
  "model": "B-SOPF",
  "case_id": 1888,
  "seed": 546,
  "epochs": 300,
  "n_params": 2622496,
  "train_time_s": 539.2,
  "K_mean": 0.0002282888744957745,
  "R_mean": 0.0,
  "J_mean": 0.0
}