{
  "rho_mean": 0.0630725872516632,
  "rho_std": 0.00033360324536407034,
  "rho_min": 0.06233491376042366,
  "stability_rate": 100.0,
  "n_samples": 75,
  "model": "B-SOPF",
  "case_id": 1888,
  "seed": 504,
  "epochs": 300,
  "n_params": 2622496,
  "train_time_s": 527.4,
  "K_mean": 0.0002282888744957745,
  "R_mean": 0.0,
  "J_mean": 0.0
}