{
  "rho_mean": 0.06299478963017463,
  "rho_std": 0.0003899294472736714,
  "rho_min": 0.06211178004741669,
  "stability_rate": 100.0,
  "n_samples": 75,
  "model": "B-SOPF",
  "case_id": 1888,
  "seed": 588,
  "epochs": 300,
  "n_params": 2622496,
  "train_time_s": 537.0,
  "K_mean": 0.0002282888744957745,
  "R_mean": 0.0,
  "J_mean": 0.0
}