{
  "rho_mean": 0.0631037338078022,
  "rho_std": 0.0003055006857935036,
  "rho_min": 0.062456246465444565,
  "stability_rate": 100.0,
  "n_samples": 75,
  "model": "B-SOPF",
  "case_id": 1888,
  "seed": 210,
  "epochs": 300,
  "n_params": 2622496,
  "train_time_s": 590.4,
  "K_mean": 0.0002282888744957745,
  "R_mean": 0.0,
  "J_mean": 0.0
}