{
  "rho_mean": 0.06297031203905741,
  "rho_std": 0.0003742900982478033,
  "rho_min": 0.062052421271800995,
  "stability_rate": 100.0,
  "n_samples": 75,
  "model": "B-SOPF",
  "case_id": 1888,
  "seed": 798,
  "epochs": 300,
  "n_params": 2622496,
  "train_time_s": 519.7,
  "K_mean": 0.0002282888744957745,
  "R_mean": 0.0,
  "J_mean": 0.0
}