{
  "rho_mean": 0.06297715519865354,
  "rho_std": 0.0003290966655830196,
  "rho_min": 0.06190317124128342,
  "stability_rate": 100.0,
  "n_samples": 75,
  "model": "B-SOPF",
  "case_id": 1888,
  "seed": 462,
  "epochs": 300,
  "n_params": 2622496,
  "train_time_s": 564.9,
  "K_mean": 0.0002282888744957745,
  "R_mean": 0.0,
  "J_mean": 0.0
}