{
  "rho_mean": 0.06289247552553813,
  "rho_std": 0.0003439132766938285,
  "rho_min": 0.061993248760700226,
  "stability_rate": 100.0,
  "n_samples": 75,
  "model": "B-SOPF",
  "case_id": 1888,
  "seed": 714,
  "epochs": 300,
  "n_params": 2622496,
  "train_time_s": 528.3,
  "K_mean": 0.0002282888744957745,
  "R_mean": 0.0,
  "J_mean": 0.0
}