{
  "rho_mean": 0.06306441754102707,
  "rho_std": 0.00033690199449761584,
  "rho_min": 0.06232694536447525,
  "stability_rate": 100.0,
  "n_samples": 75,
  "model": "B-SOPF",
  "case_id": 1888,
  "seed": 756,
  "epochs": 300,
  "n_params": 2622496,
  "train_time_s": 534.4,
  "K_mean": 0.0002282888744957745,
  "R_mean": 0.0,
  "J_mean": 0.0
}