{
  "rho_mean": 0.06298402905464172,
  "rho_std": 0.00029697977497089264,
  "rho_min": 0.06217299401760101,
  "stability_rate": 100.0,
  "n_samples": 75,
  "model": "B-SOPF",
  "case_id": 1888,
  "seed": 84,
  "epochs": 300,
  "n_params": 2622496,
  "train_time_s": 690.9,
  "K_mean": 0.0002282888744957745,
  "R_mean": 0.0,
  "J_mean": 0.0
}