{
  "rho_mean": 0.0630182425181071,
  "rho_std": 0.00033802396842772073,
  "rho_min": 0.06230848282575607,
  "stability_rate": 100.0,
  "n_samples": 75,
  "model": "B-SOPF",
  "case_id": 1888,
  "seed": 0,
  "epochs": 300,
  "n_params": 2622496,
  "train_time_s": 792.7,
  "K_mean": 0.0002282888744957745,
  "R_mean": 0.0,
  "J_mean": 0.0
}