{
  "rho_mean": 0.06305949668089549,
  "rho_std": 0.0003759976954925798,
  "rho_min": 0.062166839838027954,
  "stability_rate": 100.0,
  "n_samples": 75,
  "model": "B-SOPF",
  "case_id": 1888,
  "seed": 42,
  "epochs": 300,
  "n_params": 2622496,
  "train_time_s": 760.7,
  "K_mean": 0.0002282888744957745,
  "R_mean": 0.0,
  "J_mean": 0.0
}