{
  "rho_mean": 0.063025667121013,
  "rho_std": 0.0003822288488268354,
  "rho_min": 0.06205993518233299,
  "stability_rate": 100.0,
  "n_samples": 75,
  "model": "B-SOPF",
  "case_id": 1888,
  "seed": 126,
  "epochs": 300,
  "n_params": 2622496,
  "train_time_s": 629.6,
  "K_mean": 0.0002282888744957745,
  "R_mean": 0.0,
  "J_mean": 0.0
}