{
  "rho_mean": 0.0630479231973489,
  "rho_std": 0.0003540058756860374,
  "rho_min": 0.06207911670207977,
  "stability_rate": 100.0,
  "n_samples": 75,
  "model": "B-SOPF",
  "case_id": 1888,
  "seed": 336,
  "epochs": 300,
  "n_params": 2622496,
  "train_time_s": 539.8,
  "K_mean": 0.0002282888744957745,
  "R_mean": 0.0,
  "J_mean": 0.0
}