{
  "rho_mean": 0.0629889499147733,
  "rho_std": 0.0002937533075267491,
  "rho_min": 0.062330134212970734,
  "stability_rate": 100.0,
  "n_samples": 75,
  "model": "B-SOPF",
  "case_id": 1888,
  "seed": 420,
  "epochs": 300,
  "n_params": 2622496,
  "train_time_s": 554.4,
  "K_mean": 0.0002282888744957745,
  "R_mean": 0.0,
  "J_mean": 0.0
}