{
  "rho_mean": 0.06303116008639335,
  "rho_std": 0.000360055738105372,
  "rho_min": 0.06216976419091225,
  "stability_rate": 100.0,
  "n_samples": 75,
  "model": "B-SOPF",
  "case_id": 1888,
  "seed": 294,
  "epochs": 300,
  "n_params": 2622496,
  "train_time_s": 567.2,
  "K_mean": 0.0002282888744957745,
  "R_mean": 0.0,
  "J_mean": 0.0
}