{
  "rho_mean": 0.06298222710688908,
  "rho_std": 0.0003380600245682443,
  "rho_min": 0.06217225641012192,
  "stability_rate": 100.0,
  "n_samples": 75,
  "model": "B-SOPF",
  "case_id": 1888,
  "seed": 168,
  "epochs": 300,
  "n_params": 2622496,
  "train_time_s": 620.1,
  "K_mean": 0.0002282888744957745,
  "R_mean": 0.0,
  "J_mean": 0.0
}