{
  "rho_mean": 0.06672206103801727,
  "rho_std": 5.0409583468311404e-05,
  "rho_min": 0.06659045815467834,
  "stability_rate": 100.0,
  "n_samples": 75,
  "model": "B10",
  "case_id": 1888,
  "seed": 504,
  "epochs": 300,
  "n_params": 197824,
  "train_time_s": 657.5,
  "K_mean": 0.00016740850696805865,
  "R_mean": 0.0,
  "J_mean": 0.0
}