{
  "rho_mean": 0.06671549399693807,
  "rho_std": 4.649617529280622e-05,
  "rho_min": 0.06658468395471573,
  "stability_rate": 100.0,
  "n_samples": 75,
  "model": "B10",
  "case_id": 1888,
  "seed": 714,
  "epochs": 300,
  "n_params": 197824,
  "train_time_s": 615.0,
  "K_mean": 0.00016740849241614342,
  "R_mean": 0.0,
  "J_mean": 0.0
}