{
  "rho_mean": 0.06671307971080144,
  "rho_std": 4.559468630451009e-05,
  "rho_min": 0.06658495217561722,
  "stability_rate": 100.0,
  "n_samples": 75,
  "model": "B10",
  "case_id": 1888,
  "seed": 756,
  "epochs": 300,
  "n_params": 197824,
  "train_time_s": 585.9,
  "K_mean": 0.0001674075028859079,
  "R_mean": 0.0,
  "J_mean": 0.0
}