{
  "rho_mean": 0.06671262751022974,
  "rho_std": 5.509156638887457e-05,
  "rho_min": 0.06659910082817078,
  "stability_rate": 100.0,
  "n_samples": 75,
  "model": "B10",
  "case_id": 1888,
  "seed": 252,
  "epochs": 300,
  "n_params": 197824,
  "train_time_s": 688.0,
  "K_mean": 0.0001674086379352957,
  "R_mean": 0.0,
  "J_mean": 0.0
}