{
  "rho_mean": 0.06672401040792465,
  "rho_std": 4.690562033191673e-05,
  "rho_min": 0.06659748405218124,
  "stability_rate": 100.0,
  "n_samples": 75,
  "model": "B10",
  "case_id": 1888,
  "seed": 798,
  "epochs": 300,
  "n_params": 197824,
  "train_time_s": 529.7,
  "K_mean": 0.00016740839055273682,
  "R_mean": 0.0,
  "J_mean": 0.0
}