{
  "rho_mean": 0.06672674467166265,
  "rho_std": 5.363629366947941e-05,
  "rho_min": 0.06659206002950668,
  "stability_rate": 100.0,
  "n_samples": 75,
  "model": "B10",
  "case_id": 1888,
  "seed": 462,
  "epochs": 300,
  "n_params": 197824,
  "train_time_s": 679.5,
  "K_mean": 0.00016740767750889063,
  "R_mean": 0.0,
  "J_mean": 0.0
}