{
  "rho_mean": 0.06672137786944707,
  "rho_std": 5.518707491161976e-05,
  "rho_min": 0.06658495217561722,
  "stability_rate": 100.0,
  "n_samples": 75,
  "model": "B10",
  "case_id": 1888,
  "seed": 294,
  "epochs": 300,
  "n_params": 197824,
  "train_time_s": 677.8,
  "K_mean": 0.00016740798309911042,
  "R_mean": 0.0,
  "J_mean": 0.0
}