{
  "rho_mean": 0.06671309232711792,
  "rho_std": 5.638338544786544e-05,
  "rho_min": 0.06654320657253265,
  "stability_rate": 100.0,
  "n_samples": 75,
  "model": "B10",
  "case_id": 1888,
  "seed": 336,
  "epochs": 300,
  "n_params": 197824,
  "train_time_s": 659.9,
  "K_mean": 0.0001674085797276348,
  "R_mean": 0.0,
  "J_mean": 0.0
}