{
  "rho_mean": 0.06672713140646616,
  "rho_std": 5.809132519520025e-05,
  "rho_min": 0.06652429699897766,
  "stability_rate": 100.0,
  "n_samples": 75,
  "model": "B10",
  "case_id": 1888,
  "seed": 42,
  "epochs": 300,
  "n_params": 197824,
  "train_time_s": 894.2,
  "K_mean": 0.00016740821592975408,
  "R_mean": 0.0,
  "J_mean": 0.0
}