{
  "rho_mean": 0.06672077606121699,
  "rho_std": 5.7617873000152285e-05,
  "rho_min": 0.0665750801563263,
  "stability_rate": 100.0,
  "n_samples": 75,
  "model": "B10",
  "case_id": 1888,
  "seed": 420,
  "epochs": 300,
  "n_params": 197824,
  "train_time_s": 663.7,
  "K_mean": 0.00016740903083700687,
  "R_mean": 0.0,
  "J_mean": 0.0
}