{
  "rho_mean": 0.066716967523098,
  "rho_std": 5.498599593741641e-05,
  "rho_min": 0.06654582917690277,
  "stability_rate": 100.0,
  "n_samples": 75,
  "model": "B10",
  "case_id": 1888,
  "seed": 168,
  "epochs": 300,
  "n_params": 197824,
  "train_time_s": 722.4,
  "K_mean": 0.00016740905994083732,
  "R_mean": 0.0,
  "J_mean": 0.0
}