{
  "rho_mean": 0.06672160933415094,
  "rho_std": 6.460801219179617e-05,
  "rho_min": 0.06657387316226959,
  "stability_rate": 100.0,
  "n_samples": 75,
  "model": "B10",
  "case_id": 1888,
  "seed": 126,
  "epochs": 300,
  "n_params": 197824,
  "train_time_s": 769.2,
  "K_mean": 0.00016740811406634748,
  "R_mean": 0.0,
  "J_mean": 0.0
}