{
  "rho_mean": 0.06671089033285776,
  "rho_std": 5.290690260929792e-05,
  "rho_min": 0.06656939536333084,
  "stability_rate": 100.0,
  "n_samples": 75,
  "model": "B10",
  "case_id": 1888,
  "seed": 0,
  "epochs": 300,
  "n_params": 197824,
  "train_time_s": 894.3,
  "K_mean": 0.00016740836144890636,
  "R_mean": 0.0,
  "J_mean": 0.0
}