{
  "rho_mean": 0.06669569432735444,
  "rho_std": 5.1012312478001494e-05,
  "rho_min": 0.06658229231834412,
  "stability_rate": 100.0,
  "n_samples": 75,
  "model": "B10",
  "case_id": 1888,
  "seed": 588,
  "epochs": 300,
  "n_params": 197824,
  "train_time_s": 663.9,
  "K_mean": 0.00016740840510465205,
  "R_mean": 0.0,
  "J_mean": 0.0
}