{
  "rho_mean": 0.04822838405768077,
  "rho_std": 0.0016763125905551802,
  "rho_min": 0.044378962367773056,
  "stability_rate": 100.0,
  "n_samples": 75,
  "model": "B11",
  "case_id": 1888,
  "seed": 294,
  "epochs": 300,
  "n_params": 204339,
  "train_time_s": 634.6,
  "K_mean": 0.0005370781291276217,
  "R_mean": 0.0003222468658350408,
  "J_mean": 0.00021483124874066561
}