{
  "rho_mean": 0.048374212582906084,
  "rho_std": 0.0014498125829566914,
  "rho_min": 0.04442288354039192,
  "stability_rate": 100.0,
  "n_samples": 75,
  "model": "B11",
  "case_id": 1888,
  "seed": 672,
  "epochs": 300,
  "n_params": 204339,
  "train_time_s": 598.8,
  "K_mean": 0.0005370781291276217,
  "R_mean": 0.0003222468658350408,
  "J_mean": 0.00021483124874066561
}