{
  "rho_mean": 0.04820178911089897,
  "rho_std": 0.0017377282093397094,
  "rho_min": 0.04412189498543739,
  "stability_rate": 100.0,
  "n_samples": 75,
  "model": "B11",
  "case_id": 1888,
  "seed": 126,
  "epochs": 300,
  "n_params": 204339,
  "train_time_s": 712.6,
  "K_mean": 0.0005370781291276217,
  "R_mean": 0.0003222468658350408,
  "J_mean": 0.00021483124874066561
}