{
  "rho_mean": 0.04841151123245557,
  "rho_std": 0.0015627993404683728,
  "rho_min": 0.04505280777812004,
  "stability_rate": 100.0,
  "n_samples": 75,
  "model": "B11",
  "case_id": 1888,
  "seed": 756,
  "epochs": 300,
  "n_params": 204339,
  "train_time_s": 567.3,
  "K_mean": 0.0005370781291276217,
  "R_mean": 0.0003222468658350408,
  "J_mean": 0.00021483124874066561
}