{
  "rho_mean": 0.047594697872797645,
  "rho_std": 0.001612692486958648,
  "rho_min": 0.043518904596567154,
  "stability_rate": 100.0,
  "n_samples": 75,
  "model": "B11",
  "case_id": 1888,
  "seed": 714,
  "epochs": 300,
  "n_params": 204339,
  "train_time_s": 580.1,
  "K_mean": 0.0005370781291276217,
  "R_mean": 0.0003222468658350408,
  "J_mean": 0.00021483124874066561
}