{
  "rho_mean": 0.06641313334306082,
  "rho_std": 5.978592252971665e-05,
  "rho_min": 0.06627058237791061,
  "stability_rate": 100.0,
  "n_samples": 75,
  "model": "B12",
  "case_id": 1888,
  "seed": 504,
  "epochs": 300,
  "n_params": 197824,
  "train_time_s": 720.9,
  "K_mean": 0.0001673891965765506,
  "R_mean": 0.0,
  "J_mean": 0.0
}