{
  "rho_mean": 0.06638533850510915,
  "rho_std": 5.915075808611058e-05,
  "rho_min": 0.06622761487960815,
  "stability_rate": 100.0,
  "n_samples": 75,
  "model": "B12",
  "case_id": 1888,
  "seed": 714,
  "epochs": 300,
  "n_params": 197824,
  "train_time_s": 604.1,
  "K_mean": 0.00016739020065870136,
  "R_mean": 0.0,
  "J_mean": 0.0
}