{
  "rho_mean": 0.06640127549568813,
  "rho_std": 7.423501369388902e-05,
  "rho_min": 0.06622607260942459,
  "stability_rate": 100.0,
  "n_samples": 75,
  "model": "B12",
  "case_id": 1888,
  "seed": 336,
  "epochs": 300,
  "n_params": 197824,
  "train_time_s": 729.1,
  "K_mean": 0.0001673893420957029,
  "R_mean": 0.0,
  "J_mean": 0.0
}