{
  "rho_mean": 0.06640328317880631,
  "rho_std": 6.0694301091726474e-05,
  "rho_min": 0.06625639647245407,
  "stability_rate": 100.0,
  "n_samples": 75,
  "model": "B12",
  "case_id": 1888,
  "seed": 756,
  "epochs": 300,
  "n_params": 197824,
  "train_time_s": 543.2,
  "K_mean": 0.00016738841077312827,
  "R_mean": 0.0,
  "J_mean": 0.0
}