{
  "rho_mean": 0.06639709860086442,
  "rho_std": 6.573723257398475e-05,
  "rho_min": 0.06625068187713623,
  "stability_rate": 100.0,
  "n_samples": 75,
  "model": "B12",
  "case_id": 1888,
  "seed": 0,
  "epochs": 300,
  "n_params": 197824,
  "train_time_s": 999.0,
  "K_mean": 0.00016738973499741405,
  "R_mean": 0.0,
  "J_mean": 0.0
}