{
  "rho_mean": 0.06640236606200536,
  "rho_std": 6.737392535252867e-05,
  "rho_min": 0.0662083774805069,
  "stability_rate": 100.0,
  "n_samples": 75,
  "model": "B12",
  "case_id": 1888,
  "seed": 798,
  "epochs": 300,
  "n_params": 197824,
  "train_time_s": 529.4,
  "K_mean": 0.00016738926933612674,
  "R_mean": 0.0,
  "J_mean": 0.0
}