{
  "rho_mean": 0.06641492972771326,
  "rho_std": 7.269668331291876e-05,
  "rho_min": 0.06618749350309372,
  "stability_rate": 100.0,
  "n_samples": 75,
  "model": "B12",
  "case_id": 1888,
  "seed": 42,
  "epochs": 300,
  "n_params": 197824,
  "train_time_s": 948.4,
  "K_mean": 0.00016738969134166837,
  "R_mean": 0.0,
  "J_mean": 0.0
}