{
  "rho_mean": 0.0664037670691808,
  "rho_std": 6.188930637736655e-05,
  "rho_min": 0.06621864438056946,
  "stability_rate": 100.0,
  "n_samples": 75,
  "model": "B12",
  "case_id": 1888,
  "seed": 84,
  "epochs": 300,
  "n_params": 197824,
  "train_time_s": 841.5,
  "K_mean": 0.00016739040438551456,
  "R_mean": 0.0,
  "J_mean": 0.0
}