{
  "rho_mean": 0.0664069281021754,
  "rho_std": 8.265625996699664e-05,
  "rho_min": 0.06616105884313583,
  "stability_rate": 100.0,
  "n_samples": 75,
  "model": "B12",
  "case_id": 1888,
  "seed": 126,
  "epochs": 300,
  "n_params": 197824,
  "train_time_s": 788.7,
  "K_mean": 0.00016738963313400745,
  "R_mean": 0.0,
  "J_mean": 0.0
}