{
  "rho_mean": 0.06640902280807495,
  "rho_std": 6.750879041705312e-05,
  "rho_min": 0.06625307351350784,
  "stability_rate": 100.0,
  "n_samples": 75,
  "model": "B12",
  "case_id": 1888,
  "seed": 294,
  "epochs": 300,
  "n_params": 197824,
  "train_time_s": 712.4,
  "K_mean": 0.00016738870181143284,
  "R_mean": 0.0,
  "J_mean": 0.0
}