{
  "rho_mean": 0.06639745344718297,
  "rho_std": 7.095959226280714e-05,
  "rho_min": 0.06615136563777924,
  "stability_rate": 100.0,
  "n_samples": 75,
  "model": "B12",
  "case_id": 1888,
  "seed": 168,
  "epochs": 300,
  "n_params": 197824,
  "train_time_s": 761.3,
  "K_mean": 0.00016738995327614248,
  "R_mean": 0.0,
  "J_mean": 0.0
}