{
  "rho_mean": 0.0664145976305008,
  "rho_std": 6.699576252484149e-05,
  "rho_min": 0.06626151502132416,
  "stability_rate": 100.0,
  "n_samples": 75,
  "model": "B12",
  "case_id": 1888,
  "seed": 378,
  "epochs": 300,
  "n_params": 197824,
  "train_time_s": 711.4,
  "K_mean": 0.0001673892402322963,
  "R_mean": 0.0,
  "J_mean": 0.0
}