{
  "rho_mean": 0.06639149218797684,
  "rho_std": 7.361183946786632e-05,
  "rho_min": 0.06623934209346771,
  "stability_rate": 100.0,
  "n_samples": 75,
  "model": "B12",
  "case_id": 1888,
  "seed": 630,
  "epochs": 300,
  "n_params": 197824,
  "train_time_s": 639.5,
  "K_mean": 0.0001673897641012445,
  "R_mean": 0.0,
  "J_mean": 0.0
}