{
  "rho_mean": 0.06640407035748164,
  "rho_std": 6.355673022356445e-05,
  "rho_min": 0.06623469293117523,
  "stability_rate": 100.0,
  "n_samples": 75,
  "model": "B12",
  "case_id": 1888,
  "seed": 462,
  "epochs": 300,
  "n_params": 197824,
  "train_time_s": 731.5,
  "K_mean": 0.00016738992417231202,
  "R_mean": 0.0,
  "J_mean": 0.0
}