{
  "rho_mean": 0.06640427966912588,
  "rho_std": 6.415072378011837e-05,
  "rho_min": 0.06623525172472,
  "stability_rate": 100.0,
  "n_samples": 75,
  "model": "B12",
  "case_id": 1888,
  "seed": 672,
  "epochs": 300,
  "n_params": 197824,
  "train_time_s": 647.2,
  "K_mean": 0.0001673898659646511,
  "R_mean": 0.0,
  "J_mean": 0.0
}