{
  "rho_mean": 0.06640777836243311,
  "rho_std": 5.5600911583115975e-05,
  "rho_min": 0.06625919789075851,
  "stability_rate": 100.0,
  "n_samples": 75,
  "model": "B12",
  "case_id": 1888,
  "seed": 210,
  "epochs": 300,
  "n_params": 197824,
  "train_time_s": 769.6,
  "K_mean": 0.00016738827980589122,
  "R_mean": 0.0,
  "J_mean": 0.0
}