{
  "rho_mean": 0.0664033113916715,
  "rho_std": 6.945296516563876e-05,
  "rho_min": 0.06625431776046753,
  "stability_rate": 100.0,
  "n_samples": 75,
  "model": "B12",
  "case_id": 1888,
  "seed": 252,
  "epochs": 300,
  "n_params": 197824,
  "train_time_s": 708.3,
  "K_mean": 0.0001673894585110247,
  "R_mean": 0.0,
  "J_mean": 0.0
}