{
  "rho_mean": 0.06638048072655996,
  "rho_std": 7.207671711854978e-05,
  "rho_min": 0.06618640571832657,
  "stability_rate": 100.0,
  "n_samples": 75,
  "model": "B12",
  "case_id": 1888,
  "seed": 588,
  "epochs": 300,
  "n_params": 197824,
  "train_time_s": 695.6,
  "K_mean": 0.0001673889346420765,
  "R_mean": 0.0,
  "J_mean": 0.0
}