{
  "rho_mean": 0.053411021530628204,
  "rho_std": 0.0011508210316806817,
  "rho_min": 0.05068644508719444,
  "stability_rate": 100.0,
  "n_samples": 75,
  "model": "Ours",
  "case_id": 1888,
  "seed": 168,
  "epochs": 300,
  "n_params": 205155,
  "train_time_s": 683.4,
  "K_mean": 0.00039441583794541657,
  "R_mean": 0.00024030111671891063,
  "J_mean": 0.00016327862977050245
}