{
  "rho_mean": 0.053551451663176215,
  "rho_std": 0.0012965804053168175,
  "rho_min": 0.05051658675074577,
  "stability_rate": 100.0,
  "n_samples": 75,
  "model": "Ours",
  "case_id": 1888,
  "seed": 126,
  "epochs": 300,
  "n_params": 205155,
  "train_time_s": 722.9,
  "K_mean": 0.000394412170862779,
  "R_mean": 0.00024032533110585064,
  "J_mean": 0.00016322052397299558
}