{
  "rho_mean": 0.053568133612473805,
  "rho_std": 0.0012518499993005798,
  "rho_min": 0.05069567263126373,
  "stability_rate": 100.0,
  "n_samples": 75,
  "model": "Ours",
  "case_id": 1888,
  "seed": 294,
  "epochs": 300,
  "n_params": 205155,
  "train_time_s": 665.0,
  "K_mean": 0.0003944130730815232,
  "R_mean": 0.00024033754016272724,
  "J_mean": 0.00016352866077795625
}