{
  "rho_mean": 0.05384579007824262,
  "rho_std": 0.0010765572793159425,
  "rho_min": 0.05148618668317795,
  "stability_rate": 100.0,
  "n_samples": 75,
  "model": "Ours",
  "case_id": 1888,
  "seed": 210,
  "epochs": 300,
  "n_params": 205155,
  "train_time_s": 681.5,
  "K_mean": 0.0003944113268516958,
  "R_mean": 0.00024032368673942983,
  "J_mean": 0.00016326637705788016
}