{
  "rho_mean": 0.05309822862346967,
  "rho_std": 0.0012035832086794603,
  "rho_min": 0.050062719732522964,
  "stability_rate": 100.0,
  "n_samples": 75,
  "model": "Ours",
  "case_id": 1888,
  "seed": 714,
  "epochs": 300,
  "n_params": 205155,
  "train_time_s": 593.8,
  "K_mean": 0.0003944132477045059,
  "R_mean": 0.00024033682711888105,
  "J_mean": 0.0001633137435419485
}