{
  "rho_mean": 0.05339723527431488,
  "rho_std": 0.0010273147274667128,
  "rho_min": 0.05058755353093147,
  "stability_rate": 100.0,
  "n_samples": 75,
  "model": "Ours",
  "case_id": 1888,
  "seed": 84,
  "epochs": 300,
  "n_params": 205155,
  "train_time_s": 771.5,
  "K_mean": 0.0003944149939343333,
  "R_mean": 0.00024031347129493952,
  "J_mean": 0.00016336543194483966
}