{
  "rho_mean": 0.05356617391109467,
  "rho_std": 0.0011393243702360056,
  "rho_min": 0.05099346861243248,
  "stability_rate": 100.0,
  "n_samples": 75,
  "model": "Ours",
  "case_id": 1888,
  "seed": 630,
  "epochs": 300,
  "n_params": 205155,
  "train_time_s": 623.0,
  "K_mean": 0.00039441659464500844,
  "R_mean": 0.00024032524379435927,
  "J_mean": 0.00016332458471879363
}