{
  "rho_mean": 0.05336935967206955,
  "rho_std": 0.0011405242505839075,
  "rho_min": 0.04975272715091705,
  "stability_rate": 100.0,
  "n_samples": 75,
  "model": "Ours",
  "case_id": 1888,
  "seed": 462,
  "epochs": 300,
  "n_params": 205155,
  "train_time_s": 636.7,
  "K_mean": 0.00039441350963898003,
  "R_mean": 0.00024032373039517552,
  "J_mean": 0.00016326925833709538
}