{
  "rho_mean": 0.05350586121280988,
  "rho_std": 0.0013417409118308928,
  "rho_min": 0.050678838044404984,
  "stability_rate": 100.0,
  "n_samples": 75,
  "model": "Ours",
  "case_id": 1888,
  "seed": 588,
  "epochs": 300,
  "n_params": 205155,
  "train_time_s": 624.8,
  "K_mean": 0.0003944115014746785,
  "R_mean": 0.0002403381949989125,
  "J_mean": 0.0001632586499908939
}