{
  "rho_mean": 0.05367932284871737,
  "rho_std": 0.001080846670330111,
  "rho_min": 0.050735458731651306,
  "stability_rate": 100.0,
  "n_samples": 75,
  "model": "Ours",
  "case_id": 1888,
  "seed": 672,
  "epochs": 300,
  "n_params": 205155,
  "train_time_s": 611.2,
  "K_mean": 0.00039441013359464705,
  "R_mean": 0.0002403598336968571,
  "J_mean": 0.00016326375771313906
}