{
  "rho_mean": 0.05342417741815249,
  "rho_std": 0.0010344242978215107,
  "rho_min": 0.051101043820381165,
  "stability_rate": 100.0,
  "n_samples": 75,
  "model": "Ours",
  "case_id": 1888,
  "seed": 420,
  "epochs": 300,
  "n_params": 205155,
  "train_time_s": 631.9,
  "K_mean": 0.0003944146155845374,
  "R_mean": 0.00024031767679844052,
  "J_mean": 0.00016335475083906204
}