{
  "rho_mean": 0.053709857165813446,
  "rho_std": 0.0011655313177595281,
  "rho_min": 0.051207300275564194,
  "stability_rate": 100.0,
  "n_samples": 75,
  "model": "Ours",
  "case_id": 1888,
  "seed": 756,
  "epochs": 300,
  "n_params": 205155,
  "train_time_s": 548.4,
  "K_mean": 0.00039441583794541657,
  "R_mean": 0.00024028867483139038,
  "J_mean": 0.00016328472702298313
}