{
  "rho_mean": 0.05364554370443026,
  "rho_std": 0.001232267845192022,
  "rho_min": 0.05026264861226082,
  "stability_rate": 100.0,
  "n_samples": 75,
  "model": "Ours",
  "case_id": 1888,
  "seed": 378,
  "epochs": 300,
  "n_params": 205155,
  "train_time_s": 643.0,
  "K_mean": 0.0003944105701521039,
  "R_mean": 0.00024032883811742067,
  "J_mean": 0.00016336233238689601
}