{
  "rho_mean": 0.0533506094912688,
  "rho_std": 0.0012862748550185308,
  "rho_min": 0.05024454742670059,
  "stability_rate": 100.0,
  "n_samples": 75,
  "model": "Ours",
  "case_id": 1888,
  "seed": 798,
  "epochs": 300,
  "n_params": 205155,
  "train_time_s": 528.7,
  "K_mean": 0.0003944124036934227,
  "R_mean": 0.00024033583758864552,
  "J_mean": 0.00016324923490174115
}