{
  "rho_mean": 0.05365577215949694,
  "rho_std": 0.0012990030816963487,
  "rho_min": 0.050554025918245316,
  "stability_rate": 100.0,
  "n_samples": 75,
  "model": "Ours",
  "case_id": 1888,
  "seed": 42,
  "epochs": 300,
  "n_params": 205155,
  "train_time_s": 854.2,
  "K_mean": 0.0003944137424696237,
  "R_mean": 0.0002403304970357567,
  "J_mean": 0.000163423377671279
}