{
  "rho_mean": 0.05371955369909604,
  "rho_std": 0.0011250430418242752,
  "rho_min": 0.0509427934885025,
  "stability_rate": 100.0,
  "n_samples": 75,
  "model": "Ours",
  "case_id": 1888,
  "seed": 252,
  "epochs": 300,
  "n_params": 205155,
  "train_time_s": 661.0,
  "K_mean": 0.00039441362605430186,
  "R_mean": 0.00024035677779465914,
  "J_mean": 0.00016333491657860577
}