{
  "rho_mean": 0.053649614651997884,
  "rho_std": 0.0012020509615442239,
  "rho_min": 0.050176799297332764,
  "stability_rate": 100.0,
  "n_samples": 75,
  "model": "Ours",
  "case_id": 1888,
  "seed": 336,
  "epochs": 300,
  "n_params": 205155,
  "train_time_s": 648.3,
  "K_mean": 0.0003944121126551181,
  "R_mean": 0.00024034734815359116,
  "J_mean": 0.00016328228230122477
}