{
  "rho_mean": 0.053447914371887846,
  "rho_std": 0.001252987615432461,
  "rho_min": 0.050833091139793396,
  "stability_rate": 100.0,
  "n_samples": 75,
  "model": "Ours",
  "case_id": 1888,
  "seed": 546,
  "epochs": 300,
  "n_params": 205155,
  "train_time_s": 598.2,
  "K_mean": 0.0003944121999666095,
  "R_mean": 0.00024036575632635504,
  "J_mean": 0.00016335677355527878
}