{
  "rho_mean": 0.05371126393477122,
  "rho_std": 0.0011705559565106632,
  "rho_min": 0.05115547031164169,
  "stability_rate": 100.0,
  "n_samples": 75,
  "model": "Ours",
  "case_id": 1888,
  "seed": 504,
  "epochs": 300,
  "n_params": 205155,
  "train_time_s": 640.7,
  "K_mean": 0.00039440859109163284,
  "R_mean": 0.00024038934498094022,
  "J_mean": 0.0001634482032386586
}