{
  "rho_mean": 0.05355070352554321,
  "rho_std": 0.0011616265956264156,
  "rho_min": 0.05104581266641617,
  "stability_rate": 100.0,
  "n_samples": 75,
  "model": "Ours",
  "case_id": 1888,
  "seed": 0,
  "epochs": 300,
  "n_params": 205155,
  "train_time_s": 978.0,
  "K_mean": 0.0003944134805351496,
  "R_mean": 0.00024034047964960337,
  "J_mean": 0.00016320751456078142
}