{
  "rho_mean": 0.07001394261916478,
  "rho_std": 0.0002998149240506923,
  "rho_min": 0.06926655769348145,
  "stability_rate": 100.0,
  "n_samples": 75,
  "model": "B-Hinf",
  "case_id": 1354,
  "seed": 0,
  "epochs": 300,
  "n_params": 4012552,
  "train_time_s": 92.8,
  "K_mean": 0.00012852867075707763,
  "R_mean": 6.426433537853882e-05,
  "J_mean": 3.855860268231481e-05
}