{
  "rho_mean": 0.04060618668794632,
  "rho_std": 9.24237005165583e-05,
  "rho_min": 0.040261611342430115,
  "stability_rate": 100.0,
  "n_samples": 75,
  "model": "B-ROPF",
  "case_id": 1354,
  "seed": 630,
  "epochs": 300,
  "n_params": 1932808,
  "train_time_s": 504.9,
  "K_mean": 0.00025705734151415527,
  "R_mean": 0.0,
  "J_mean": 0.0
}