{
  "rho_mean": 0.04059012869993846,
  "rho_std": 8.43612605358053e-05,
  "rho_min": 0.04038450866937637,
  "stability_rate": 100.0,
  "n_samples": 75,
  "model": "B-ROPF",
  "case_id": 1354,
  "seed": 336,
  "epochs": 300,
  "n_params": 1932808,
  "train_time_s": 509.4,
  "K_mean": 0.00025705734151415527,
  "R_mean": 0.0,
  "J_mean": 0.0
}