{
  "rho_mean": 0.04060083419084549,
  "rho_std": 8.260397905919932e-05,
  "rho_min": 0.04039391875267029,
  "stability_rate": 100.0,
  "n_samples": 75,
  "model": "B-ROPF",
  "case_id": 1354,
  "seed": 672,
  "epochs": 300,
  "n_params": 1932808,
  "train_time_s": 516.2,
  "K_mean": 0.00025705734151415527,
  "R_mean": 0.0,
  "J_mean": 0.0
}