{
  "rho_mean": 0.040592300295829775,
  "rho_std": 7.939649627079262e-05,
  "rho_min": 0.04041573405265808,
  "stability_rate": 100.0,
  "n_samples": 75,
  "model": "B-ROPF",
  "case_id": 1354,
  "seed": 714,
  "epochs": 300,
  "n_params": 1932808,
  "train_time_s": 513.3,
  "K_mean": 0.00025705734151415527,
  "R_mean": 0.0,
  "J_mean": 0.0
}