{
  "rho_mean": 0.04062242329120636,
  "rho_std": 8.588237735178106e-05,
  "rho_min": 0.04037288576364517,
  "stability_rate": 100.0,
  "n_samples": 75,
  "model": "B-ROPF",
  "case_id": 1354,
  "seed": 42,
  "epochs": 300,
  "n_params": 1932808,
  "train_time_s": 698.1,
  "K_mean": 0.00025705734151415527,
  "R_mean": 0.0,
  "J_mean": 0.0
}