{
  "rho_mean": 0.04061381816864014,
  "rho_std": 7.597960036016131e-05,
  "rho_min": 0.040433064103126526,
  "stability_rate": 100.0,
  "n_samples": 75,
  "model": "B-ROPF",
  "case_id": 1354,
  "seed": 546,
  "epochs": 300,
  "n_params": 1932808,
  "train_time_s": 520.6,
  "K_mean": 0.00025705734151415527,
  "R_mean": 0.0,
  "J_mean": 0.0
}