{
  "rho_mean": 0.040596354802449545,
  "rho_std": 9.302388521404836e-05,
  "rho_min": 0.04029545933008194,
  "stability_rate": 100.0,
  "n_samples": 75,
  "model": "B-ROPF",
  "case_id": 1354,
  "seed": 126,
  "epochs": 300,
  "n_params": 1932808,
  "train_time_s": 566.4,
  "K_mean": 0.00025705734151415527,
  "R_mean": 0.0,
  "J_mean": 0.0
}