{
  "rho_mean": 0.04060256560643514,
  "rho_std": 8.967878672574713e-05,
  "rho_min": 0.040401436388492584,
  "stability_rate": 100.0,
  "n_samples": 75,
  "model": "B-ROPF",
  "case_id": 1354,
  "seed": 756,
  "epochs": 300,
  "n_params": 1932808,
  "train_time_s": 513.6,
  "K_mean": 0.00025705734151415527,
  "R_mean": 0.0,
  "J_mean": 0.0
}