{
  "rho_mean": 0.04060677578051885,
  "rho_std": 7.820411690622381e-05,
  "rho_min": 0.040399834513664246,
  "stability_rate": 100.0,
  "n_samples": 75,
  "model": "B-ROPF",
  "case_id": 1354,
  "seed": 378,
  "epochs": 300,
  "n_params": 1932808,
  "train_time_s": 499.1,
  "K_mean": 0.00025705734151415527,
  "R_mean": 0.0,
  "J_mean": 0.0
}