{
  "rho_mean": 0.04062119255463282,
  "rho_std": 8.149800268782914e-05,
  "rho_min": 0.040426917374134064,
  "stability_rate": 100.0,
  "n_samples": 75,
  "model": "B-ROPF",
  "case_id": 1354,
  "seed": 462,
  "epochs": 300,
  "n_params": 1932808,
  "train_time_s": 525.0,
  "K_mean": 0.00025705734151415527,
  "R_mean": 0.0,
  "J_mean": 0.0
}