{
  "rho_mean": 0.04060333967208862,
  "rho_std": 8.159671083247754e-05,
  "rho_min": 0.040347956120967865,
  "stability_rate": 100.0,
  "n_samples": 75,
  "model": "B-ROPF",
  "case_id": 1354,
  "seed": 0,
  "epochs": 300,
  "n_params": 1932808,
  "train_time_s": 672.0,
  "K_mean": 0.00025705734151415527,
  "R_mean": 0.0,
  "J_mean": 0.0
}