{
  "rho_mean": 0.04058805614709854,
  "rho_std": 8.600227953784073e-05,
  "rho_min": 0.040338002145290375,
  "stability_rate": 100.0,
  "n_samples": 75,
  "model": "B-ROPF",
  "case_id": 1354,
  "seed": 210,
  "epochs": 300,
  "n_params": 1932808,
  "train_time_s": 566.2,
  "K_mean": 0.00025705734151415527,
  "R_mean": 0.0,
  "J_mean": 0.0
}