{
  "rho_mean": 0.04060770938793818,
  "rho_std": 9.098892409271645e-05,
  "rho_min": 0.040398478507995605,
  "stability_rate": 100.0,
  "n_samples": 75,
  "model": "B-ROPF",
  "case_id": 1354,
  "seed": 798,
  "epochs": 300,
  "n_params": 1932808,
  "train_time_s": 523.8,
  "K_mean": 0.00025705734151415527,
  "R_mean": 0.0,
  "J_mean": 0.0
}