{
  "rho_mean": 0.06785870184501012,
  "rho_std": 0.0004002206617190536,
  "rho_min": 0.0670553520321846,
  "stability_rate": 100.0,
  "n_samples": 75,
  "model": "B-SOPF",
  "case_id": 1354,
  "seed": 252,
  "epochs": 300,
  "n_params": 1932808,
  "train_time_s": 93.5,
  "K_mean": 0.00025705734151415527,
  "R_mean": 0.0,
  "J_mean": 0.0
}