{
  "rho_mean": 0.06781229416529337,
  "rho_std": 0.00039265774082277436,
  "rho_min": 0.06699179112911224,
  "stability_rate": 100.0,
  "n_samples": 75,
  "model": "B-SOPF",
  "case_id": 1354,
  "seed": 462,
  "epochs": 300,
  "n_params": 1932808,
  "train_time_s": 95.1,
  "K_mean": 0.00025705734151415527,
  "R_mean": 0.0,
  "J_mean": 0.0
}