{
  "rho_mean": 0.06773012628157933,
  "rho_std": 0.00038053176217887663,
  "rho_min": 0.06693214923143387,
  "stability_rate": 100.0,
  "n_samples": 75,
  "model": "B-SOPF",
  "case_id": 1354,
  "seed": 420,
  "epochs": 300,
  "n_params": 1932808,
  "train_time_s": 94.8,
  "K_mean": 0.00025705734151415527,
  "R_mean": 0.0,
  "J_mean": 0.0
}