{
  "rho_mean": 0.06781583100557327,
  "rho_std": 0.0003821491227614389,
  "rho_min": 0.06673973053693771,
  "stability_rate": 100.0,
  "n_samples": 75,
  "model": "B-SOPF",
  "case_id": 1354,
  "seed": 210,
  "epochs": 300,
  "n_params": 1932808,
  "train_time_s": 94.0,
  "K_mean": 0.00025705734151415527,
  "R_mean": 0.0,
  "J_mean": 0.0
}