{
  "rho_mean": 0.06785288065671921,
  "rho_std": 0.00037203751702933414,
  "rho_min": 0.06692969799041748,
  "stability_rate": 100.0,
  "n_samples": 75,
  "model": "B-SOPF",
  "case_id": 1354,
  "seed": 546,
  "epochs": 300,
  "n_params": 1932808,
  "train_time_s": 94.8,
  "K_mean": 0.00025705734151415527,
  "R_mean": 0.0,
  "J_mean": 0.0
}