{
  "rho_mean": 0.06782481988271077,
  "rho_std": 0.0003453951292439817,
  "rho_min": 0.06664012372493744,
  "stability_rate": 100.0,
  "n_samples": 75,
  "model": "B-SOPF",
  "case_id": 1354,
  "seed": 84,
  "epochs": 300,
  "n_params": 1932808,
  "train_time_s": 94.4,
  "K_mean": 0.00025705734151415527,
  "R_mean": 0.0,
  "J_mean": 0.0
}