{
  "rho_mean": 0.06787534674008687,
  "rho_std": 0.00037473796319734294,
  "rho_min": 0.06705417484045029,
  "stability_rate": 100.0,
  "n_samples": 75,
  "model": "B-SOPF",
  "case_id": 1354,
  "seed": 378,
  "epochs": 300,
  "n_params": 1932808,
  "train_time_s": 95.4,
  "K_mean": 0.00025705734151415527,
  "R_mean": 0.0,
  "J_mean": 0.0
}