{
  "rho_mean": 0.06784660190343857,
  "rho_std": 0.000393702410015733,
  "rho_min": 0.0671098381280899,
  "stability_rate": 100.0,
  "n_samples": 75,
  "model": "B-SOPF",
  "case_id": 1354,
  "seed": 630,
  "epochs": 300,
  "n_params": 1932808,
  "train_time_s": 95.4,
  "K_mean": 0.00025705734151415527,
  "R_mean": 0.0,
  "J_mean": 0.0
}