{
  "rho_mean": 0.06792781293392182,
  "rho_std": 0.0004023427325911528,
  "rho_min": 0.06693463027477264,
  "stability_rate": 100.0,
  "n_samples": 75,
  "model": "B-SOPF",
  "case_id": 1354,
  "seed": 294,
  "epochs": 300,
  "n_params": 1932808,
  "train_time_s": 98.4,
  "K_mean": 0.00025705734151415527,
  "R_mean": 0.0,
  "J_mean": 0.0
}