{
  "rho_mean": 0.06784722487131754,
  "rho_std": 0.00040869519803407237,
  "rho_min": 0.06703358888626099,
  "stability_rate": 100.0,
  "n_samples": 75,
  "model": "B-SOPF",
  "case_id": 1354,
  "seed": 798,
  "epochs": 300,
  "n_params": 1932808,
  "train_time_s": 93.9,
  "K_mean": 0.00025705734151415527,
  "R_mean": 0.0,
  "J_mean": 0.0
}