{
  "rho_mean": 0.06781309227148692,
  "rho_std": 0.00037785885340028275,
  "rho_min": 0.06701289117336273,
  "stability_rate": 100.0,
  "n_samples": 75,
  "model": "B-SOPF",
  "case_id": 1354,
  "seed": 168,
  "epochs": 300,
  "n_params": 1932808,
  "train_time_s": 102.9,
  "K_mean": 0.00025705734151415527,
  "R_mean": 0.0,
  "J_mean": 0.0
}