{
  "rho_mean": 0.06779536157846451,
  "rho_std": 0.00036414668844660894,
  "rho_min": 0.06686814874410629,
  "stability_rate": 100.0,
  "n_samples": 75,
  "model": "B-SOPF",
  "case_id": 1354,
  "seed": 0,
  "epochs": 300,
  "n_params": 1932808,
  "train_time_s": 99.7,
  "K_mean": 0.00025705734151415527,
  "R_mean": 0.0,
  "J_mean": 0.0
}