{
  "rho_mean": 0.06780711104472478,
  "rho_std": 0.0003963132708187233,
  "rho_min": 0.0667145699262619,
  "stability_rate": 100.0,
  "n_samples": 75,
  "model": "B-SOPF",
  "case_id": 1354,
  "seed": 756,
  "epochs": 300,
  "n_params": 1932808,
  "train_time_s": 94.7,
  "K_mean": 0.00025705734151415527,
  "R_mean": 0.0,
  "J_mean": 0.0
}