{
  "rho_mean": 0.06784857114156087,
  "rho_std": 0.0004051243897091817,
  "rho_min": 0.06713902205228806,
  "stability_rate": 100.0,
  "n_samples": 75,
  "model": "B-SOPF",
  "case_id": 1354,
  "seed": 588,
  "epochs": 300,
  "n_params": 1932808,
  "train_time_s": 93.8,
  "K_mean": 0.00025705734151415527,
  "R_mean": 0.0,
  "J_mean": 0.0
}