{
  "rho_mean": 0.0679119556148847,
  "rho_std": 0.0003247273871460477,
  "rho_min": 0.06723595410585403,
  "stability_rate": 100.0,
  "n_samples": 75,
  "model": "B-SOPF",
  "case_id": 1354,
  "seed": 672,
  "epochs": 300,
  "n_params": 1932808,
  "train_time_s": 96.3,
  "K_mean": 0.00025705734151415527,
  "R_mean": 0.0,
  "J_mean": 0.0
}