{
  "rho_mean": 0.07182259698708852,
  "rho_std": 6.299846581920211e-05,
  "rho_min": 0.0716395452618599,
  "stability_rate": 100.0,
  "n_samples": 75,
  "model": "B10",
  "case_id": 1354,
  "seed": 42,
  "epochs": 300,
  "n_params": 193936,
  "train_time_s": 947.4,
  "K_mean": 0.00018856156384572387,
  "R_mean": 0.0,
  "J_mean": 0.0
}