{
  "rho_mean": 0.07179739683866501,
  "rho_std": 6.308561820476533e-05,
  "rho_min": 0.07161396741867065,
  "stability_rate": 100.0,
  "n_samples": 75,
  "model": "B10",
  "case_id": 1354,
  "seed": 210,
  "epochs": 300,
  "n_params": 193936,
  "train_time_s": 778.7,
  "K_mean": 0.00018856077804230154,
  "R_mean": 0.0,
  "J_mean": 0.0
}