{
  "rho_mean": 0.07182479987541834,
  "rho_std": 5.247820622322749e-05,
  "rho_min": 0.07169413566589355,
  "stability_rate": 100.0,
  "n_samples": 75,
  "model": "B10",
  "case_id": 1354,
  "seed": 168,
  "epochs": 300,
  "n_params": 193936,
  "train_time_s": 744.1,
  "K_mean": 0.000188559788512066,
  "R_mean": 0.0,
  "J_mean": 0.0
}