{
  "rho_mean": 0.07181760082642237,
  "rho_std": 6.63906391270887e-05,
  "rho_min": 0.07163378596305847,
  "stability_rate": 100.0,
  "n_samples": 75,
  "model": "B10",
  "case_id": 1354,
  "seed": 294,
  "epochs": 300,
  "n_params": 193936,
  "train_time_s": 678.8,
  "K_mean": 0.00018855967209674418,
  "R_mean": 0.0,
  "J_mean": 0.0
}