{
  "rho_mean": 0.07180052210887274,
  "rho_std": 5.82406033219763e-05,
  "rho_min": 0.0716710016131401,
  "stability_rate": 100.0,
  "n_samples": 75,
  "model": "B10",
  "case_id": 1354,
  "seed": 714,
  "epochs": 300,
  "n_params": 193936,
  "train_time_s": 618.0,
  "K_mean": 0.000188559788512066,
  "R_mean": 0.0,
  "J_mean": 0.0
}