{
  "rho_mean": 0.07177753239870072,
  "rho_std": 6.061317021115116e-05,
  "rho_min": 0.07158782333135605,
  "stability_rate": 100.0,
  "n_samples": 75,
  "model": "B10",
  "case_id": 1354,
  "seed": 0,
  "epochs": 300,
  "n_params": 193936,
  "train_time_s": 969.4,
  "K_mean": 0.00019095007155556232,
  "R_mean": 0.0,
  "J_mean": 0.0
}