{
  "rho_mean": 0.07181288907925287,
  "rho_std": 7.166887033536417e-05,
  "rho_min": 0.07167305797338486,
  "stability_rate": 100.0,
  "n_samples": 75,
  "model": "B10",
  "case_id": 1354,
  "seed": 504,
  "epochs": 300,
  "n_params": 193936,
  "train_time_s": 705.5,
  "K_mean": 0.000188559788512066,
  "R_mean": 0.0,
  "J_mean": 0.0
}