{
  "rho_mean": 0.07180292884508768,
  "rho_std": 6.22569759868622e-05,
  "rho_min": 0.0716412141919136,
  "stability_rate": 100.0,
  "n_samples": 75,
  "model": "B10",
  "case_id": 1354,
  "seed": 252,
  "epochs": 300,
  "n_params": 193936,
  "train_time_s": 703.7,
  "K_mean": 0.00018856109818443656,
  "R_mean": 0.0,
  "J_mean": 0.0
}