{
  "rho_mean": 0.07180676649014155,
  "rho_std": 6.0592890012153276e-05,
  "rho_min": 0.07165499031543732,
  "stability_rate": 100.0,
  "n_samples": 75,
  "model": "B10",
  "case_id": 1354,
  "seed": 672,
  "epochs": 300,
  "n_params": 193936,
  "train_time_s": 639.2,
  "K_mean": 0.0001885610108729452,
  "R_mean": 0.0,
  "J_mean": 0.0
}