{
  "rho_mean": 0.0718121345837911,
  "rho_std": 5.928280360613866e-05,
  "rho_min": 0.07169546186923981,
  "stability_rate": 100.0,
  "n_samples": 75,
  "model": "B10",
  "case_id": 1354,
  "seed": 84,
  "epochs": 300,
  "n_params": 193936,
  "train_time_s": 851.1,
  "K_mean": 0.00018856146198231727,
  "R_mean": 0.0,
  "J_mean": 0.0
}