{
  "rho_mean": 0.07181068619092305,
  "rho_std": 6.779739605705163e-05,
  "rho_min": 0.0715579241514206,
  "stability_rate": 100.0,
  "n_samples": 75,
  "model": "B10",
  "case_id": 1354,
  "seed": 630,
  "epochs": 300,
  "n_params": 193936,
  "train_time_s": 636.5,
  "K_mean": 0.0001885614765342325,
  "R_mean": 0.0,
  "J_mean": 0.0
}