{
  "rho_mean": 0.07180348445971807,
  "rho_std": 6.82371394223585e-05,
  "rho_min": 0.07158276438713074,
  "stability_rate": 100.0,
  "n_samples": 75,
  "model": "B10",
  "case_id": 1354,
  "seed": 126,
  "epochs": 300,
  "n_params": 193936,
  "train_time_s": 799.1,
  "K_mean": 0.0001885607052827254,
  "R_mean": 0.0,
  "J_mean": 0.0
}