{
  "rho_mean": 0.07181628535191219,
  "rho_std": 5.573420130202752e-05,
  "rho_min": 0.07168368250131607,
  "stability_rate": 100.0,
  "n_samples": 75,
  "model": "B10",
  "case_id": 1354,
  "seed": 546,
  "epochs": 300,
  "n_params": 193936,
  "train_time_s": 698.1,
  "K_mean": 0.00018856146198231727,
  "R_mean": 0.0,
  "J_mean": 0.0
}