{
  "rho_mean": 0.052298383812109626,
  "rho_std": 0.0018718511215666468,
  "rho_min": 0.047611236572265625,
  "stability_rate": 100.0,
  "n_samples": 75,
  "model": "B11",
  "case_id": 1354,
  "seed": 294,
  "epochs": 300,
  "n_params": 200463,
  "train_time_s": 100.8,
  "K_mean": 0.0006047594361007214,
  "R_mean": 0.00036285564419813454,
  "J_mean": 0.0002419038792140782
}