{
  "rho_mean": 0.05194433997074763,
  "rho_std": 0.001855920816510996,
  "rho_min": 0.048333387821912766,
  "stability_rate": 100.0,
  "n_samples": 75,
  "model": "B11",
  "case_id": 1354,
  "seed": 42,
  "epochs": 300,
  "n_params": 200463,
  "train_time_s": 94.9,
  "K_mean": 0.0006047594361007214,
  "R_mean": 0.00036285564419813454,
  "J_mean": 0.0002419038792140782
}