{
  "rho_mean": 0.051987543900807696,
  "rho_std": 0.001736784952286342,
  "rho_min": 0.046758368611335754,
  "stability_rate": 100.0,
  "n_samples": 75,
  "model": "B11",
  "case_id": 1354,
  "seed": 714,
  "epochs": 300,
  "n_params": 200463,
  "train_time_s": 96.7,
  "K_mean": 0.0006047594361007214,
  "R_mean": 0.00036285564419813454,
  "J_mean": 0.0002419038792140782
}