{
  "rho_mean": 0.051952729572852456,
  "rho_std": 0.0018352740543209796,
  "rho_min": 0.04868311807513237,
  "stability_rate": 100.0,
  "n_samples": 75,
  "model": "B11",
  "case_id": 1354,
  "seed": 588,
  "epochs": 300,
  "n_params": 200463,
  "train_time_s": 98.3,
  "K_mean": 0.0006047594361007214,
  "R_mean": 0.00036285564419813454,
  "J_mean": 0.0002419038792140782
}