{
  "rho_mean": 0.05143422280748685,
  "rho_std": 0.0017564403265624214,
  "rho_min": 0.04757671430706978,
  "stability_rate": 100.0,
  "n_samples": 75,
  "model": "B11",
  "case_id": 1354,
  "seed": 420,
  "epochs": 300,
  "n_params": 200463,
  "train_time_s": 93.7,
  "K_mean": 0.0006047594361007214,
  "R_mean": 0.00036285564419813454,
  "J_mean": 0.0002419038792140782
}