{
  "rho_mean": 0.051703963826100034,
  "rho_std": 0.0016874835441852136,
  "rho_min": 0.047527920454740524,
  "stability_rate": 100.0,
  "n_samples": 75,
  "model": "B11",
  "case_id": 1354,
  "seed": 0,
  "epochs": 300,
  "n_params": 200463,
  "train_time_s": 99.7,
  "K_mean": 0.0006047594361007214,
  "R_mean": 0.00036285564419813454,
  "J_mean": 0.0002419038792140782
}