{
  "rho_mean": 0.051923664857943856,
  "rho_std": 0.0018046553312963543,
  "rho_min": 0.045574843883514404,
  "stability_rate": 100.0,
  "n_samples": 75,
  "model": "B11",
  "case_id": 1354,
  "seed": 336,
  "epochs": 300,
  "n_params": 200463,
  "train_time_s": 96.5,
  "K_mean": 0.0006047594361007214,
  "R_mean": 0.00036285564419813454,
  "J_mean": 0.0002419038792140782
}