{
  "rho_mean": 0.07147207359472911,
  "rho_std": 8.704961908434354e-05,
  "rho_min": 0.0712890774011612,
  "stability_rate": 100.0,
  "n_samples": 75,
  "model": "B12",
  "case_id": 1354,
  "seed": 588,
  "epochs": 300,
  "n_params": 193936,
  "train_time_s": 581.8,
  "K_mean": 0.00018853289657272398,
  "R_mean": 0.0,
  "J_mean": 0.0
}