{
  "rho_mean": 0.0714777480562528,
  "rho_std": 6.702555477824139e-05,
  "rho_min": 0.07128773629665375,
  "stability_rate": 100.0,
  "n_samples": 75,
  "model": "B12",
  "case_id": 1354,
  "seed": 546,
  "epochs": 300,
  "n_params": 193936,
  "train_time_s": 574.6,
  "K_mean": 0.0001885335223050788,
  "R_mean": 0.0,
  "J_mean": 0.0
}