{
  "rho_mean": 0.07146439522504806,
  "rho_std": 8.146852163744124e-05,
  "rho_min": 0.0712762326002121,
  "stability_rate": 100.0,
  "n_samples": 75,
  "model": "B12",
  "case_id": 1354,
  "seed": 756,
  "epochs": 300,
  "n_params": 193936,
  "train_time_s": 549.1,
  "K_mean": 0.0001885331148514524,
  "R_mean": 0.0,
  "J_mean": 0.0
}