{
  "rho_mean": 0.07147788872321446,
  "rho_std": 7.041042003864095e-05,
  "rho_min": 0.07131502777338028,
  "stability_rate": 100.0,
  "n_samples": 75,
  "model": "B12",
  "case_id": 1354,
  "seed": 672,
  "epochs": 300,
  "n_params": 193936,
  "train_time_s": 602.2,
  "K_mean": 0.00018853394431062043,
  "R_mean": 0.0,
  "J_mean": 0.0
}