{
  "rho_mean": 0.07147872765858967,
  "rho_std": 7.309281885284524e-05,
  "rho_min": 0.0713057816028595,
  "stability_rate": 100.0,
  "n_samples": 75,
  "model": "B12",
  "case_id": 1354,
  "seed": 462,
  "epochs": 300,
  "n_params": 193936,
  "train_time_s": 585.5,
  "K_mean": 0.00018853262008633465,
  "R_mean": 0.0,
  "J_mean": 0.0
}