{
  "rho_mean": 0.07148740927378337,
  "rho_std": 7.828519992458409e-05,
  "rho_min": 0.07128630578517914,
  "stability_rate": 100.0,
  "n_samples": 75,
  "model": "B12",
  "case_id": 1354,
  "seed": 294,
  "epochs": 300,
  "n_params": 193936,
  "train_time_s": 612.9,
  "K_mean": 0.0001885323435999453,
  "R_mean": 0.0,
  "J_mean": 0.0
}