{
  "rho_mean": 0.07146484355131785,
  "rho_std": 6.728464967611824e-05,
  "rho_min": 0.07131516188383102,
  "stability_rate": 100.0,
  "n_samples": 75,
  "model": "B12",
  "case_id": 1354,
  "seed": 714,
  "epochs": 300,
  "n_params": 193936,
  "train_time_s": 578.3,
  "K_mean": 0.0001885321398731321,
  "R_mean": 0.0,
  "J_mean": 0.0
}