{
  "rho_mean": 0.0714662379026413,
  "rho_std": 7.282139524982259e-05,
  "rho_min": 0.07123406231403351,
  "stability_rate": 100.0,
  "n_samples": 75,
  "model": "B12",
  "case_id": 1354,
  "seed": 0,
  "epochs": 300,
  "n_params": 193936,
  "train_time_s": 909.9,
  "K_mean": 0.0001885324891190976,
  "R_mean": 0.0,
  "J_mean": 0.0
}