{
  "rho_mean": 0.0714569212992986,
  "rho_std": 7.325942876035712e-05,
  "rho_min": 0.0713055208325386,
  "stability_rate": 100.0,
  "n_samples": 75,
  "model": "B12",
  "case_id": 1354,
  "seed": 210,
  "epochs": 300,
  "n_params": 193936,
  "train_time_s": 628.4,
  "K_mean": 0.00018853267829399556,
  "R_mean": 0.0,
  "J_mean": 0.0
}