{
  "rho_mean": 0.07146214912335078,
  "rho_std": 7.824895689671657e-05,
  "rho_min": 0.07127126306295395,
  "stability_rate": 100.0,
  "n_samples": 75,
  "model": "B12",
  "case_id": 1354,
  "seed": 336,
  "epochs": 300,
  "n_params": 193936,
  "train_time_s": 604.7,
  "K_mean": 0.0001885332603706047,
  "R_mean": 0.0,
  "J_mean": 0.0
}