{
  "rho_mean": 0.07146746774514516,
  "rho_std": 8.039923239222241e-05,
  "rho_min": 0.07124777883291245,
  "stability_rate": 100.0,
  "n_samples": 75,
  "model": "B12",
  "case_id": 1354,
  "seed": 252,
  "epochs": 300,
  "n_params": 193936,
  "train_time_s": 598.3,
  "K_mean": 0.00018853347864933312,
  "R_mean": 0.0,
  "J_mean": 0.0
}