{
  "rho_mean": 0.07147282173236211,
  "rho_std": 8.203815781772235e-05,
  "rho_min": 0.07122232019901276,
  "stability_rate": 100.0,
  "n_samples": 75,
  "model": "B12",
  "case_id": 1354,
  "seed": 630,
  "epochs": 300,
  "n_params": 193936,
  "train_time_s": 605.0,
  "K_mean": 0.0001885345409391448,
  "R_mean": 0.0,
  "J_mean": 0.0
}