{
  "rho_mean": 0.07147125204404195,
  "rho_std": 6.686295623429975e-05,
  "rho_min": 0.07131146639585495,
  "stability_rate": 100.0,
  "n_samples": 75,
  "model": "B12",
  "case_id": 1354,
  "seed": 84,
  "epochs": 300,
  "n_params": 193936,
  "train_time_s": 753.4,
  "K_mean": 0.00018853353685699403,
  "R_mean": 0.0,
  "J_mean": 0.0
}