{
  "rho_mean": 0.07148332277933757,
  "rho_std": 8.040103393028139e-05,
  "rho_min": 0.07124964892864227,
  "stability_rate": 100.0,
  "n_samples": 75,
  "model": "B12",
  "case_id": 1354,
  "seed": 42,
  "epochs": 300,
  "n_params": 193936,
  "train_time_s": 821.1,
  "K_mean": 0.00018853267829399556,
  "R_mean": 0.0,
  "J_mean": 0.0
}