{
  "rho_mean": 0.07145560413599014,
  "rho_std": 8.54927920646035e-05,
  "rho_min": 0.0712089091539383,
  "stability_rate": 100.0,
  "n_samples": 75,
  "model": "B12",
  "case_id": 1354,
  "seed": 126,
  "epochs": 300,
  "n_params": 193936,
  "train_time_s": 679.9,
  "K_mean": 0.0001885329547803849,
  "R_mean": 0.0,
  "J_mean": 0.0
}