{
  "rho_mean": 0.07148276557524999,
  "rho_std": 8.04230909966835e-05,
  "rho_min": 0.07131947576999664,
  "stability_rate": 100.0,
  "n_samples": 75,
  "model": "B12",
  "case_id": 1354,
  "seed": 504,
  "epochs": 300,
  "n_params": 193936,
  "train_time_s": 575.1,
  "K_mean": 0.00018853232904803008,
  "R_mean": 0.0,
  "J_mean": 0.0
}