{
  "rho_mean": 0.07144766469796499,
  "rho_std": 7.597539989837959e-05,
  "rho_min": 0.07126698642969131,
  "stability_rate": 100.0,
  "n_samples": 75,
  "model": "B12",
  "case_id": 1354,
  "seed": 420,
  "epochs": 300,
  "n_params": 193936,
  "train_time_s": 581.9,
  "K_mean": 0.00018853286746889353,
  "R_mean": 0.0,
  "J_mean": 0.0
}