{
  "rho_mean": 0.07147963573535283,
  "rho_std": 6.755780960370382e-05,
  "rho_min": 0.07126665860414505,
  "stability_rate": 100.0,
  "n_samples": 75,
  "model": "B12",
  "case_id": 1354,
  "seed": 168,
  "epochs": 300,
  "n_params": 193936,
  "train_time_s": 652.5,
  "K_mean": 0.0001885321835288778,
  "R_mean": 0.0,
  "J_mean": 0.0
}