{
  "rho_mean": 0.07147675613562265,
  "rho_std": 7.306267394536382e-05,
  "rho_min": 0.07129348069429398,
  "stability_rate": 100.0,
  "n_samples": 75,
  "model": "B12",
  "case_id": 1354,
  "seed": 378,
  "epochs": 300,
  "n_params": 193936,
  "train_time_s": 591.8,
  "K_mean": 0.00018853310029953718,
  "R_mean": 0.0,
  "J_mean": 0.0
}