{
  "rho_mean": 0.05767932871977488,
  "rho_std": 0.0013531697564505142,
  "rho_min": 0.054924413561820984,
  "stability_rate": 100.0,
  "n_samples": 75,
  "model": "Ours",
  "case_id": 1354,
  "seed": 630,
  "epochs": 300,
  "n_params": 201243,
  "train_time_s": 606.9,
  "K_mean": 0.0004442399076651782,
  "R_mean": 0.0002706134400796145,
  "J_mean": 0.00018402506248094141
}