{
  "rho_mean": 0.05750302672386169,
  "rho_std": 0.0012586673324616133,
  "rho_min": 0.05439237877726555,
  "stability_rate": 100.0,
  "n_samples": 75,
  "model": "Ours",
  "case_id": 1354,
  "seed": 0,
  "epochs": 300,
  "n_params": 201243,
  "train_time_s": 926.9,
  "K_mean": 0.00044423743383958936,
  "R_mean": 0.0002706549421418458,
  "J_mean": 0.00018390771583653986
}