{
  "rho_mean": 0.057917261322339375,
  "rho_std": 0.0011169271112143676,
  "rho_min": 0.05536423251032829,
  "stability_rate": 100.0,
  "n_samples": 75,
  "model": "Ours",
  "case_id": 1354,
  "seed": 672,
  "epochs": 300,
  "n_params": 201243,
  "train_time_s": 608.9,
  "K_mean": 0.000444232951849699,
  "R_mean": 0.0002706664672587067,
  "J_mean": 0.00018397154053673148
}