{
  "rho_mean": 0.05768520623445511,
  "rho_std": 0.0013844779224497865,
  "rho_min": 0.05499136820435524,
  "stability_rate": 100.0,
  "n_samples": 75,
  "model": "Ours",
  "case_id": 1354,
  "seed": 42,
  "epochs": 300,
  "n_params": 201243,
  "train_time_s": 880.0,
  "K_mean": 0.00044424051884561777,
  "R_mean": 0.00027058395789936185,
  "J_mean": 0.00018392408674117178
}