{
  "rho_mean": 0.057534020592768985,
  "rho_std": 0.0013616327279081491,
  "rho_min": 0.05470677465200424,
  "stability_rate": 100.0,
  "n_samples": 75,
  "model": "Ours",
  "case_id": 1354,
  "seed": 462,
  "epochs": 300,
  "n_params": 201243,
  "train_time_s": 606.2,
  "K_mean": 0.0004442375502549112,
  "R_mean": 0.00027058235718868673,
  "J_mean": 0.00018390818149782717
}