{
  "rho_mean": 0.05771935775876045,
  "rho_std": 0.0012960247625295224,
  "rho_min": 0.05381409451365471,
  "stability_rate": 100.0,
  "n_samples": 75,
  "model": "Ours",
  "case_id": 1354,
  "seed": 714,
  "epochs": 300,
  "n_params": 201243,
  "train_time_s": 580.4,
  "K_mean": 0.00044423757935874164,
  "R_mean": 0.00027058058185502887,
  "J_mean": 0.00018383316637482494
}