{
  "rho_mean": 0.05760483170549075,
  "rho_std": 0.0013323595778146728,
  "rho_min": 0.05383841320872307,
  "stability_rate": 100.0,
  "n_samples": 75,
  "model": "Ours",
  "case_id": 1354,
  "seed": 210,
  "epochs": 300,
  "n_params": 201243,
  "train_time_s": 660.9,
  "K_mean": 0.00044423548388294876,
  "R_mean": 0.0002706219966057688,
  "J_mean": 0.00018389991600997746
}