{
  "rho_mean": 0.05753131280342738,
  "rho_std": 0.0013108859500457204,
  "rho_min": 0.05456136539578438,
  "stability_rate": 100.0,
  "n_samples": 75,
  "model": "Ours",
  "case_id": 1354,
  "seed": 168,
  "epochs": 300,
  "n_params": 201243,
  "train_time_s": 685.7,
  "K_mean": 0.0004442366771399975,
  "R_mean": 0.0002705710066948086,
  "J_mean": 0.00018381117843091488
}