{
  "rho_mean": 0.05766826495528221,
  "rho_std": 0.001347117419642256,
  "rho_min": 0.05293076112866402,
  "stability_rate": 100.0,
  "n_samples": 75,
  "model": "Ours",
  "case_id": 1354,
  "seed": 336,
  "epochs": 300,
  "n_params": 201243,
  "train_time_s": 627.8,
  "K_mean": 0.0004442358040250838,
  "R_mean": 0.00027066341135650873,
  "J_mean": 0.0001838926546042785
}