{
  "rho_mean": 0.05793039306998253,
  "rho_std": 0.0011133271259670902,
  "rho_min": 0.05487753450870514,
  "stability_rate": 100.0,
  "n_samples": 75,
  "model": "Ours",
  "case_id": 1354,
  "seed": 504,
  "epochs": 300,
  "n_params": 201243,
  "train_time_s": 605.1,
  "K_mean": 0.0004442340577952564,
  "R_mean": 0.0002706478990148753,
  "J_mean": 0.0001838498719735071
}