{
  "rho_mean": 0.057948173135519025,
  "rho_std": 0.0013967778017762948,
  "rho_min": 0.05444994568824768,
  "stability_rate": 100.0,
  "n_samples": 75,
  "model": "Ours",
  "case_id": 1354,
  "seed": 294,
  "epochs": 300,
  "n_params": 201243,
  "train_time_s": 638.4,
  "K_mean": 0.0004442365316208452,
  "R_mean": 0.000270612770691514,
  "J_mean": 0.00018402200657874346
}