{
  "rho_mean": 0.057680542767047885,
  "rho_std": 0.0013710582834041314,
  "rho_min": 0.05485151708126068,
  "stability_rate": 100.0,
  "n_samples": 75,
  "model": "Ours",
  "case_id": 1354,
  "seed": 798,
  "epochs": 300,
  "n_params": 201243,
  "train_time_s": 557.3,
  "K_mean": 0.0004442362696863711,
  "R_mean": 0.0002705879451241344,
  "J_mean": 0.00018391042249277234
}