{
  "rho_mean": 0.05737977022926013,
  "rho_std": 0.0012390019928597957,
  "rho_min": 0.05406321957707405,
  "stability_rate": 100.0,
  "n_samples": 75,
  "model": "Ours",
  "case_id": 1354,
  "seed": 126,
  "epochs": 300,
  "n_params": 201243,
  "train_time_s": 696.0,
  "K_mean": 0.00044423629879020154,
  "R_mean": 0.0002706420491449535,
  "J_mean": 0.00018388898752164096
}