{
  "rho_mean": 0.05768817017475764,
  "rho_std": 0.0013037419429573443,
  "rho_min": 0.054420679807662964,
  "stability_rate": 100.0,
  "n_samples": 75,
  "model": "Ours",
  "case_id": 1354,
  "seed": 546,
  "epochs": 300,
  "n_params": 201243,
  "train_time_s": 612.3,
  "K_mean": 0.0004442367353476584,
  "R_mean": 0.0002706420491449535,
  "J_mean": 0.00018385783187113702
}