{
  "rho_mean": 0.057303639501333235,
  "rho_std": 0.0013102197924840112,
  "rho_min": 0.0544205904006958,
  "stability_rate": 100.0,
  "n_samples": 75,
  "model": "Ours",
  "case_id": 1354,
  "seed": 420,
  "epochs": 300,
  "n_params": 201243,
  "train_time_s": 634.5,
  "K_mean": 0.00044423312647268176,
  "R_mean": 0.00027064335881732404,
  "J_mean": 0.0001838686439441517
}