{
  "rho_mean": 0.057692979673544566,
  "rho_std": 0.0013683947737933226,
  "rho_min": 0.05524396896362305,
  "stability_rate": 100.0,
  "n_samples": 75,
  "model": "Ours",
  "case_id": 1354,
  "seed": 588,
  "epochs": 300,
  "n_params": 201243,
  "train_time_s": 619.5,
  "K_mean": 0.00044423845247365534,
  "R_mean": 0.0002705817751120776,
  "J_mean": 0.00018380412075202912
}