{
  "rho_mean": 0.05777923996249835,
  "rho_std": 0.0012920599674326027,
  "rho_min": 0.05474140867590904,
  "stability_rate": 100.0,
  "n_samples": 75,
  "model": "Ours",
  "case_id": 1354,
  "seed": 378,
  "epochs": 300,
  "n_params": 201243,
  "train_time_s": 626.9,
  "K_mean": 0.00044423661893233657,
  "R_mean": 0.0002706249069888145,
  "J_mean": 0.00018398062093183398
}