{
  "rho_mean": 0.057739676237106324,
  "rho_std": 0.0013729525311012903,
  "rho_min": 0.054866667836904526,
  "stability_rate": 100.0,
  "n_samples": 75,
  "model": "Ours",
  "case_id": 1354,
  "seed": 252,
  "epochs": 300,
  "n_params": 201243,
  "train_time_s": 641.7,
  "K_mean": 0.0004442341160029173,
  "R_mean": 0.00027065890026278794,
  "J_mean": 0.0001839860633481294
}