{
  "rho_mean": 0.05755074689785639,
  "rho_std": 0.0013585357987591182,
  "rho_min": 0.053692467510700226,
  "stability_rate": 100.0,
  "n_samples": 75,
  "model": "Ours",
  "case_id": 1354,
  "seed": 756,
  "epochs": 300,
  "n_params": 201243,
  "train_time_s": 561.2,
  "K_mean": 0.00044424113002605736,
  "R_mean": 0.0002705759834498167,
  "J_mean": 0.00018387484306003898
}