{
  "rho_mean": 0.057600286652644474,
  "rho_std": 0.001210397235622881,
  "rho_min": 0.053200721740722656,
  "stability_rate": 100.0,
  "n_samples": 75,
  "model": "Ours",
  "case_id": 1354,
  "seed": 84,
  "epochs": 300,
  "n_params": 201243,
  "train_time_s": 749.6,
  "K_mean": 0.0004442382778506726,
  "R_mean": 0.0002706142549868673,
  "J_mean": 0.00018392762285657227
}