{
  "rho_mean": 0.038415113811691604,
  "rho_std": 0.001181517259324826,
  "rho_min": 0.0346672423183918,
  "stability_rate": 100.0,
  "n_samples": 150,
  "model": "B-Hinf",
  "case_id": 57,
  "seed": 126,
  "epochs": 500,
  "n_params": 230158,
  "train_time_s": 1021.6,
  "K_mean": 0.0026213687378913164,
  "R_mean": 0.0013106843689456582,
  "J_mean": 0.0007864107028581202
}