{
  "rho_mean": 0.038377288877964016,
  "rho_std": 0.0011288745084116589,
  "rho_min": 0.03440569341182709,
  "stability_rate": 100.0,
  "n_samples": 150,
  "model": "B-Hinf",
  "case_id": 57,
  "seed": 168,
  "epochs": 500,
  "n_params": 230158,
  "train_time_s": 1010.6,
  "K_mean": 0.0026213687378913164,
  "R_mean": 0.0013106843689456582,
  "J_mean": 0.0007864107028581202
}