{
  "rho_mean": 0.03842404492199421,
  "rho_std": 0.0010439457135814998,
  "rho_min": 0.035371843725442886,
  "stability_rate": 100.0,
  "n_samples": 150,
  "model": "B-Hinf",
  "case_id": 57,
  "seed": 714,
  "epochs": 500,
  "n_params": 230158,
  "train_time_s": 643.9,
  "K_mean": 0.0026213687378913164,
  "R_mean": 0.0013106843689456582,
  "J_mean": 0.0007864107028581202
}