{
  "rho_mean": 0.03859432185689608,
  "rho_std": 0.000954026391667392,
  "rho_min": 0.035541657358407974,
  "stability_rate": 100.0,
  "n_samples": 150,
  "model": "B-Hinf",
  "case_id": 57,
  "seed": 420,
  "epochs": 500,
  "n_params": 230158,
  "train_time_s": 976.4,
  "K_mean": 0.0026213687378913164,
  "R_mean": 0.0013106843689456582,
  "J_mean": 0.0007864107028581202
}