{
  "rho_mean": 0.03862320711215337,
  "rho_std": 0.000949388236576504,
  "rho_min": 0.03532186523079872,
  "stability_rate": 100.0,
  "n_samples": 150,
  "model": "B-Hinf",
  "case_id": 57,
  "seed": 336,
  "epochs": 500,
  "n_params": 230158,
  "train_time_s": 956.8,
  "K_mean": 0.0026213687378913164,
  "R_mean": 0.0013106843689456582,
  "J_mean": 0.0007864107028581202
}