{
  "rho_mean": 0.03854762777686119,
  "rho_std": 0.0010270217184295079,
  "rho_min": 0.03463985025882721,
  "stability_rate": 100.0,
  "n_samples": 150,
  "model": "B-Hinf",
  "case_id": 57,
  "seed": 672,
  "epochs": 500,
  "n_params": 230158,
  "train_time_s": 688.9,
  "K_mean": 0.0026213687378913164,
  "R_mean": 0.0013106843689456582,
  "J_mean": 0.0007864107028581202
}