{
  "rho_mean": 0.038349418515960375,
  "rho_std": 0.0011573736545142591,
  "rho_min": 0.03391270339488983,
  "stability_rate": 100.0,
  "n_samples": 150,
  "model": "B-Hinf",
  "case_id": 57,
  "seed": 588,
  "epochs": 500,
  "n_params": 230158,
  "train_time_s": 792.6,
  "K_mean": 0.0026213687378913164,
  "R_mean": 0.0013106843689456582,
  "J_mean": 0.0007864107028581202
}