{
  "rho_mean": 0.038390605077147484,
  "rho_std": 0.0010567057532909498,
  "rho_min": 0.034638430923223495,
  "stability_rate": 100.0,
  "n_samples": 150,
  "model": "B-Hinf",
  "case_id": 57,
  "seed": 0,
  "epochs": 500,
  "n_params": 230158,
  "train_time_s": 1346.8,
  "K_mean": 0.0026213687378913164,
  "R_mean": 0.0013106843689456582,
  "J_mean": 0.0007864107028581202
}