{
  "rho_mean": 0.03861522960166137,
  "rho_std": 0.0009337183191127367,
  "rho_min": 0.03538678586483002,
  "stability_rate": 100.0,
  "n_samples": 150,
  "model": "B-Hinf",
  "case_id": 57,
  "seed": 210,
  "epochs": 500,
  "n_params": 230158,
  "train_time_s": 948.8,
  "K_mean": 0.0026213687378913164,
  "R_mean": 0.0013106843689456582,
  "J_mean": 0.0007864107028581202
}