{
  "rho_mean": 0.03837781662742297,
  "rho_std": 0.001032182890376714,
  "rho_min": 0.03560054674744606,
  "stability_rate": 100.0,
  "n_samples": 150,
  "model": "B-Hinf",
  "case_id": 57,
  "seed": 42,
  "epochs": 500,
  "n_params": 230158,
  "train_time_s": 1182.0,
  "K_mean": 0.0026213687378913164,
  "R_mean": 0.0013106843689456582,
  "J_mean": 0.0007864107028581202
}