{
  "rho_mean": 0.022298430850108464,
  "rho_std": 0.0002873910558863277,
  "rho_min": 0.0214034765958786,
  "stability_rate": 100.0,
  "n_samples": 150,
  "model": "B-ROPF",
  "case_id": 57,
  "seed": 42,
  "epochs": 500,
  "n_params": 142606,
  "train_time_s": 1254.0,
  "K_mean": 0.005242737475782633,
  "R_mean": 0.0,
  "J_mean": 0.0
}