{
  "rho_mean": 0.02227388319869836,
  "rho_std": 0.0002953676997214301,
  "rho_min": 0.021434642374515533,
  "stability_rate": 100.0,
  "n_samples": 150,
  "model": "B-ROPF",
  "case_id": 57,
  "seed": 630,
  "epochs": 500,
  "n_params": 142606,
  "train_time_s": 692.6,
  "K_mean": 0.005242737475782633,
  "R_mean": 0.0,
  "J_mean": 0.0
}