{
  "rho_mean": 0.022291352798541386,
  "rho_std": 0.0002765057951848811,
  "rho_min": 0.021258052438497543,
  "stability_rate": 100.0,
  "n_samples": 150,
  "model": "B-ROPF",
  "case_id": 57,
  "seed": 252,
  "epochs": 500,
  "n_params": 142606,
  "train_time_s": 967.0,
  "K_mean": 0.005242737475782633,
  "R_mean": 0.0,
  "J_mean": 0.0
}