{
  "rho_mean": 0.022257238750656445,
  "rho_std": 0.00028928186960088323,
  "rho_min": 0.021533537656068802,
  "stability_rate": 100.0,
  "n_samples": 150,
  "model": "B-ROPF",
  "case_id": 57,
  "seed": 756,
  "epochs": 500,
  "n_params": 142606,
  "train_time_s": 657.7,
  "K_mean": 0.005242737475782633,
  "R_mean": 0.0,
  "J_mean": 0.0
}