{
  "rho_mean": 0.022262109691898027,
  "rho_std": 0.00024595940808811383,
  "rho_min": 0.02150927484035492,
  "stability_rate": 100.0,
  "n_samples": 150,
  "model": "B-ROPF",
  "case_id": 57,
  "seed": 462,
  "epochs": 500,
  "n_params": 142606,
  "train_time_s": 909.5,
  "K_mean": 0.005242737475782633,
  "R_mean": 0.0,
  "J_mean": 0.0
}