{
  "rho_mean": 0.022296009932955108,
  "rho_std": 0.00023699591083077226,
  "rho_min": 0.021622363477945328,
  "stability_rate": 100.0,
  "n_samples": 150,
  "model": "B-ROPF",
  "case_id": 57,
  "seed": 714,
  "epochs": 500,
  "n_params": 142606,
  "train_time_s": 648.1,
  "K_mean": 0.005242737475782633,
  "R_mean": 0.0,
  "J_mean": 0.0
}