{
  "rho_mean": 0.022299509843190513,
  "rho_std": 0.00027112735966484204,
  "rho_min": 0.021571919322013855,
  "stability_rate": 100.0,
  "n_samples": 150,
  "model": "B-ROPF",
  "case_id": 57,
  "seed": 378,
  "epochs": 500,
  "n_params": 142606,
  "train_time_s": 989.2,
  "K_mean": 0.005242737475782633,
  "R_mean": 0.0,
  "J_mean": 0.0
}