{
  "rho_mean": 0.02232117973268032,
  "rho_std": 0.0002708890333142186,
  "rho_min": 0.021622247993946075,
  "stability_rate": 100.0,
  "n_samples": 150,
  "model": "B-ROPF",
  "case_id": 57,
  "seed": 546,
  "epochs": 500,
  "n_params": 142606,
  "train_time_s": 833.5,
  "K_mean": 0.005242737475782633,
  "R_mean": 0.0,
  "J_mean": 0.0
}