{
  "rho_mean": 0.022244008878866833,
  "rho_std": 0.00028836256792899085,
  "rho_min": 0.021211925894021988,
  "stability_rate": 100.0,
  "n_samples": 150,
  "model": "B-ROPF",
  "case_id": 57,
  "seed": 126,
  "epochs": 500,
  "n_params": 142606,
  "train_time_s": 1089.9,
  "K_mean": 0.005242737475782633,
  "R_mean": 0.0,
  "J_mean": 0.0
}