{
  "rho_mean": 0.02229484568039576,
  "rho_std": 0.00029726714779148997,
  "rho_min": 0.02097446843981743,
  "stability_rate": 100.0,
  "n_samples": 150,
  "model": "B-ROPF",
  "case_id": 57,
  "seed": 84,
  "epochs": 500,
  "n_params": 142606,
  "train_time_s": 1147.3,
  "K_mean": 0.005242737475782633,
  "R_mean": 0.0,
  "J_mean": 0.0
}