{
  "rho_mean": 0.0374173824985822,
  "rho_std": 0.001169133251729169,
  "rho_min": 0.03387554734945297,
  "stability_rate": 100.0,
  "n_samples": 150,
  "model": "B-SOPF",
  "case_id": 57,
  "seed": 420,
  "epochs": 500,
  "n_params": 142606,
  "train_time_s": 972.5,
  "K_mean": 0.005242737475782633,
  "R_mean": 0.0,
  "J_mean": 0.0
}