{
  "rho_mean": 0.037294600481788315,
  "rho_std": 0.0012125339087243473,
  "rho_min": 0.033835627138614655,
  "stability_rate": 100.0,
  "n_samples": 150,
  "model": "B-SOPF",
  "case_id": 57,
  "seed": 546,
  "epochs": 500,
  "n_params": 142606,
  "train_time_s": 835.2,
  "K_mean": 0.005242737475782633,
  "R_mean": 0.0,
  "J_mean": 0.0
}