{
  "rho_mean": 0.03726847047607104,
  "rho_std": 0.001353505166334957,
  "rho_min": 0.032243795692920685,
  "stability_rate": 100.0,
  "n_samples": 150,
  "model": "B-SOPF",
  "case_id": 57,
  "seed": 252,
  "epochs": 500,
  "n_params": 142606,
  "train_time_s": 988.0,
  "K_mean": 0.005242737475782633,
  "R_mean": 0.0,
  "J_mean": 0.0
}