{
  "rho_mean": 0.03711845566829046,
  "rho_std": 0.001415906126345315,
  "rho_min": 0.031342871487140656,
  "stability_rate": 100.0,
  "n_samples": 150,
  "model": "B-SOPF",
  "case_id": 57,
  "seed": 588,
  "epochs": 500,
  "n_params": 142606,
  "train_time_s": 720.2,
  "K_mean": 0.005242737475782633,
  "R_mean": 0.0,
  "J_mean": 0.0
}