{
  "rho_mean": 0.037358928521474204,
  "rho_std": 0.0012430936492396206,
  "rho_min": 0.03271399810910225,
  "stability_rate": 100.0,
  "n_samples": 150,
  "model": "B-SOPF",
  "case_id": 57,
  "seed": 672,
  "epochs": 500,
  "n_params": 142606,
  "train_time_s": 661.9,
  "K_mean": 0.005242737475782633,
  "R_mean": 0.0,
  "J_mean": 0.0
}