{
  "rho_mean": 0.03744299277663231,
  "rho_std": 0.0011631159267481467,
  "rho_min": 0.03341396525502205,
  "stability_rate": 100.0,
  "n_samples": 150,
  "model": "B-SOPF",
  "case_id": 57,
  "seed": 336,
  "epochs": 500,
  "n_params": 142606,
  "train_time_s": 958.8,
  "K_mean": 0.005242737475782633,
  "R_mean": 0.0,
  "J_mean": 0.0
}