{
  "rho_mean": 0.03734088328977426,
  "rho_std": 0.0012357581517708567,
  "rho_min": 0.03304675593972206,
  "stability_rate": 100.0,
  "n_samples": 150,
  "model": "B-SOPF",
  "case_id": 57,
  "seed": 378,
  "epochs": 500,
  "n_params": 142606,
  "train_time_s": 983.9,
  "K_mean": 0.005242737475782633,
  "R_mean": 0.0,
  "J_mean": 0.0
}