{
  "rho_mean": 0.03731152882178625,
  "rho_std": 0.0012778649838697392,
  "rho_min": 0.03235389292240143,
  "stability_rate": 100.0,
  "n_samples": 150,
  "model": "B-SOPF",
  "case_id": 57,
  "seed": 294,
  "epochs": 500,
  "n_params": 142606,
  "train_time_s": 981.4,
  "K_mean": 0.005242737475782633,
  "R_mean": 0.0,
  "J_mean": 0.0
}