{
  "rho_mean": 0.03737354469796022,
  "rho_std": 0.0011342340982726747,
  "rho_min": 0.03450777381658554,
  "stability_rate": 100.0,
  "n_samples": 150,
  "model": "B-SOPF",
  "case_id": 57,
  "seed": 756,
  "epochs": 500,
  "n_params": 142606,
  "train_time_s": 624.3,
  "K_mean": 0.005242737475782633,
  "R_mean": 0.0,
  "J_mean": 0.0
}