{
  "rho_mean": 0.03716995472709338,
  "rho_std": 0.001446184220239766,
  "rho_min": 0.03277507796883583,
  "stability_rate": 100.0,
  "n_samples": 150,
  "model": "B-SOPF",
  "case_id": 57,
  "seed": 126,
  "epochs": 500,
  "n_params": 142606,
  "train_time_s": 1028.3,
  "K_mean": 0.005242737475782633,
  "R_mean": 0.0,
  "J_mean": 0.0
}