{
  "rho_mean": 0.03714609595636527,
  "rho_std": 0.0012805886518573286,
  "rho_min": 0.033720359206199646,
  "stability_rate": 100.0,
  "n_samples": 150,
  "model": "B-SOPF",
  "case_id": 57,
  "seed": 42,
  "epochs": 500,
  "n_params": 142606,
  "train_time_s": 1246.6,
  "K_mean": 0.005242737475782633,
  "R_mean": 0.0,
  "J_mean": 0.0
}