{
  "rho_mean": 0.03726624702413877,
  "rho_std": 0.0012725319847027737,
  "rho_min": 0.03368997573852539,
  "stability_rate": 100.0,
  "n_samples": 150,
  "model": "B-SOPF",
  "case_id": 57,
  "seed": 462,
  "epochs": 500,
  "n_params": 142606,
  "train_time_s": 936.5,
  "K_mean": 0.005242737475782633,
  "R_mean": 0.0,
  "J_mean": 0.0
}