{
  "rho_mean": 0.037159987365206086,
  "rho_std": 0.0012811515795872507,
  "rho_min": 0.03272164240479469,
  "stability_rate": 100.0,
  "n_samples": 150,
  "model": "B-SOPF",
  "case_id": 57,
  "seed": 0,
  "epochs": 500,
  "n_params": 142606,
  "train_time_s": 1506.3,
  "K_mean": 0.005242737475782633,
  "R_mean": 0.0,
  "J_mean": 0.0
}