{
  "rho_mean": 0.037106833184758825,
  "rho_std": 0.0013898530318180845,
  "rho_min": 0.03200848773121834,
  "stability_rate": 100.0,
  "n_samples": 150,
  "model": "B-SOPF",
  "case_id": 57,
  "seed": 84,
  "epochs": 500,
  "n_params": 142606,
  "train_time_s": 1108.1,
  "K_mean": 0.005242737475782633,
  "R_mean": 0.0,
  "J_mean": 0.0
}