{
  "rho_mean": 0.03720443030198415,
  "rho_std": 0.0012650862353183634,
  "rho_min": 0.033543910831213,
  "stability_rate": 100.0,
  "n_samples": 150,
  "model": "B-SOPF",
  "case_id": 57,
  "seed": 714,
  "epochs": 500,
  "n_params": 142606,
  "train_time_s": 616.5,
  "K_mean": 0.005242737475782633,
  "R_mean": 0.0,
  "J_mean": 0.0
}