{
  "rho_mean": 0.037337005337079364,
  "rho_std": 0.0011954377865715819,
  "rho_min": 0.034139856696128845,
  "stability_rate": 100.0,
  "n_samples": 150,
  "model": "B-SOPF",
  "case_id": 57,
  "seed": 504,
  "epochs": 500,
  "n_params": 142606,
  "train_time_s": 887.2,
  "K_mean": 0.005242737475782633,
  "R_mean": 0.0,
  "J_mean": 0.0
}