{
  "rho_mean": 0.03744029817481836,
  "rho_std": 0.0011342397346432416,
  "rho_min": 0.033423278480768204,
  "stability_rate": 100.0,
  "n_samples": 150,
  "model": "B-SOPF",
  "case_id": 57,
  "seed": 630,
  "epochs": 500,
  "n_params": 142606,
  "train_time_s": 678.8,
  "K_mean": 0.005242737475782633,
  "R_mean": 0.0,
  "J_mean": 0.0
}