{
  "rho_mean": 0.04011541413764159,
  "rho_std": 9.899441953499828e-05,
  "rho_min": 0.03985999897122383,
  "stability_rate": 100.0,
  "n_samples": 150,
  "model": "B10",
  "case_id": 57,
  "seed": 546,
  "epochs": 500,
  "n_params": 470429,
  "train_time_s": 920.3,
  "K_mean": 0.0019158991053700447,
  "R_mean": 0.0,
  "J_mean": 0.0
}