{
  "rho_mean": 0.04010809756815434,
  "rho_std": 0.00010344713927974338,
  "rho_min": 0.03979882225394249,
  "stability_rate": 100.0,
  "n_samples": 150,
  "model": "B10",
  "case_id": 57,
  "seed": 798,
  "epochs": 500,
  "n_params": 470429,
  "train_time_s": 464.6,
  "K_mean": 0.0019159788498654962,
  "R_mean": 0.0,
  "J_mean": 0.0
}