{
  "rho_mean": 0.04010711334645748,
  "rho_std": 0.00010502495191407964,
  "rho_min": 0.039780013263225555,
  "stability_rate": 100.0,
  "n_samples": 150,
  "model": "B10",
  "case_id": 57,
  "seed": 42,
  "epochs": 500,
  "n_params": 470429,
  "train_time_s": 1604.3,
  "K_mean": 0.00191586057189852,
  "R_mean": 0.0,
  "J_mean": 0.0
}