{
  "rho_mean": 0.040102276926239334,
  "rho_std": 0.00010318619887678819,
  "rho_min": 0.039807915687561035,
  "stability_rate": 100.0,
  "n_samples": 150,
  "model": "B10",
  "case_id": 57,
  "seed": 504,
  "epochs": 500,
  "n_params": 470429,
  "train_time_s": 944.6,
  "K_mean": 0.0019160972442477942,
  "R_mean": 0.0,
  "J_mean": 0.0
}