{
  "rho_mean": 0.04009204628566901,
  "rho_std": 0.00010571171119398449,
  "rho_min": 0.0398276150226593,
  "stability_rate": 100.0,
  "n_samples": 150,
  "model": "B10",
  "case_id": 57,
  "seed": 756,
  "epochs": 500,
  "n_params": 470429,
  "train_time_s": 527.6,
  "K_mean": 0.0019158993382006884,
  "R_mean": 0.0,
  "J_mean": 0.0
}