{
  "rho_mean": 0.040102976113557814,
  "rho_std": 0.00010896544085241344,
  "rho_min": 0.03982771560549736,
  "stability_rate": 100.0,
  "n_samples": 150,
  "model": "B10",
  "case_id": 57,
  "seed": 0,
  "epochs": 500,
  "n_params": 470429,
  "train_time_s": 1809.8,
  "K_mean": 0.0019159041112288833,
  "R_mean": 0.0,
  "J_mean": 0.0
}