{
  "rho_mean": 0.040099934935569764,
  "rho_std": 0.000115836986292044,
  "rho_min": 0.039755161851644516,
  "stability_rate": 100.0,
  "n_samples": 150,
  "model": "B10",
  "case_id": 57,
  "seed": 168,
  "epochs": 500,
  "n_params": 470429,
  "train_time_s": 1314.5,
  "K_mean": 0.0019157995702698827,
  "R_mean": 0.0,
  "J_mean": 0.0
}