{
  "rho_mean": 0.0401146158327659,
  "rho_std": 9.831988007252287e-05,
  "rho_min": 0.03970944136381149,
  "stability_rate": 100.0,
  "n_samples": 150,
  "model": "B10",
  "case_id": 57,
  "seed": 672,
  "epochs": 500,
  "n_params": 470429,
  "train_time_s": 580.8,
  "K_mean": 0.0019157768692821264,
  "R_mean": 0.0,
  "J_mean": 0.0
}