{
  "rho_mean": 0.040111573313673335,
  "rho_std": 0.00010540652999473747,
  "rho_min": 0.03968522325158119,
  "stability_rate": 100.0,
  "n_samples": 150,
  "model": "B10",
  "case_id": 57,
  "seed": 588,
  "epochs": 500,
  "n_params": 470429,
  "train_time_s": 767.2,
  "K_mean": 0.001915970235131681,
  "R_mean": 0.0,
  "J_mean": 0.0
}