{
  "rho_mean": 0.04009886731704076,
  "rho_std": 0.00010316455850638997,
  "rho_min": 0.03985109552741051,
  "stability_rate": 100.0,
  "n_samples": 150,
  "model": "B10",
  "case_id": 57,
  "seed": 210,
  "epochs": 500,
  "n_params": 470429,
  "train_time_s": 1334.4,
  "K_mean": 0.0019157927017658949,
  "R_mean": 0.0,
  "J_mean": 0.0
}