{
  "rho_mean": 0.04011756477256616,
  "rho_std": 9.774298351053022e-05,
  "rho_min": 0.039831195026636124,
  "stability_rate": 100.0,
  "n_samples": 150,
  "model": "B10",
  "case_id": 57,
  "seed": 420,
  "epochs": 500,
  "n_params": 470429,
  "train_time_s": 1111.9,
  "K_mean": 0.001915716682560742,
  "R_mean": 0.0,
  "J_mean": 0.0
}