{
  "rho_mean": 0.028958277522275845,
  "rho_std": 0.005801973745333089,
  "rho_min": 0.006945762783288956,
  "stability_rate": 100.0,
  "n_samples": 150,
  "model": "B11",
  "case_id": 57,
  "seed": 672,
  "epochs": 500,
  "n_params": 487833,
  "train_time_s": 570.8,
  "K_mean": 0.012334193103015423,
  "R_mean": 0.007400519214570522,
  "J_mean": 0.0049336799420416355
}