{
  "rho_mean": 0.028655756103495758,
  "rho_std": 0.005886820025932732,
  "rho_min": 0.011665849015116692,
  "stability_rate": 100.0,
  "n_samples": 150,
  "model": "B11",
  "case_id": 57,
  "seed": 462,
  "epochs": 500,
  "n_params": 487833,
  "train_time_s": 974.4,
  "K_mean": 0.012334193103015423,
  "R_mean": 0.007400519214570522,
  "J_mean": 0.0049336799420416355
}