{
  "rho_mean": 0.029407792997856935,
  "rho_std": 0.005353205676751572,
  "rho_min": 0.010805141180753708,
  "stability_rate": 100.0,
  "n_samples": 150,
  "model": "B11",
  "case_id": 57,
  "seed": 336,
  "epochs": 500,
  "n_params": 487833,
  "train_time_s": 1293.2,
  "K_mean": 0.012334193103015423,
  "R_mean": 0.007400519214570522,
  "J_mean": 0.0049336799420416355
}