{
  "rho_mean": 0.028096854174509644,
  "rho_std": 0.0059686398297216165,
  "rho_min": 0.006926341447979212,
  "stability_rate": 100.0,
  "n_samples": 150,
  "model": "B11",
  "case_id": 57,
  "seed": 0,
  "epochs": 500,
  "n_params": 487833,
  "train_time_s": 1884.0,
  "K_mean": 0.012334193103015423,
  "R_mean": 0.007400519214570522,
  "J_mean": 0.0049336799420416355
}