{
  "rho_mean": 0.028933849669992923,
  "rho_std": 0.005543985141013841,
  "rho_min": 0.013385164551436901,
  "stability_rate": 100.0,
  "n_samples": 150,
  "model": "B11",
  "case_id": 57,
  "seed": 504,
  "epochs": 500,
  "n_params": 487833,
  "train_time_s": 900.5,
  "K_mean": 0.012334193103015423,
  "R_mean": 0.007400519214570522,
  "J_mean": 0.0049336799420416355
}