{
  "rho_mean": 0.028004965130239725,
  "rho_std": 0.005799752130604849,
  "rho_min": 0.012290412560105324,
  "stability_rate": 100.0,
  "n_samples": 150,
  "model": "B11",
  "case_id": 57,
  "seed": 42,
  "epochs": 500,
  "n_params": 487833,
  "train_time_s": 1486.8,
  "K_mean": 0.012334193103015423,
  "R_mean": 0.007400519214570522,
  "J_mean": 0.0049336799420416355
}