{
  "rho_mean": 0.02795829146479567,
  "rho_std": 0.005768531877776988,
  "rho_min": 0.01126024778932333,
  "stability_rate": 100.0,
  "n_samples": 150,
  "model": "B11",
  "case_id": 57,
  "seed": 798,
  "epochs": 500,
  "n_params": 487833,
  "train_time_s": 474.2,
  "K_mean": 0.012334193103015423,
  "R_mean": 0.007400519214570522,
  "J_mean": 0.0049336799420416355
}