{
  "rho_mean": 0.028010811991989612,
  "rho_std": 0.006362215957164394,
  "rho_min": 0.005650391802191734,
  "stability_rate": 100.0,
  "n_samples": 150,
  "model": "B11",
  "case_id": 57,
  "seed": 168,
  "epochs": 500,
  "n_params": 487833,
  "train_time_s": 1252.2,
  "K_mean": 0.012334193103015423,
  "R_mean": 0.007400519214570522,
  "J_mean": 0.0049336799420416355
}