{
  "rho_mean": 0.02944701257472237,
  "rho_std": 0.005226705619166497,
  "rho_min": 0.011894306167960167,
  "stability_rate": 100.0,
  "n_samples": 150,
  "model": "B11",
  "case_id": 57,
  "seed": 630,
  "epochs": 500,
  "n_params": 487833,
  "train_time_s": 686.5,
  "K_mean": 0.012334193103015423,
  "R_mean": 0.007400519214570522,
  "J_mean": 0.0049336799420416355
}