{
  "rho_mean": 0.028918951209634544,
  "rho_std": 0.0056364335214526985,
  "rho_min": 0.01024839747697115,
  "stability_rate": 100.0,
  "n_samples": 150,
  "model": "B11",
  "case_id": 57,
  "seed": 378,
  "epochs": 500,
  "n_params": 487833,
  "train_time_s": 1177.3,
  "K_mean": 0.012334193103015423,
  "R_mean": 0.007400519214570522,
  "J_mean": 0.0049336799420416355
}