{
  "rho_mean": 0.02921446058899164,
  "rho_std": 0.005388514748148137,
  "rho_min": 0.011853797361254692,
  "stability_rate": 100.0,
  "n_samples": 150,
  "model": "B11",
  "case_id": 57,
  "seed": 420,
  "epochs": 500,
  "n_params": 487833,
  "train_time_s": 1077.4,
  "K_mean": 0.012334193103015423,
  "R_mean": 0.007400519214570522,
  "J_mean": 0.0049336799420416355
}