{
  "rho_mean": 0.02859742091658215,
  "rho_std": 0.006254214602300114,
  "rho_min": 0.0046238680370152,
  "stability_rate": 100.0,
  "n_samples": 150,
  "model": "B11",
  "case_id": 57,
  "seed": 252,
  "epochs": 500,
  "n_params": 487833,
  "train_time_s": 1340.9,
  "K_mean": 0.012334193103015423,
  "R_mean": 0.007400519214570522,
  "J_mean": 0.0049336799420416355
}