{
  "rho_mean": 0.02917207737142841,
  "rho_std": 0.005237895960796732,
  "rho_min": 0.015031862072646618,
  "stability_rate": 100.0,
  "n_samples": 150,
  "model": "B11",
  "case_id": 57,
  "seed": 756,
  "epochs": 500,
  "n_params": 487833,
  "train_time_s": 500.6,
  "K_mean": 0.012334193103015423,
  "R_mean": 0.007400519214570522,
  "J_mean": 0.0049336799420416355
}