{
  "rho_mean": 0.04000353552401066,
  "rho_std": 0.00011791340577505853,
  "rho_min": 0.039710793644189835,
  "stability_rate": 100.0,
  "n_samples": 150,
  "model": "B12",
  "case_id": 57,
  "seed": 462,
  "epochs": 500,
  "n_params": 470428,
  "train_time_s": 1020.3,
  "K_mean": 0.001916243927553296,
  "R_mean": 0.0,
  "J_mean": 0.0
}