{
  "rho_mean": 0.04003420683244864,
  "rho_std": 0.00011787201343077398,
  "rho_min": 0.03973560407757759,
  "stability_rate": 100.0,
  "n_samples": 150,
  "model": "B12",
  "case_id": 57,
  "seed": 420,
  "epochs": 500,
  "n_params": 470428,
  "train_time_s": 1127.2,
  "K_mean": 0.001915849861688912,
  "R_mean": 0.0,
  "J_mean": 0.0
}