{
  "rho_mean": 0.04001522754629453,
  "rho_std": 0.0001284584658438682,
  "rho_min": 0.0395476296544075,
  "stability_rate": 100.0,
  "n_samples": 150,
  "model": "B12",
  "case_id": 57,
  "seed": 294,
  "epochs": 500,
  "n_params": 470428,
  "train_time_s": 1290.8,
  "K_mean": 0.0019159098155796528,
  "R_mean": 0.0,
  "J_mean": 0.0
}