{
  "rho_mean": 0.040008943354090054,
  "rho_std": 0.00013730155749336654,
  "rho_min": 0.03961118683218956,
  "stability_rate": 100.0,
  "n_samples": 150,
  "model": "B12",
  "case_id": 57,
  "seed": 42,
  "epochs": 500,
  "n_params": 470428,
  "train_time_s": 1523.2,
  "K_mean": 0.001916171284392476,
  "R_mean": 0.0,
  "J_mean": 0.0
}