{
  "rho_mean": 0.040005322570602096,
  "rho_std": 0.00013759952830880303,
  "rho_min": 0.039415039122104645,
  "stability_rate": 100.0,
  "n_samples": 150,
  "model": "B12",
  "case_id": 57,
  "seed": 84,
  "epochs": 500,
  "n_params": 470428,
  "train_time_s": 1358.2,
  "K_mean": 0.0019161324016749859,
  "R_mean": 0.0,
  "J_mean": 0.0
}