{
  "rho_mean": 0.04002764011422793,
  "rho_std": 0.00011803722438742685,
  "rho_min": 0.03968215733766556,
  "stability_rate": 100.0,
  "n_samples": 150,
  "model": "B12",
  "case_id": 57,
  "seed": 672,
  "epochs": 500,
  "n_params": 470428,
  "train_time_s": 597.2,
  "K_mean": 0.0019160754745826125,
  "R_mean": 0.0,
  "J_mean": 0.0
}