{
  "rho_mean": 0.04000939612587293,
  "rho_std": 0.00011463291516357122,
  "rho_min": 0.03968697413802147,
  "stability_rate": 100.0,
  "n_samples": 150,
  "model": "B12",
  "case_id": 57,
  "seed": 714,
  "epochs": 500,
  "n_params": 470428,
  "train_time_s": 580.9,
  "K_mean": 0.0019162511453032494,
  "R_mean": 0.0,
  "J_mean": 0.0
}