{
  "rho_mean": 0.040012066786487895,
  "rho_std": 0.0001239997978626619,
  "rho_min": 0.03964943811297417,
  "stability_rate": 100.0,
  "n_samples": 150,
  "model": "B12",
  "case_id": 57,
  "seed": 798,
  "epochs": 500,
  "n_params": 470428,
  "train_time_s": 468.4,
  "K_mean": 0.0019162308890372515,
  "R_mean": 0.0,
  "J_mean": 0.0
}