{
  "rho_mean": 0.04001791425049305,
  "rho_std": 0.00012070037047758099,
  "rho_min": 0.039710354059934616,
  "stability_rate": 100.0,
  "n_samples": 150,
  "model": "B12",
  "case_id": 57,
  "seed": 210,
  "epochs": 500,
  "n_params": 470428,
  "train_time_s": 1257.8,
  "K_mean": 0.001916086534038186,
  "R_mean": 0.0,
  "J_mean": 0.0
}