{
  "rho_mean": 0.04001509482661883,
  "rho_std": 0.00012137737966223576,
  "rho_min": 0.03967741131782532,
  "stability_rate": 100.0,
  "n_samples": 150,
  "model": "B12",
  "case_id": 57,
  "seed": 504,
  "epochs": 500,
  "n_params": 470428,
  "train_time_s": 930.3,
  "K_mean": 0.0019163518445566297,
  "R_mean": 0.0,
  "J_mean": 0.0
}