{
  "rho_mean": 0.040024251888195674,
  "rho_std": 0.00012510359628160352,
  "rho_min": 0.039644066244363785,
  "stability_rate": 100.0,
  "n_samples": 150,
  "model": "B12",
  "case_id": 57,
  "seed": 336,
  "epochs": 500,
  "n_params": 470428,
  "train_time_s": 1372.6,
  "K_mean": 0.001916006556712091,
  "R_mean": 0.0,
  "J_mean": 0.0
}