{
  "rho_mean": 0.03630934190005064,
  "rho_std": 0.002122296789768289,
  "rho_min": 0.02947402000427246,
  "stability_rate": 100.0,
  "n_samples": 150,
  "model": "Ours",
  "case_id": 57,
  "seed": 420,
  "epochs": 500,
  "n_params": 487854,
  "train_time_s": 1043.7,
  "K_mean": 0.0045439694076776505,
  "R_mean": 0.0029130843468010426,
  "J_mean": 0.002076135016977787
}