{
  "rho_mean": 0.03619482313593229,
  "rho_std": 0.0022227815745745525,
  "rho_min": 0.028896046802401543,
  "stability_rate": 100.0,
  "n_samples": 150,
  "model": "Ours",
  "case_id": 57,
  "seed": 378,
  "epochs": 500,
  "n_params": 487854,
  "train_time_s": 1220.1,
  "K_mean": 0.004543727729469538,
  "R_mean": 0.002922593615949154,
  "J_mean": 0.002050860319286585
}