{
  "rho_mean": 0.03610009387135506,
  "rho_std": 0.002196310289333363,
  "rho_min": 0.029828105121850967,
  "stability_rate": 100.0,
  "n_samples": 150,
  "model": "Ours",
  "case_id": 57,
  "seed": 546,
  "epochs": 500,
  "n_params": 487854,
  "train_time_s": 888.2,
  "K_mean": 0.004542829934507608,
  "R_mean": 0.002906618406996131,
  "J_mean": 0.0020782912615686655
}