{
  "rho_mean": 0.036411359049379824,
  "rho_std": 0.0020536404059035497,
  "rho_min": 0.029589112848043442,
  "stability_rate": 100.0,
  "n_samples": 150,
  "model": "Ours",
  "case_id": 57,
  "seed": 630,
  "epochs": 500,
  "n_params": 487854,
  "train_time_s": 609.5,
  "K_mean": 0.004547664429992437,
  "R_mean": 0.002909389091655612,
  "J_mean": 0.0020629114005714655
}