{
  "rho_mean": 0.035830956026911734,
  "rho_std": 0.002512620199594861,
  "rho_min": 0.027016237378120422,
  "stability_rate": 100.0,
  "n_samples": 150,
  "model": "Ours",
  "case_id": 57,
  "seed": 168,
  "epochs": 500,
  "n_params": 487854,
  "train_time_s": 1452.7,
  "K_mean": 0.004544621333479881,
  "R_mean": 0.0029187717009335756,
  "J_mean": 0.0020759948529303074
}