{
  "rho_mean": 0.036180899689594904,
  "rho_std": 0.002314318131390322,
  "rho_min": 0.02740190178155899,
  "stability_rate": 100.0,
  "n_samples": 150,
  "model": "Ours",
  "case_id": 57,
  "seed": 672,
  "epochs": 500,
  "n_params": 487854,
  "train_time_s": 594.1,
  "K_mean": 0.004543383605778217,
  "R_mean": 0.0029447453562170267,
  "J_mean": 0.002072629053145647
}