{
  "rho_mean": 0.036184315147499244,
  "rho_std": 0.002205019517066026,
  "rho_min": 0.02999597229063511,
  "stability_rate": 100.0,
  "n_samples": 150,
  "model": "Ours",
  "case_id": 57,
  "seed": 504,
  "epochs": 500,
  "n_params": 487854,
  "train_time_s": 919.9,
  "K_mean": 0.004544943571090698,
  "R_mean": 0.0029371450655162334,
  "J_mean": 0.002058097394183278
}