{
  "rho_mean": 0.035767755806446075,
  "rho_std": 0.0025717160301911833,
  "rho_min": 0.026200314983725548,
  "stability_rate": 100.0,
  "n_samples": 150,
  "model": "Ours",
  "case_id": 57,
  "seed": 588,
  "epochs": 500,
  "n_params": 487854,
  "train_time_s": 697.2,
  "K_mean": 0.0045443689450621605,
  "R_mean": 0.002920998027548194,
  "J_mean": 0.002048887312412262
}