{
  "rho_mean": 0.03583065612862508,
  "rho_std": 0.0022826747054542334,
  "rho_min": 0.02963230386376381,
  "stability_rate": 100.0,
  "n_samples": 150,
  "model": "Ours",
  "case_id": 57,
  "seed": 42,
  "epochs": 500,
  "n_params": 487854,
  "train_time_s": 1605.1,
  "K_mean": 0.00454394007101655,
  "R_mean": 0.0029135746881365776,
  "J_mean": 0.0020870165899395943
}