{
  "rho_mean": 0.036120120423535504,
  "rho_std": 0.0023357466013712172,
  "rho_min": 0.026522070169448853,
  "stability_rate": 100.0,
  "n_samples": 150,
  "model": "Ours",
  "case_id": 57,
  "seed": 294,
  "epochs": 500,
  "n_params": 487854,
  "train_time_s": 1381.4,
  "K_mean": 0.004543983843177557,
  "R_mean": 0.0029511020984500647,
  "J_mean": 0.002056876663118601
}