{
  "rho_mean": 0.036389498027662434,
  "rho_std": 0.0021106731985308983,
  "rho_min": 0.029057422652840614,
  "stability_rate": 100.0,
  "n_samples": 150,
  "model": "Ours",
  "case_id": 57,
  "seed": 336,
  "epochs": 500,
  "n_params": 487854,
  "train_time_s": 1362.6,
  "K_mean": 0.004546414595097303,
  "R_mean": 0.002918092766776681,
  "J_mean": 0.0020503520499914885
}