{
  "rho_mean": 0.03632784254848957,
  "rho_std": 0.0021098872100217725,
  "rho_min": 0.028970137238502502,
  "stability_rate": 100.0,
  "n_samples": 150,
  "model": "Ours",
  "case_id": 57,
  "seed": 210,
  "epochs": 500,
  "n_params": 487854,
  "train_time_s": 1428.0,
  "K_mean": 0.004549573641270399,
  "R_mean": 0.00295809144154191,
  "J_mean": 0.002103332430124283
}