{
  "rho_mean": 0.03574151749412219,
  "rho_std": 0.0025425729779129575,
  "rho_min": 0.026319948956370354,
  "stability_rate": 100.0,
  "n_samples": 150,
  "model": "Ours",
  "case_id": 57,
  "seed": 84,
  "epochs": 500,
  "n_params": 487854,
  "train_time_s": 1488.2,
  "K_mean": 0.004545941483229399,
  "R_mean": 0.0029359885957092047,
  "J_mean": 0.0020750060211867094
}