{
  "rho_mean": 0.03609473440796137,
  "rho_std": 0.002323496642669257,
  "rho_min": 0.029433544725179672,
  "stability_rate": 100.0,
  "n_samples": 150,
  "model": "Ours",
  "case_id": 57,
  "seed": 462,
  "epochs": 500,
  "n_params": 487854,
  "train_time_s": 960.6,
  "K_mean": 0.004541647620499134,
  "R_mean": 0.002915141871199012,
  "J_mean": 0.0020789997652173042
}