{
  "rho_mean": 0.03627028743426005,
  "rho_std": 0.002088522019759368,
  "rho_min": 0.03062337264418602,
  "stability_rate": 100.0,
  "n_samples": 150,
  "model": "Ours",
  "case_id": 57,
  "seed": 756,
  "epochs": 500,
  "n_params": 487854,
  "train_time_s": 503.3,
  "K_mean": 0.004545306786894798,
  "R_mean": 0.00294995098374784,
  "J_mean": 0.002065446926280856
}