{
  "rho_mean": 0.03607858053098122,
  "rho_std": 0.0024647287488842305,
  "rho_min": 0.026587126776576042,
  "stability_rate": 100.0,
  "n_samples": 150,
  "model": "Ours",
  "case_id": 57,
  "seed": 252,
  "epochs": 500,
  "n_params": 487854,
  "train_time_s": 1431.5,
  "K_mean": 0.0045399898663163185,
  "R_mean": 0.0029124640859663486,
  "J_mean": 0.0020369647536426783
}