{
  "rho_mean": 0.035915808429320656,
  "rho_std": 0.0026379839197648272,
  "rho_min": 0.02753429301083088,
  "stability_rate": 100.0,
  "n_samples": 150,
  "model": "Ours",
  "case_id": 57,
  "seed": 126,
  "epochs": 500,
  "n_params": 487854,
  "train_time_s": 1427.2,
  "K_mean": 0.004546223673969507,
  "R_mean": 0.002929143840447068,
  "J_mean": 0.0020782211795449257
}