{
  "rho_mean": 0.035848559302588304,
  "rho_std": 0.002371566858249616,
  "rho_min": 0.027458949014544487,
  "stability_rate": 100.0,
  "n_samples": 150,
  "model": "Ours",
  "case_id": 57,
  "seed": 0,
  "epochs": 500,
  "n_params": 487854,
  "train_time_s": 1852.9,
  "K_mean": 0.0045488933101296425,
  "R_mean": 0.0029392936266958714,
  "J_mean": 0.002051395596936345
}