{
  "rho_mean": 0.03581506185233593,
  "rho_std": 0.0022772203515794157,
  "rho_min": 0.029099421575665474,
  "stability_rate": 100.0,
  "n_samples": 150,
  "model": "Ours",
  "case_id": 57,
  "seed": 798,
  "epochs": 500,
  "n_params": 487854,
  "train_time_s": 418.4,
  "K_mean": 0.004541614558547735,
  "R_mean": 0.0029079755768179893,
  "J_mean": 0.002073577605187893
}