{
  "rho_mean": 0.03594058096408844,
  "rho_std": 0.0023233946643973075,
  "rho_min": 0.029146438464522362,
  "stability_rate": 100.0,
  "n_samples": 150,
  "model": "Ours",
  "case_id": 57,
  "seed": 714,
  "epochs": 500,
  "n_params": 487854,
  "train_time_s": 578.3,
  "K_mean": 0.004547568038105965,
  "R_mean": 0.002919598715379834,
  "J_mean": 0.0020818039774894714
}