{
  "mild": {
    "tier": {
      "name": "mild",
      "p": 0.05,
      "sigma_j": 20.0
    },
    "models": {
      "B10": {
        "rho_mean": 0.07372613032658895,
        "rho_std": 0.000144610385177657,
        "rho_min": 0.06525126099586487,
        "stability_rate": 100.0,
        "n_unstable": 0,
        "K_mean": 9.871118527371436e-05,
        "R_mean": 0.0,
        "J_mean": 0.0,
        "n_params": 274936
      },
      "B11": {
        "rho_mean": 0.05321620136499405,
        "rho_std": 0.0005257712327875197,
        "rho_min": 0.03505964204668999,
        "stability_rate": 100.0,
        "n_unstable": 0,
        "K_mean": 0.00031654885970056057,
        "R_mean": 0.0001899294147733599,
        "J_mean": 0.00012661959044635296,
        "n_params": 281213
      },
      "B12": {
        "rho_mean": 0.07337804218133291,
        "rho_std": 0.0001445870439056307,
        "rho_min": 0.06525304168462753,
        "stability_rate": 100.0,
        "n_unstable": 0,
        "K_mean": 9.869521454675123e-05,
        "R_mean": 0.0,
        "J_mean": 0.0,
        "n_params": 274936
      },
      "B-ROPF": {
        "rho_mean": 0.04168666839599609,
        "rho_std": 0.00019711583445314318,
        "rho_min": 0.061259351670742035,
        "stability_rate": 100.0,
        "n_unstable": 0,
        "K_mean": 0.00013455140287987888,
        "R_mean": 0.0,
        "J_mean": 0.0,
        "n_params": 4000508
      },
      "B-SOPF": {
        "rho_mean": 0.06963409334421158,
        "rho_std": 0.00019711583445314318,
        "rho_min": 0.061259351670742035,
        "stability_rate": 100.0,
        "n_unstable": 0,
        "K_mean": 0.00013455140287987888,
        "R_mean": 0.0,
        "J_mean": 0.0,
        "n_params": 4000508
      },
      "B-Hinf": {
        "rho_mean": 0.07190810362497965,
        "rho_std": 0.00010782336175907403,
        "rho_min": 0.0677090585231781,
        "stability_rate": 100.0,
        "n_unstable": 0,
        "K_mean": 6.727570143993944e-05,
        "R_mean": 3.363785071996972e-05,
        "J_mean": 2.0182711523375474e-05,
        "n_params": 8407292
      },
      "Ours": {
        "rho_mean": 0.059141050775845846,
        "rho_std": 0.0003875754773616791,
        "rho_min": 0.04591823369264603,
        "stability_rate": 100.0,
        "n_unstable": 0,
        "K_mean": 0.0002325508976355195,
        "R_mean": 0.0001416141603840515,
        "J_mean": 9.625036182114854e-05,
        "n_params": 282743
      }
    }
  },
  "moderate": {
    "tier": {
      "name": "moderate",
      "p": 0.15,
      "sigma_j": 50.0
    },
    "models": {
      "B10": {
        "rho_mean": 0.07372613032658895,
        "rho_std": 0.000144610385177657,
        "rho_min": 0.06525126099586487,
        "stability_rate": 100.0,
        "n_unstable": 0,
        "K_mean": 9.871118527371436e-05,
        "R_mean": 0.0,
        "J_mean": 0.0,
        "n_params": 274936
      },
      "B11": {
        "rho_mean": 0.05321620136499405,
        "rho_std": 0.0007275683456100523,
        "rho_min": 0.019733447581529617,
        "stability_rate": 100.0,
        "n_unstable": 0,
        "K_mean": 0.00031654885970056057,
        "R_mean": 0.0001899294147733599,
        "J_mean": 0.00012661959044635296,
        "n_params": 281213
      },
      "B12": {
        "rho_mean": 0.07337804218133291,
        "rho_std": 0.0001445870439056307,
        "rho_min": 0.06525304168462753,
        "stability_rate": 100.0,
        "n_unstable": 0,
        "K_mean": 9.869521454675123e-05,
        "R_mean": 0.0,
        "J_mean": 0.0,
        "n_params": 274936
      },
      "B-ROPF": {
        "rho_mean": 0.04168666839599609,
        "rho_std": 0.00019711583445314318,
        "rho_min": 0.061259351670742035,
        "stability_rate": 100.0,
        "n_unstable": 0,
        "K_mean": 0.00013455140287987888,
        "R_mean": 0.0,
        "J_mean": 0.0,
        "n_params": 4000508
      },
      "B-SOPF": {
        "rho_mean": 0.06963409334421158,
        "rho_std": 0.00019711583445314318,
        "rho_min": 0.061259351670742035,
        "stability_rate": 100.0,
        "n_unstable": 0,
        "K_mean": 0.00013455140287987888,
        "R_mean": 0.0,
        "J_mean": 0.0,
        "n_params": 4000508
      },
      "B-Hinf": {
        "rho_mean": 0.07190810362497965,
        "rho_std": 0.00013973080785945058,
        "rho_min": 0.06505796313285828,
        "stability_rate": 100.0,
        "n_unstable": 0,
        "K_mean": 6.727570143993944e-05,
        "R_mean": 3.363785071996972e-05,
        "J_mean": 2.0182711523375474e-05,
        "n_params": 8407292
      },
      "Ours": {
        "rho_mean": 0.059141050775845846,
        "rho_std": 0.000539459811989218,
        "rho_min": 0.03444940969347954,
        "stability_rate": 100.0,
        "n_unstable": 0,
        "K_mean": 0.0002325508976355195,
        "R_mean": 0.0001416141603840515,
        "J_mean": 9.625036182114854e-05,
        "n_params": 282743
      }
    }
  },
  "stressed": {
    "tier": {
      "name": "stressed",
      "p": 0.25,
      "sigma_j": 100.0
    },
    "models": {
      "B10": {
        "rho_mean": 0.07372613032658895,
        "rho_std": 0.000144610385177657,
        "rho_min": 0.06525126099586487,
        "stability_rate": 100.0,
        "n_unstable": 0,
        "K_mean": 9.871118527371436e-05,
        "R_mean": 0.0,
        "J_mean": 0.0,
        "n_params": 274936
      },
      "B11": {
        "rho_mean": 0.05321620136499405,
        "rho_std": 0.0010195283684879541,
        "rho_min": -0.004460545256733894,
        "stability_rate": 16.0,
        "n_unstable": 840,
        "K_mean": 0.00031654885970056057,
        "R_mean": 0.0001899294147733599,
        "J_mean": 0.00012661959044635296,
        "n_params": 281213
      },
      "B12": {
        "rho_mean": 0.07337804218133291,
        "rho_std": 0.0001445870439056307,
        "rho_min": 0.06525304168462753,
        "stability_rate": 100.0,
        "n_unstable": 0,
        "K_mean": 9.869521454675123e-05,
        "R_mean": 0.0,
        "J_mean": 0.0,
        "n_params": 274936
      },
      "B-ROPF": {
        "rho_mean": 0.04168666839599609,
        "rho_std": 0.00019711583445314318,
        "rho_min": 0.061259351670742035,
        "stability_rate": 100.0,
        "n_unstable": 0,
        "K_mean": 0.00013455140287987888,
        "R_mean": 0.0,
        "J_mean": 0.0,
        "n_params": 4000508
      },
      "B-SOPF": {
        "rho_mean": 0.06963409334421158,
        "rho_std": 0.00019711583445314318,
        "rho_min": 0.061259351670742035,
        "stability_rate": 100.0,
        "n_unstable": 0,
        "K_mean": 0.00013455140287987888,
        "R_mean": 0.0,
        "J_mean": 0.0,
        "n_params": 4000508
      },
      "B-Hinf": {
        "rho_mean": 0.07190810362497965,
        "rho_std": 0.00018563361663836986,
        "rho_min": 0.060926713049411774,
        "stability_rate": 100.0,
        "n_unstable": 0,
        "K_mean": 6.727570143993944e-05,
        "R_mean": 3.363785071996972e-05,
        "J_mean": 2.0182711523375474e-05,
        "n_params": 8407292
      },
      "Ours": {
        "rho_mean": 0.059141050775845846,
        "rho_std": 0.0007602623663842678,
        "rho_min": 0.016297733411192894,
        "stability_rate": 100.0,
        "n_unstable": 0,
        "K_mean": 0.0002325508976355195,
        "R_mean": 0.0001416141603840515,
        "J_mean": 9.625036182114854e-05,
        "n_params": 282743
      }
    }
  },
  "severe": {
    "tier": {
      "name": "severe",
      "p": 0.35,
      "sigma_j": 150.0
    },
    "models": {
      "B10": {
        "rho_mean": 0.07372613032658895,
        "rho_std": 0.000144610385177657,
        "rho_min": 0.06525126099586487,
        "stability_rate": 100.0,
        "n_unstable": 0,
        "K_mean": 9.871118527371436e-05,
        "R_mean": 0.0,
        "J_mean": 0.0,
        "n_params": 274936
      },
      "B11": {
        "rho_mean": 0.05321620136499405,