{
  "mild": {
    "tier": {
      "name": "mild",
      "p": 0.05,
      "sigma_j": 20.0
    },
    "models": {
      "B10": {
        "rho_mean": 0.07123083308339119,
        "rho_std": 0.0002198597212554887,
        "rho_min": 0.06644877791404724,
        "stability_rate": 100.0,
        "n_unstable": 0,
        "K_mean": 0.00047924675163812935,
        "R_mean": 0.0,
        "J_mean": 0.0,
        "n_params": 498121
      },
      "B11": {
        "rho_mean": 0.050798345978061356,
        "rho_std": 0.0015641876962035894,
        "rho_min": 0.02895212173461914,
        "stability_rate": 100.0,
        "n_unstable": 0,
        "K_mean": 0.003066701116040349,
        "R_mean": 0.0018400208791717887,
        "J_mean": 0.001226680469699204,
        "n_params": 515482
      },
      "B12": {
        "rho_mean": 0.07106631726026535,
        "rho_std": 0.00021971789828967303,
        "rho_min": 0.06645262241363525,
        "stability_rate": 100.0,
        "n_unstable": 0,
        "K_mean": 0.0004789376980625093,
        "R_mean": 0.0,
        "J_mean": 0.0,
        "n_params": 498120
      },
      "B-ROPF": {
        "rho_mean": 0.039626994132995606,
        "rho_std": 0.0005980058922432363,
        "rho_min": 0.056182123720645905,
        "stability_rate": 100.0,
        "n_unstable": 0,
        "K_mean": 0.001303523313254118,
        "R_mean": 0.0,
        "J_mean": 0.0,
        "n_params": 277348
      },
      "B-SOPF": {
        "rho_mean": 0.06620871568719545,
        "rho_std": 0.0005980058922432363,
        "rho_min": 0.056182123720645905,
        "stability_rate": 100.0,
        "n_unstable": 0,
        "K_mean": 0.001303523313254118,
        "R_mean": 0.0,
        "J_mean": 0.0,
        "n_params": 277348
      },
      "B-Hinf": {
        "rho_mean": 0.06834333539009094,
        "rho_std": 0.00032140087569132447,
        "rho_min": 0.06337311118841171,
        "stability_rate": 100.0,
        "n_unstable": 0,
        "K_mean": 0.000651761656627059,
        "R_mean": 0.0003258808283135295,
        "J_mean": 0.00019552851154003292,
        "n_params": 500068
      },
      "Ours": {
        "rho_mean": 0.06413045821090539,
        "rho_std": 0.0005853385664522648,
        "rho_min": 0.05622028931975365,
        "stability_rate": 100.0,
        "n_unstable": 0,
        "K_mean": 0.0011356137692928314,
        "R_mean": 0.0007136507192626595,
        "J_mean": 0.0005092376959510148,
        "n_params": 515632
      }
    }
  },
  "moderate": {
    "tier": {
      "name": "moderate",
      "p": 0.15,
      "sigma_j": 50.0
    },
    "models": {
      "B10": {
        "rho_mean": 0.07123083308339119,
        "rho_std": 0.0002198597212554887,
        "rho_min": 0.06644877791404724,
        "stability_rate": 100.0,
        "n_unstable": 0,
        "K_mean": 0.00047924675163812935,
        "R_mean": 0.0,
        "J_mean": 0.0,
        "n_params": 498121
      },
      "B11": {
        "rho_mean": 0.050798345978061356,
        "rho_std": 0.002226992044597864,
        "rho_min": 0.012671057134866714,
        "stability_rate": 100.0,
        "n_unstable": 0,
        "K_mean": 0.003066701116040349,
        "R_mean": 0.0018400208791717887,
        "J_mean": 0.001226680469699204,
        "n_params": 515482
      },
      "B12": {
        "rho_mean": 0.07106631726026535,
        "rho_std": 0.00021971789828967303,
        "rho_min": 0.06645262241363525,
        "stability_rate": 100.0,
        "n_unstable": 0,
        "K_mean": 0.0004789376980625093,
        "R_mean": 0.0,
        "J_mean": 0.0,
        "n_params": 498120
      },
      "B-ROPF": {
        "rho_mean": 0.039626994132995606,
        "rho_std": 0.0005980058922432363,
        "rho_min": 0.056182123720645905,
        "stability_rate": 100.0,
        "n_unstable": 0,
        "K_mean": 0.001303523313254118,
        "R_mean": 0.0,
        "J_mean": 0.0,
        "n_params": 277348
      },
      "B-SOPF": {
        "rho_mean": 0.06620871568719545,
        "rho_std": 0.0005980058922432363,
        "rho_min": 0.056182123720645905,
        "stability_rate": 100.0,
        "n_unstable": 0,
        "K_mean": 0.001303523313254118,
        "R_mean": 0.0,
        "J_mean": 0.0,
        "n_params": 277348
      },
      "B-Hinf": {
        "rho_mean": 0.06834333539009094,
        "rho_std": 0.00042890763143077493,
        "rho_min": 0.060594890266656876,
        "stability_rate": 100.0,
        "n_unstable": 0,
        "K_mean": 0.000651761656627059,
        "R_mean": 0.0003258808283135295,
        "J_mean": 0.00019552851154003292,
        "n_params": 500068
      },
      "Ours": {
        "rho_mean": 0.06413045821090539,
        "rho_std": 0.0008486069273203611,
        "rho_min": 0.049820199608802795,
        "stability_rate": 100.0,
        "n_unstable": 0,
        "K_mean": 0.0011356137692928314,
        "R_mean": 0.0007136507192626595,
        "J_mean": 0.0005092376959510148,
        "n_params": 515632
      }
    }
  },
  "stressed": {
    "tier": {
      "name": "stressed",
      "p": 0.25,
      "sigma_j": 100.0
    },
    "models": {
      "B10": {
        "rho_mean": 0.07123083308339119,
        "rho_std": 0.0002198597212554887,
        "rho_min": 0.06644877791404724,
        "stability_rate": 100.0,
        "n_unstable": 0,
        "K_mean": 0.00047924675163812935,
        "R_mean": 0.0,
        "J_mean": 0.0,
        "n_params": 498121
      },
      "B11": {
        "rho_mean": 0.050798345978061356,
        "rho_std": 0.0031362753361463547,
        "rho_min": -0.012361135333776474,
        "stability_rate": 40.0,
        "n_unstable": 600,
        "K_mean": 0.003066701116040349,
        "R_mean": 0.0018400208791717887,
        "J_mean": 0.001226680469699204,
        "n_params": 515482
      },
      "B12": {
        "rho_mean": 0.07106631726026535,
        "rho_std": 0.00021971789828967303,
        "rho_min": 0.06645262241363525,
        "stability_rate": 100.0,
        "n_unstable": 0,
        "K_mean": 0.0004789376980625093,
        "R_mean": 0.0,
        "J_mean": 0.0,
        "n_params": 498120
      },
      "B-ROPF": {
        "rho_mean": 0.039626994132995606,
        "rho_std": 0.0005980058922432363,
        "rho_min": 0.056182123720645905,
        "stability_rate": 100.0,
        "n_unstable": 0,
        "K_mean": 0.001303523313254118,
        "R_mean": 0.0,
        "J_mean": 0.0,
        "n_params": 277348
      },
      "B-SOPF": {
        "rho_mean": 0.06620871568719545,
        "rho_std": 0.0005980058922432363,
        "rho_min": 0.056182123720645905,
        "stability_rate": 100.0,
        "n_unstable": 0,
        "K_mean": 0.001303523313254118,
        "R_mean": 0.0,
        "J_mean": 0.0,
        "n_params": 277348
      },
      "B-Hinf": {
        "rho_mean": 0.06834333539009094,
        "rho_std": 0.0005696162697859108,
        "rho_min": 0.05633635073900223,
        "stability_rate": 100.0,
        "n_unstable": 0,
        "K_mean": 0.000651761656627059,
        "R_mean": 0.0003258808283135295,
        "J_mean": 0.00019552851154003292,
        "n_params": 500068
      },
      "Ours": {
        "rho_mean": 0.06413045821090539,
        "rho_std": 0.0012217318871989846,
        "rho_min": 0.039874956011772156,
        "stability_rate": 100.0,
        "n_unstable": 0,
        "K_mean": 0.0011356137692928314,
        "R_mean": 0.0007136507192626595,
        "J_mean": 0.0005092376959510148,
        "n_params": 515632
      }
    }
  },
  "severe": {
    "tier": {
      "name": "severe",
      "p": 0.35,
      "sigma_j": 150.0
    },
    "models": {
      "B10": {
        "rho_mean": 0.07123083308339119,
        "rho_std": 0.0002198597212554887,
        "rho_min": 0.06644877791404724,
        "stability_rate": 100.0,
        "n_unstable": 0,
        "K_mean": 0.00047924675163812935,
        "R_mean": 0.0,
        "J_mean": 0.0,
        "n_params": 498121
      },
      "B11": {
        "rho_mean": 0.050798345978061356,
        "rho_std": 0.004650407005101442,