{
  "case_id": 57,
  "seed": 42,
  "rho_b10_mean": 0.04010713761051496,
  "rho_ours_mean": 0.03583012390881777,
  "safety_overestimation_pct_mean": 12.405850883696303,
  "safety_overestimation_pct_max": 35.492581686303225,
  "false_safety_rate_pct": 0.0,
  "vulnerability_index": [
    0.005020465701818466,
    0.004918064922094345,
    0.005006101913750172,
    0.0050223637372255325,
    0.004991685040295124,
    0.005014198366552591,
    0.005036860704421997
  ],
  "vulnerability_max_gen": 6,
  "K_final": [
    0.004545922856777906,
    0.004542866721749306,
    0.004543561954051256,
    0.0045421430841088295,
    0.004542962182313204,
    0.0045438483357429504,
    0.004547164775431156
  ],
  "R_final": [
    0.002916784258559346,
    0.0029019692447036505,
    0.0029133923817425966,
    0.002910523908212781,
    0.0029108761809766293,
    0.0029287601355463266,
    0.0029161693528294563
  ],
  "J_final": [
    0.0021036816760897636,
    0.002016095444560051,
    0.0020927092991769314,
    0.002111839596182108,
    0.002080808626487851,
    0.0020854382310062647,
    0.0021206915844231844
  ]
}