{
  "rho_mean": 0.07193537314732869,
  "rho_std": 0.0002131907992309697,
  "rho_min": 0.07132630050182343,
  "stability_rate": 100.0,
  "n_samples": 75,
  "model": "B-Hinf",
  "case_id": 2869,
  "seed": 378,
  "epochs": 300,
  "n_params": 8407292,
  "train_time_s": 613.5,
  "K_mean": 6.727570143993944e-05,
  "R_mean": 3.363785071996972e-05,
  "J_mean": 2.0182711523375474e-05
}