{
  "rho_mean": 0.07195945541063944,
  "rho_std": 0.00024075196135778495,
  "rho_min": 0.07129588723182678,
  "stability_rate": 100.0,
  "n_samples": 75,
  "model": "B-Hinf",
  "case_id": 2869,
  "seed": 546,
  "epochs": 300,
  "n_params": 8407292,
  "train_time_s": 619.4,
  "K_mean": 6.727570143993944e-05,
  "R_mean": 3.363785071996972e-05,
  "J_mean": 2.0182711523375474e-05
}