{
  "rho_mean": 0.07193564613660176,
  "rho_std": 0.00021326216772176573,
  "rho_min": 0.07141593098640442,
  "stability_rate": 100.0,
  "n_samples": 75,
  "model": "B-Hinf",
  "case_id": 2869,
  "seed": 672,
  "epochs": 300,
  "n_params": 8407292,
  "train_time_s": 593.4,
  "K_mean": 6.727570143993944e-05,
  "R_mean": 3.363785071996972e-05,
  "J_mean": 2.0182711523375474e-05
}