{
  "rho_mean": 0.07194386293490727,
  "rho_std": 0.00020596066274294273,
  "rho_min": 0.07142091542482376,
  "stability_rate": 100.0,
  "n_samples": 75,
  "model": "B-Hinf",
  "case_id": 2869,
  "seed": 798,
  "epochs": 300,
  "n_params": 8407292,
  "train_time_s": 516.3,
  "K_mean": 6.727570143993944e-05,
  "R_mean": 3.363785071996972e-05,
  "J_mean": 2.0182711523375474e-05
}