{
  "rho_mean": 0.04168542385101318,
  "rho_std": 5.5902844008146116e-05,
  "rho_min": 0.04158616065979004,
  "stability_rate": 100.0,
  "n_samples": 75,
  "model": "B-ROPF",
  "case_id": 2869,
  "seed": 672,
  "epochs": 300,
  "n_params": 4000508,
  "train_time_s": 596.2,
  "K_mean": 0.00013455140287987888,
  "R_mean": 0.0,
  "J_mean": 0.0
}