{
  "rho_mean": 0.04167712579170863,
  "rho_std": 6.303332944447768e-05,
  "rho_min": 0.041492484509944916,
  "stability_rate": 100.0,
  "n_samples": 75,
  "model": "B-ROPF",
  "case_id": 2869,
  "seed": 0,
  "epochs": 300,
  "n_params": 4000508,
  "train_time_s": 784.6,
  "K_mean": 0.00013455140287987888,
  "R_mean": 0.0,
  "J_mean": 0.0
}