{
  "rho_mean": 0.04169163912534714,
  "rho_std": 6.33210734609421e-05,
  "rho_min": 0.041513048112392426,
  "stability_rate": 100.0,
  "n_samples": 75,
  "model": "B-ROPF",
  "case_id": 2869,
  "seed": 294,
  "epochs": 300,
  "n_params": 4000508,
  "train_time_s": 566.4,
  "K_mean": 0.00013455140287987888,
  "R_mean": 0.0,
  "J_mean": 0.0
}