{
  "rho_mean": 0.04169719080130259,
  "rho_std": 6.429080265281968e-05,
  "rho_min": 0.041526809334754944,
  "stability_rate": 100.0,
  "n_samples": 75,
  "model": "B-ROPF",
  "case_id": 2869,
  "seed": 252,
  "epochs": 300,
  "n_params": 4000508,
  "train_time_s": 596.5,
  "K_mean": 0.00013455140287987888,
  "R_mean": 0.0,
  "J_mean": 0.0
}