{
  "rho_mean": 0.04168943792581558,
  "rho_std": 6.041859839829675e-05,
  "rho_min": 0.04153057932853699,
  "stability_rate": 100.0,
  "n_samples": 75,
  "model": "B-ROPF",
  "case_id": 2869,
  "seed": 798,
  "epochs": 300,
  "n_params": 4000508,
  "train_time_s": 521.3,
  "K_mean": 0.00013455140287987888,
  "R_mean": 0.0,
  "J_mean": 0.0
}