{
  "rho_mean": 0.041691990892092384,
  "rho_std": 5.9091393480520045e-05,
  "rho_min": 0.04153851419687271,
  "stability_rate": 100.0,
  "n_samples": 75,
  "model": "B-ROPF",
  "case_id": 2869,
  "seed": 210,
  "epochs": 300,
  "n_params": 4000508,
  "train_time_s": 602.8,
  "K_mean": 0.00013455140287987888,
  "R_mean": 0.0,
  "J_mean": 0.0
}