{
  "rho_mean": 0.04169360419114431,
  "rho_std": 6.319464722216062e-05,
  "rho_min": 0.041552066802978516,
  "stability_rate": 100.0,
  "n_samples": 75,
  "model": "B-ROPF",
  "case_id": 2869,
  "seed": 630,
  "epochs": 300,
  "n_params": 4000508,
  "train_time_s": 588.9,
  "K_mean": 0.00013455140287987888,
  "R_mean": 0.0,
  "J_mean": 0.0
}