{
  "rho_mean": 0.04167598823706309,
  "rho_std": 5.9783136708242715e-05,
  "rho_min": 0.04148349165916443,
  "stability_rate": 100.0,
  "n_samples": 75,
  "model": "B-ROPF",
  "case_id": 2869,
  "seed": 588,
  "epochs": 300,
  "n_params": 4000508,
  "train_time_s": 564.7,
  "K_mean": 0.00013455140287987888,
  "R_mean": 0.0,
  "J_mean": 0.0
}