{
  "rho_mean": 0.04169855445623398,
  "rho_std": 5.6495495593483156e-05,
  "rho_min": 0.04153714329004288,
  "stability_rate": 100.0,
  "n_samples": 75,
  "model": "B-ROPF",
  "case_id": 2869,
  "seed": 546,
  "epochs": 300,
  "n_params": 4000508,
  "train_time_s": 578.3,
  "K_mean": 0.00013455140287987888,
  "R_mean": 0.0,
  "J_mean": 0.0
}