{
  "rho_mean": 0.04170186807711919,
  "rho_std": 5.808255278635359e-05,
  "rho_min": 0.041566528379917145,
  "stability_rate": 100.0,
  "n_samples": 75,
  "model": "B-ROPF",
  "case_id": 2869,
  "seed": 420,
  "epochs": 300,
  "n_params": 4000508,
  "train_time_s": 564.0,
  "K_mean": 0.00013455140287987888,
  "R_mean": 0.0,
  "J_mean": 0.0
}