{
  "rho_mean": 0.041688868502775825,
  "rho_std": 5.924518424410992e-05,
  "rho_min": 0.04155217111110687,
  "stability_rate": 100.0,
  "n_samples": 75,
  "model": "B-ROPF",
  "case_id": 2869,
  "seed": 378,
  "epochs": 300,
  "n_params": 4000508,
  "train_time_s": 573.3,
  "K_mean": 0.00013455140287987888,
  "R_mean": 0.0,
  "J_mean": 0.0
}