{
  "rho_mean": 0.04168642630179723,
  "rho_std": 6.31785384599647e-05,
  "rho_min": 0.041575342416763306,
  "stability_rate": 100.0,
  "n_samples": 75,
  "model": "B-ROPF",
  "case_id": 2869,
  "seed": 336,
  "epochs": 300,
  "n_params": 4000508,
  "train_time_s": 564.9,
  "K_mean": 0.00013455140287987888,
  "R_mean": 0.0,
  "J_mean": 0.0
}