{
  "rho_mean": 0.06957985321680704,
  "rho_std": 0.0003350063341026001,
  "rho_min": 0.06877047568559647,
  "stability_rate": 100.0,
  "n_samples": 75,
  "model": "B-SOPF",
  "case_id": 2869,
  "seed": 714,
  "epochs": 300,
  "n_params": 4000508,
  "train_time_s": 532.8,
  "K_mean": 0.00013455140287987888,
  "R_mean": 0.0,
  "J_mean": 0.0
}