{
  "rho_mean": 0.06965106626351675,
  "rho_std": 0.0002686227276528662,
  "rho_min": 0.06888999789953232,
  "stability_rate": 100.0,
  "n_samples": 75,
  "model": "B-SOPF",
  "case_id": 2869,
  "seed": 756,
  "epochs": 300,
  "n_params": 4000508,
  "train_time_s": 503.7,
  "K_mean": 0.00013455140287987888,
  "R_mean": 0.0,
  "J_mean": 0.0
}