{
  "rho_mean": 0.0696724263827006,
  "rho_std": 0.000244310985452682,
  "rho_min": 0.06908053159713745,
  "stability_rate": 100.0,
  "n_samples": 75,
  "model": "B-SOPF",
  "case_id": 2869,
  "seed": 84,
  "epochs": 300,
  "n_params": 4000508,
  "train_time_s": 740.0,
  "K_mean": 0.00013455140287987888,
  "R_mean": 0.0,
  "J_mean": 0.0
}