{
  "rho_mean": 0.06957265088955561,
  "rho_std": 0.00026872695836453373,
  "rho_min": 0.06896370649337769,
  "stability_rate": 100.0,
  "n_samples": 75,
  "model": "B-SOPF",
  "case_id": 2869,
  "seed": 126,
  "epochs": 300,
  "n_params": 4000508,
  "train_time_s": 690.5,
  "K_mean": 0.00013455140287987888,
  "R_mean": 0.0,
  "J_mean": 0.0
}