{
  "rho_mean": 0.06963409334421158,
  "rho_std": 0.0002786710730206607,
  "rho_min": 0.06885899603366852,
  "stability_rate": 100.0,
  "n_samples": 75,
  "model": "B-SOPF",
  "case_id": 2869,
  "seed": 42,
  "epochs": 300,
  "n_params": 4000508,
  "train_time_s": 834.7,
  "K_mean": 0.00013455140287987888,
  "R_mean": 0.0,
  "J_mean": 0.0
}