{
  "rho_mean": 0.06966181337833405,
  "rho_std": 0.0002899561579522782,
  "rho_min": 0.06897500157356262,
  "stability_rate": 100.0,
  "n_samples": 75,
  "model": "B-SOPF",
  "case_id": 2869,
  "seed": 462,
  "epochs": 300,
  "n_params": 4000508,
  "train_time_s": 606.2,
  "K_mean": 0.00013455140287987888,
  "R_mean": 0.0,
  "J_mean": 0.0
}