{
  "rho_mean": 0.0696794589360555,
  "rho_std": 0.00025366261086832737,
  "rho_min": 0.06900697946548462,
  "stability_rate": 100.0,
  "n_samples": 75,
  "model": "B-SOPF",
  "case_id": 2869,
  "seed": 798,
  "epochs": 300,
  "n_params": 4000508,
  "train_time_s": 511.0,
  "K_mean": 0.00013455140287987888,
  "R_mean": 0.0,
  "J_mean": 0.0
}