{
  "rho_mean": 0.06961381564537684,
  "rho_std": 0.0003032169017691954,
  "rho_min": 0.0689491480588913,
  "stability_rate": 100.0,
  "n_samples": 75,
  "model": "B-SOPF",
  "case_id": 2869,
  "seed": 0,
  "epochs": 300,
  "n_params": 4000508,
  "train_time_s": 821.9,
  "K_mean": 0.00013455140287987888,
  "R_mean": 0.0,
  "J_mean": 0.0
}