{
  "rho_mean": 0.06963834096988042,
  "rho_std": 0.00024878117693664,
  "rho_min": 0.06909133493900299,
  "stability_rate": 100.0,
  "n_samples": 75,
  "model": "B-SOPF",
  "case_id": 2869,
  "seed": 294,
  "epochs": 300,
  "n_params": 4000508,
  "train_time_s": 615.9,
  "K_mean": 0.00013455140287987888,
  "R_mean": 0.0,
  "J_mean": 0.0
}