{
  "rho_mean": 0.06962027122577032,
  "rho_std": 0.0002606044462598544,
  "rho_min": 0.06908077746629715,
  "stability_rate": 100.0,
  "n_samples": 75,
  "model": "B-SOPF",
  "case_id": 2869,
  "seed": 336,
  "epochs": 300,
  "n_params": 4000508,
  "train_time_s": 620.6,
  "K_mean": 0.00013455140287987888,
  "R_mean": 0.0,
  "J_mean": 0.0
}