{
  "rho_mean": 0.07372613032658895,
  "rho_std": 4.530399835628538e-05,
  "rho_min": 0.07362642884254456,
  "stability_rate": 100.0,
  "n_samples": 75,
  "model": "B10",
  "case_id": 2869,
  "seed": 42,
  "epochs": 300,
  "n_params": 274936,
  "train_time_s": 902.8,
  "K_mean": 9.871118527371436e-05,
  "R_mean": 0.0,
  "J_mean": 0.0
}