{
  "rho_mean": 0.07373485108216604,
  "rho_std": 4.1446177261578757e-05,
  "rho_min": 0.07361643761396408,
  "stability_rate": 100.0,
  "n_samples": 75,
  "model": "B10",
  "case_id": 2869,
  "seed": 546,
  "epochs": 300,
  "n_params": 274936,
  "train_time_s": 689.9,
  "K_mean": 9.871114889392629e-05,
  "R_mean": 0.0,
  "J_mean": 0.0
}