{
  "rho_mean": 0.07373385200897853,
  "rho_std": 4.716597276073788e-05,
  "rho_min": 0.07360884547233582,
  "stability_rate": 100.0,
  "n_samples": 75,
  "model": "B10",
  "case_id": 2869,
  "seed": 252,
  "epochs": 300,
  "n_params": 274936,
  "train_time_s": 676.0,
  "K_mean": 9.871106885839254e-05,
  "R_mean": 0.0,
  "J_mean": 0.0
}