{
  "rho_mean": 0.07373318443695705,
  "rho_std": 4.305247477824784e-05,
  "rho_min": 0.07361940294504166,
  "stability_rate": 100.0,
  "n_samples": 75,
  "model": "B10",
  "case_id": 2869,
  "seed": 756,
  "epochs": 300,
  "n_params": 274936,
  "train_time_s": 497.1,
  "K_mean": 9.87113598966971e-05,
  "R_mean": 0.0,
  "J_mean": 0.0
}