{
  "rho_mean": 0.07372976660728454,
  "rho_std": 4.645481270234008e-05,
  "rho_min": 0.07359874993562698,
  "stability_rate": 100.0,
  "n_samples": 75,
  "model": "B10",
  "case_id": 2869,
  "seed": 294,
  "epochs": 300,
  "n_params": 274936,
  "train_time_s": 730.4,
  "K_mean": 9.871158545138314e-05,
  "R_mean": 0.0,
  "J_mean": 0.0
}