{
  "rho_mean": 0.07372815797726313,
  "rho_std": 4.432527654835679e-05,
  "rho_min": 0.07361161708831787,
  "stability_rate": 100.0,
  "n_samples": 75,
  "model": "B10",
  "case_id": 2869,
  "seed": 798,
  "epochs": 300,
  "n_params": 274936,
  "train_time_s": 484.9,
  "K_mean": 9.871132351690903e-05,
  "R_mean": 0.0,
  "J_mean": 0.0
}