{
  "rho_mean": 0.07373760541280111,
  "rho_std": 4.804229079899562e-05,
  "rho_min": 0.07361993938684464,
  "stability_rate": 100.0,
  "n_samples": 75,
  "model": "B10",
  "case_id": 2869,
  "seed": 126,
  "epochs": 300,
  "n_params": 274936,
  "train_time_s": 783.6,
  "K_mean": 9.871122165350243e-05,
  "R_mean": 0.0,
  "J_mean": 0.0
}