{
  "rho_mean": 0.07372984945774079,
  "rho_std": 4.240693110125047e-05,
  "rho_min": 0.07359907031059265,
  "stability_rate": 100.0,
  "n_samples": 75,
  "model": "B10",
  "case_id": 2869,
  "seed": 168,
  "epochs": 300,
  "n_params": 274936,
  "train_time_s": 701.3,
  "K_mean": 9.871121437754482e-05,
  "R_mean": 0.0,
  "J_mean": 0.0
}