{
  "rho_mean": 0.07371912866830826,
  "rho_std": 4.6243564303532224e-05,
  "rho_min": 0.07358366996049881,
  "stability_rate": 100.0,
  "n_samples": 75,
  "model": "B10",
  "case_id": 2869,
  "seed": 0,
  "epochs": 300,
  "n_params": 274936,
  "train_time_s": 973.0,
  "K_mean": 9.871119254967198e-05,
  "R_mean": 0.0,
  "J_mean": 0.0
}