{
  "rho_mean": 0.07373115092515946,
  "rho_std": 4.039876021486984e-05,
  "rho_min": 0.07362966239452362,
  "stability_rate": 100.0,
  "n_samples": 75,
  "model": "B10",
  "case_id": 2869,
  "seed": 84,
  "epochs": 300,
  "n_params": 274936,
  "train_time_s": 821.7,
  "K_mean": 9.871163638308644e-05,
  "R_mean": 0.0,
  "J_mean": 0.0
}