{
  "rho_mean": 0.07373727639516195,
  "rho_std": 4.261186859078095e-05,
  "rho_min": 0.07363798469305038,
  "stability_rate": 100.0,
  "n_samples": 75,
  "model": "B10",
  "case_id": 2869,
  "seed": 420,
  "epochs": 300,
  "n_params": 274936,
  "train_time_s": 672.5,
  "K_mean": 9.87113598966971e-05,
  "R_mean": 0.0,
  "J_mean": 0.0
}