{
  "rho_mean": 0.07371829877297084,
  "rho_std": 4.385913639886356e-05,
  "rho_min": 0.07357707619667053,
  "stability_rate": 100.0,
  "n_samples": 75,
  "model": "B10",
  "case_id": 2869,
  "seed": 588,
  "epochs": 300,
  "n_params": 274936,
  "train_time_s": 682.6,
  "K_mean": 9.871106158243492e-05,
  "R_mean": 0.0,
  "J_mean": 0.0
}