{
  "rho_mean": 0.07372522880633672,
  "rho_std": 4.101231033987524e-05,
  "rho_min": 0.07365240901708603,
  "stability_rate": 100.0,
  "n_samples": 75,
  "model": "B10",
  "case_id": 2869,
  "seed": 672,
  "epochs": 300,
  "n_params": 274936,
  "train_time_s": 619.4,
  "K_mean": 9.871073416434228e-05,
  "R_mean": 0.0,
  "J_mean": 0.0
}