{
  "rho_mean": 0.07372773468494415,
  "rho_std": 4.346462429266534e-05,
  "rho_min": 0.07362745702266693,
  "stability_rate": 100.0,
  "n_samples": 75,
  "model": "B10",
  "case_id": 2869,
  "seed": 378,
  "epochs": 300,
  "n_params": 274936,
  "train_time_s": 674.7,
  "K_mean": 9.871157089946792e-05,
  "R_mean": 0.0,
  "J_mean": 0.0
}