{
  "rho_mean": 0.07371890723705292,
  "rho_std": 4.610346925985574e-05,
  "rho_min": 0.07361143082380295,
  "stability_rate": 100.0,
  "n_samples": 75,
  "model": "B10",
  "case_id": 2869,
  "seed": 462,
  "epochs": 300,
  "n_params": 274936,
  "train_time_s": 689.0,
  "K_mean": 9.871160727925599e-05,
  "R_mean": 0.0,
  "J_mean": 0.0
}