{
  "rho_mean": 0.053179401457309726,
  "rho_std": 0.001295135575059694,
  "rho_min": 0.04857342690229416,
  "stability_rate": 100.0,
  "n_samples": 75,
  "model": "B11",
  "case_id": 2869,
  "seed": 588,
  "epochs": 300,
  "n_params": 281213,
  "train_time_s": 671.4,
  "K_mean": 0.00031654885970056057,
  "R_mean": 0.0001899294147733599,
  "J_mean": 0.00012661959044635296
}