{
  "rho_mean": 0.053525346865256625,
  "rho_std": 0.0012644228447785308,
  "rho_min": 0.05058547481894493,
  "stability_rate": 100.0,
  "n_samples": 75,
  "model": "B11",
  "case_id": 2869,
  "seed": 504,
  "epochs": 300,
  "n_params": 281213,
  "train_time_s": 667.6,
  "K_mean": 0.00031654885970056057,
  "R_mean": 0.0001899294147733599,
  "J_mean": 0.00012661959044635296
}