{
  "rho_mean": 0.05338043381770452,
  "rho_std": 0.0011366022876639719,
  "rho_min": 0.05073833465576172,
  "stability_rate": 100.0,
  "n_samples": 75,
  "model": "B11",
  "case_id": 2869,
  "seed": 84,
  "epochs": 300,
  "n_params": 281213,
  "train_time_s": 815.2,
  "K_mean": 0.00031654885970056057,
  "R_mean": 0.0001899294147733599,
  "J_mean": 0.00012661959044635296
}