{
  "rho_mean": 0.0535267074406147,
  "rho_std": 0.0014679850568524743,
  "rho_min": 0.05014437064528465,
  "stability_rate": 100.0,
  "n_samples": 75,
  "model": "B11",
  "case_id": 2869,
  "seed": 252,
  "epochs": 300,
  "n_params": 281213,
  "train_time_s": 707.7,
  "K_mean": 0.00031654885970056057,
  "R_mean": 0.0001899294147733599,
  "J_mean": 0.00012661959044635296
}