{
  "rho_mean": 0.053374578853448235,
  "rho_std": 0.0012071528488879352,
  "rho_min": 0.04990718886256218,
  "stability_rate": 100.0,
  "n_samples": 75,
  "model": "B11",
  "case_id": 2869,
  "seed": 378,
  "epochs": 300,
  "n_params": 281213,
  "train_time_s": 689.4,
  "K_mean": 0.00031654885970056057,
  "R_mean": 0.0001899294147733599,
  "J_mean": 0.00012661959044635296
}