{
  "rho_mean": 0.05296229541301727,
  "rho_std": 0.0015404098846086046,
  "rho_min": 0.04915617033839226,
  "stability_rate": 100.0,
  "n_samples": 75,
  "model": "B11",
  "case_id": 2869,
  "seed": 714,
  "epochs": 300,
  "n_params": 281213,
  "train_time_s": 569.5,
  "K_mean": 0.00031654885970056057,
  "R_mean": 0.0001899294147733599,
  "J_mean": 0.00012661959044635296
}