{
  "rho_mean": 0.07338533053795497,
  "rho_std": 5.391639608825017e-05,
  "rho_min": 0.07327607274055481,
  "stability_rate": 100.0,
  "n_samples": 75,
  "model": "B12",
  "case_id": 2869,
  "seed": 756,
  "epochs": 300,
  "n_params": 274936,
  "train_time_s": 528.4,
  "K_mean": 9.869537461781874e-05,
  "R_mean": 0.0,
  "J_mean": 0.0
}