{
  "rho_mean": 0.07337461610635122,
  "rho_std": 5.65035051013263e-05,
  "rho_min": 0.07324156165122986,
  "stability_rate": 100.0,
  "n_samples": 75,
  "model": "B12",
  "case_id": 2869,
  "seed": 462,
  "epochs": 300,
  "n_params": 274936,
  "train_time_s": 757.8,
  "K_mean": 9.869552741292864e-05,
  "R_mean": 0.0,
  "J_mean": 0.0
}