{
  "rho_mean": 0.0733712379137675,
  "rho_std": 6.522696421294346e-05,
  "rho_min": 0.07318437844514847,
  "stability_rate": 100.0,
  "n_samples": 75,
  "model": "B12",
  "case_id": 2869,
  "seed": 714,
  "epochs": 300,
  "n_params": 274936,
  "train_time_s": 579.1,
  "K_mean": 9.869593486655504e-05,
  "R_mean": 0.0,
  "J_mean": 0.0
}