{
  "rho_mean": 0.07337989509105683,
  "rho_std": 5.498922762964137e-05,
  "rho_min": 0.07325015217065811,
  "stability_rate": 100.0,
  "n_samples": 75,
  "model": "B12",
  "case_id": 2869,
  "seed": 294,
  "epochs": 300,
  "n_params": 274936,
  "train_time_s": 750.3,
  "K_mean": 9.869548375718296e-05,
  "R_mean": 0.0,
  "J_mean": 0.0
}