{
  "rho_mean": 0.07337943861881892,
  "rho_std": 5.596994120389728e-05,
  "rho_min": 0.07324104011058807,
  "stability_rate": 100.0,
  "n_samples": 75,
  "model": "B12",
  "case_id": 2869,
  "seed": 126,
  "epochs": 300,
  "n_params": 274936,
  "train_time_s": 836.2,
  "K_mean": 9.869534551398829e-05,
  "R_mean": 0.0,
  "J_mean": 0.0
}