{
  "rho_mean": 0.07338794122139612,
  "rho_std": 5.51467992799221e-05,
  "rho_min": 0.07327428460121155,
  "stability_rate": 100.0,
  "n_samples": 75,
  "model": "B12",
  "case_id": 2869,
  "seed": 210,
  "epochs": 300,
  "n_params": 274936,
  "train_time_s": 790.2,
  "K_mean": 9.869512723525986e-05,
  "R_mean": 0.0,
  "J_mean": 0.0
}