{
  "rho_mean": 0.07338053663571675,
  "rho_std": 4.8872021208366866e-05,
  "rho_min": 0.07327456027269363,
  "stability_rate": 100.0,
  "n_samples": 75,
  "model": "B12",
  "case_id": 2869,
  "seed": 672,
  "epochs": 300,
  "n_params": 274936,
  "train_time_s": 623.0,
  "K_mean": 9.86950981314294e-05,
  "R_mean": 0.0,
  "J_mean": 0.0
}