{
  "rho_mean": 0.0733691226442655,
  "rho_std": 5.61504060517254e-05,
  "rho_min": 0.07322349399328232,
  "stability_rate": 100.0,
  "n_samples": 75,
  "model": "B12",
  "case_id": 2869,
  "seed": 0,
  "epochs": 300,
  "n_params": 274936,
  "train_time_s": 963.6,
  "K_mean": 9.869522909866646e-05,
  "R_mean": 0.0,
  "J_mean": 0.0
}