{
  "rho_mean": 0.07339153796434403,
  "rho_std": 5.242338738381333e-05,
  "rho_min": 0.07327639311552048,
  "stability_rate": 100.0,
  "n_samples": 75,
  "model": "B12",
  "case_id": 2869,
  "seed": 420,
  "epochs": 300,
  "n_params": 274936,
  "train_time_s": 765.7,
  "K_mean": 9.869560017250478e-05,
  "R_mean": 0.0,
  "J_mean": 0.0
}