{
  "rho_mean": 0.07338626503944397,
  "rho_std": 4.82637707632352e-05,
  "rho_min": 0.07325953990221024,
  "stability_rate": 100.0,
  "n_samples": 75,
  "model": "B12",
  "case_id": 2869,
  "seed": 84,
  "epochs": 300,
  "n_params": 274936,
  "train_time_s": 865.8,
  "K_mean": 9.869562200037763e-05,
  "R_mean": 0.0,
  "J_mean": 0.0
}