{
  "rho_mean": 0.07339219689369202,
  "rho_std": 5.104628241280617e-05,
  "rho_min": 0.07319965958595276,
  "stability_rate": 100.0,
  "n_samples": 75,
  "model": "B12",
  "case_id": 2869,
  "seed": 546,
  "epochs": 300,
  "n_params": 274936,
  "train_time_s": 748.3,
  "K_mean": 9.869500354398042e-05,
  "R_mean": 0.0,
  "J_mean": 0.0
}