{
  "rho_mean": 0.07338623176018397,
  "rho_std": 5.679284723101413e-05,
  "rho_min": 0.07323659211397171,
  "stability_rate": 100.0,
  "n_samples": 75,
  "model": "B12",
  "case_id": 2869,
  "seed": 504,
  "epochs": 300,
  "n_params": 274936,
  "train_time_s": 743.0,
  "K_mean": 9.869584755506366e-05,
  "R_mean": 0.0,
  "J_mean": 0.0
}