{
  "rho_mean": 0.07338220874468486,
  "rho_std": 5.254873146190249e-05,
  "rho_min": 0.07325471192598343,
  "stability_rate": 100.0,
  "n_samples": 75,
  "model": "B12",
  "case_id": 2869,
  "seed": 378,
  "epochs": 300,
  "n_params": 274936,
  "train_time_s": 736.0,
  "K_mean": 9.869563655229285e-05,
  "R_mean": 0.0,
  "J_mean": 0.0
}