{
  "rho_mean": 0.059355270167191825,
  "rho_std": 0.0010159877396732314,
  "rho_min": 0.056517377495765686,
  "stability_rate": 100.0,
  "n_samples": 75,
  "model": "Ours",
  "case_id": 2869,
  "seed": 546,
  "epochs": 300,
  "n_params": 282743,
  "train_time_s": 736.4,
  "K_mean": 0.00023255040287040174,
  "R_mean": 0.0001416343147866428,
  "J_mean": 9.628703264752403e-05
}