{
  "rho_mean": 0.05908490374684334,
  "rho_std": 0.0010518810770144243,
  "rho_min": 0.05656038224697113,
  "stability_rate": 100.0,
  "n_samples": 75,
  "model": "Ours",
  "case_id": 2869,
  "seed": 0,
  "epochs": 300,
  "n_params": 282743,
  "train_time_s": 1082.7,
  "K_mean": 0.00023254944244399667,
  "R_mean": 0.00014164730964694172,
  "J_mean": 9.626184328226373e-05
}