{
  "rho_mean": 0.05929528499643008,
  "rho_std": 0.0008673823048208332,
  "rho_min": 0.05707213655114174,
  "stability_rate": 100.0,
  "n_samples": 75,
  "model": "Ours",
  "case_id": 2869,
  "seed": 798,
  "epochs": 300,
  "n_params": 282743,
  "train_time_s": 471.2,
  "K_mean": 0.00023254970437847078,
  "R_mean": 0.00014163664309307933,
  "J_mean": 9.62289996095933e-05
}