{
  "rho_mean": 0.05937083582083384,
  "rho_std": 0.0010943215265708994,
  "rho_min": 0.05684864893555641,
  "stability_rate": 100.0,
  "n_samples": 75,
  "model": "Ours",
  "case_id": 2869,
  "seed": 252,
  "epochs": 300,
  "n_params": 282743,
  "train_time_s": 727.3,
  "K_mean": 0.0002325498644495383,
  "R_mean": 0.00014164346794132143,
  "J_mean": 9.623153164284304e-05
}