{
  "rho_mean": 0.059283228615919746,
  "rho_std": 0.0009887347115053226,
  "rho_min": 0.05704629048705101,
  "stability_rate": 100.0,
  "n_samples": 75,
  "model": "Ours",
  "case_id": 2869,
  "seed": 630,
  "epochs": 300,
  "n_params": 282743,
  "train_time_s": 686.1,
  "K_mean": 0.0002325489913346246,
  "R_mean": 0.00014163520245347172,
  "J_mean": 9.624029917176813e-05
}