{
  "rho_mean": 0.05925702398022016,
  "rho_std": 0.0009027232377297628,
  "rho_min": 0.05708978697657585,
  "stability_rate": 100.0,
  "n_samples": 75,
  "model": "Ours",
  "case_id": 2869,
  "seed": 672,
  "epochs": 300,
  "n_params": 282743,
  "train_time_s": 608.7,
  "K_mean": 0.00023254749248735607,
  "R_mean": 0.0001416580780642107,
  "J_mean": 9.625433449400589e-05
}