{
  "rho_mean": 0.05914532060424487,
  "rho_std": 0.0008557818672639857,
  "rho_min": 0.057364240288734436,
  "stability_rate": 100.0,
  "n_samples": 75,
  "model": "Ours",
  "case_id": 2869,
  "seed": 294,
  "epochs": 300,
  "n_params": 282743,
  "train_time_s": 731.6,
  "K_mean": 0.00023255081032402813,
  "R_mean": 0.00014164803724270314,
  "J_mean": 9.624799713492393e-05
}