{
  "rho_mean": 0.05926436021924019,
  "rho_std": 0.0009014718472308942,
  "rho_min": 0.05748926103115082,
  "stability_rate": 100.0,
  "n_samples": 75,
  "model": "Ours",
  "case_id": 2869,
  "seed": 420,
  "epochs": 300,
  "n_params": 282743,
  "train_time_s": 715.2,
  "K_mean": 0.00023255005362443626,
  "R_mean": 0.00014164377353154123,
  "J_mean": 9.630148997530341e-05
}