{
  "rho_mean": 0.059182525426149366,
  "rho_std": 0.0009240284891617103,
  "rho_min": 0.05656249821186066,
  "stability_rate": 100.0,
  "n_samples": 75,
  "model": "Ours",
  "case_id": 2869,
  "seed": 756,
  "epochs": 300,
  "n_params": 282743,
  "train_time_s": 521.7,
  "K_mean": 0.0002325511013623327,
  "R_mean": 0.00014162884326651692,
  "J_mean": 9.625963866710663e-05
}