{
  "rho_mean": 0.059090844591458636,
  "rho_std": 0.0008911955393373087,
  "rho_min": 0.05714522302150726,
  "stability_rate": 100.0,
  "n_samples": 75,
  "model": "Ours",
  "case_id": 2869,
  "seed": 336,
  "epochs": 300,
  "n_params": 282743,
  "train_time_s": 725.3,
  "K_mean": 0.00023254872940015048,
  "R_mean": 0.00014165152970235795,
  "J_mean": 9.620802302379161e-05
}