{
  "rho_mean": 0.05925520752867063,
  "rho_std": 0.0010003833471866107,
  "rho_min": 0.05696830153465271,
  "stability_rate": 100.0,
  "n_samples": 75,
  "model": "Ours",
  "case_id": 2869,
  "seed": 462,
  "epochs": 300,
  "n_params": 282743,
  "train_time_s": 744.6,
  "K_mean": 0.00023255194537341595,
  "R_mean": 0.0001416261657141149,
  "J_mean": 9.626959945308045e-05
}