{
  "rho_mean": 0.059141050775845846,
  "rho_std": 0.0009571333379755166,
  "rho_min": 0.05657712370157242,
  "stability_rate": 100.0,
  "n_samples": 75,
  "model": "Ours",
  "case_id": 2869,
  "seed": 42,
  "epochs": 300,
  "n_params": 282743,
  "train_time_s": 986.3,
  "K_mean": 0.0002325508976355195,
  "R_mean": 0.0001416141603840515,
  "J_mean": 9.625036182114854e-05
}