{
  "rho_mean": 0.05925589616099993,
  "rho_std": 0.0009987424669873853,
  "rho_min": 0.05722961202263832,
  "stability_rate": 100.0,
  "n_samples": 75,
  "model": "Ours",
  "case_id": 2869,
  "seed": 168,
  "epochs": 300,
  "n_params": 282743,
  "train_time_s": 739.8,
  "K_mean": 0.00023255086853168905,
  "R_mean": 0.00014162070874590427,
  "J_mean": 9.620585478842258e-05
}