{
  "rho_mean": 0.05926238442460696,
  "rho_std": 0.0008476316684516389,
  "rho_min": 0.05728829652070999,
  "stability_rate": 100.0,
  "n_samples": 75,
  "model": "Ours",
  "case_id": 2869,
  "seed": 84,
  "epochs": 300,
  "n_params": 282743,
  "train_time_s": 856.8,
  "K_mean": 0.0002325513632968068,
  "R_mean": 0.00014162917796056718,
  "J_mean": 9.623781079426408e-05
}