{
  "rho_mean": 0.05889402031898498,
  "rho_std": 0.0009328367231198205,
  "rho_min": 0.05674155056476593,
  "stability_rate": 100.0,
  "n_samples": 75,
  "model": "Ours",
  "case_id": 2869,
  "seed": 126,
  "epochs": 300,
  "n_params": 282743,
  "train_time_s": 813.1,
  "K_mean": 0.000232548889471218,
  "R_mean": 0.00014166123582981527,
  "J_mean": 9.629503620089963e-05
}