{
  "rho_mean": 0.059111873656511306,
  "rho_std": 0.0009657275158076977,
  "rho_min": 0.05568041279911995,
  "stability_rate": 100.0,
  "n_samples": 75,
  "model": "Ours",
  "case_id": 2869,
  "seed": 588,
  "epochs": 300,
  "n_params": 282743,
  "train_time_s": 705.6,
  "K_mean": 0.00023254967527464032,
  "R_mean": 0.00014164789172355086,
  "J_mean": 9.623849473427981e-05
}