{
  "rho_mean": 0.0593701375524203,
  "rho_std": 0.0009436048072282769,
  "rho_min": 0.05717579275369644,
  "stability_rate": 100.0,
  "n_samples": 75,
  "model": "Ours",
  "case_id": 2869,
  "seed": 504,
  "epochs": 300,
  "n_params": 282743,
  "train_time_s": 750.4,
  "K_mean": 0.00023255021369550377,
  "R_mean": 0.00014164557796902955,
  "J_mean": 9.626354585634544e-05
}