{
  "rho_mean": 0.059257997572422026,
  "rho_std": 0.0009012696423420575,
  "rho_min": 0.05666578933596611,
  "stability_rate": 100.0,
  "n_samples": 75,
  "model": "Ours",
  "case_id": 2869,
  "seed": 378,
  "epochs": 300,
  "n_params": 282743,
  "train_time_s": 708.9,
  "K_mean": 0.00023255019914358854,
  "R_mean": 0.00014164343883749098,
  "J_mean": 9.624299127608538e-05
}