{
  "rho_mean": 0.058948849141597745,
  "rho_std": 0.0011489284301555978,
  "rho_min": 0.0561048798263073,
  "stability_rate": 100.0,
  "n_samples": 75,
  "model": "Ours",
  "case_id": 2869,
  "seed": 714,
  "epochs": 300,
  "n_params": 282743,
  "train_time_s": 538.7,
  "K_mean": 0.00023255092673934996,
  "R_mean": 0.00014164815365802497,
  "J_mean": 9.626941027818248e-05
}