{
  "rho_mean": 0.05932399501403173,
  "rho_std": 0.0009373336222304294,
  "rho_min": 0.05684606358408928,
  "stability_rate": 100.0,
  "n_samples": 75,
  "model": "Ours",
  "case_id": 2869,
  "seed": 210,
  "epochs": 300,
  "n_params": 282743,
  "train_time_s": 754.6,
  "K_mean": 0.0002325490495422855,
  "R_mean": 0.00014163758896756917,
  "J_mean": 9.626205428503454e-05
}