{
  "rho_mean": 0.05503787636756897,
  "rho_std": 0.0004778211588257352,
  "rho_min": 0.053540829569101334,
  "stability_rate": 100.0,
  "n_samples": 150,
  "model": "B-Hinf",
  "case_id": 300,
  "seed": 756,
  "epochs": 500,
  "n_params": 946314,
  "train_time_s": 599.0,
  "K_mean": 0.0003805367450695485,
  "R_mean": 0.00019026837253477424,
  "J_mean": 0.00011416104098316282
}