{
  "rho_mean": 0.0550739248842001,
  "rho_std": 0.0004677007344677134,
  "rho_min": 0.05386384576559067,
  "stability_rate": 100.0,
  "n_samples": 150,
  "model": "B-Hinf",
  "case_id": 300,
  "seed": 336,
  "epochs": 500,
  "n_params": 946314,
  "train_time_s": 966.0,
  "K_mean": 0.0003805367450695485,
  "R_mean": 0.00019026837253477424,
  "J_mean": 0.00011416104098316282
}