{
  "rho_mean": 0.05508167167504629,
  "rho_std": 0.0004888694797815692,
  "rho_min": 0.05374852940440178,
  "stability_rate": 100.0,
  "n_samples": 150,
  "model": "B-Hinf",
  "case_id": 300,
  "seed": 168,
  "epochs": 500,
  "n_params": 946314,
  "train_time_s": 1088.6,
  "K_mean": 0.0003805367450695485,
  "R_mean": 0.00019026837253477424,
  "J_mean": 0.00011416104098316282
}