{
  "rho_mean": 0.05505553476512432,
  "rho_std": 0.00047841894745795084,
  "rho_min": 0.0536239817738533,
  "stability_rate": 100.0,
  "n_samples": 150,
  "model": "B-Hinf",
  "case_id": 300,
  "seed": 42,
  "epochs": 500,
  "n_params": 946314,
  "train_time_s": 1265.2,
  "K_mean": 0.0003805367450695485,
  "R_mean": 0.00019026837253477424,
  "J_mean": 0.00011416104098316282
}