{
  "rho_mean": 0.055096424842874206,
  "rho_std": 0.0004729812652481444,
  "rho_min": 0.053683482110500336,
  "stability_rate": 100.0,
  "n_samples": 150,
  "model": "B-Hinf",
  "case_id": 300,
  "seed": 504,
  "epochs": 500,
  "n_params": 946314,
  "train_time_s": 894.2,
  "K_mean": 0.0003805367450695485,
  "R_mean": 0.00019026837253477424,
  "J_mean": 0.00011416104098316282
}