{
  "rho_mean": 0.054996111889680226,
  "rho_std": 0.0004928823869623688,
  "rho_min": 0.05362434312701225,
  "stability_rate": 100.0,
  "n_samples": 150,
  "model": "B-Hinf",
  "case_id": 300,
  "seed": 126,
  "epochs": 500,
  "n_params": 946314,
  "train_time_s": 1163.8,
  "K_mean": 0.0003805367450695485,
  "R_mean": 0.00019026837253477424,
  "J_mean": 0.00011416104098316282
}