{
  "rho_mean": 0.05508237121005853,
  "rho_std": 0.00048520173477824903,
  "rho_min": 0.05361335352063179,
  "stability_rate": 100.0,
  "n_samples": 150,
  "model": "B-Hinf",
  "case_id": 300,
  "seed": 588,
  "epochs": 500,
  "n_params": 946314,
  "train_time_s": 717.0,
  "K_mean": 0.0003805367450695485,
  "R_mean": 0.00019026837253477424,
  "J_mean": 0.00011416104098316282
}