{
  "rho_mean": 0.05504006572067738,
  "rho_std": 0.0004971925696707385,
  "rho_min": 0.053822290152311325,
  "stability_rate": 100.0,
  "n_samples": 150,
  "model": "B-Hinf",
  "case_id": 300,
  "seed": 0,
  "epochs": 500,
  "n_params": 946314,
  "train_time_s": 1458.6,
  "K_mean": 0.0003805367450695485,
  "R_mean": 0.00019026837253477424,
  "J_mean": 0.00011416104098316282
}