{
  "rho_mean": 0.05501677041252454,
  "rho_std": 0.00046874973386047946,
  "rho_min": 0.05378687009215355,
  "stability_rate": 100.0,
  "n_samples": 150,
  "model": "B-Hinf",
  "case_id": 300,
  "seed": 420,
  "epochs": 500,
  "n_params": 946314,
  "train_time_s": 963.2,
  "K_mean": 0.0003805367450695485,
  "R_mean": 0.00019026837253477424,
  "J_mean": 0.00011416104098316282
}