{
  "rho_mean": 0.055042343114813166,
  "rho_std": 0.0003881489109266331,
  "rho_min": 0.05368109047412872,
  "stability_rate": 100.0,
  "n_samples": 150,
  "model": "B-Hinf",
  "case_id": 300,
  "seed": 798,
  "epochs": 500,
  "n_params": 946314,
  "train_time_s": 517.5,
  "K_mean": 0.0003805367450695485,
  "R_mean": 0.00019026837253477424,
  "J_mean": 0.00011416104098316282
}