{
  "rho_mean": 0.05504726365208626,
  "rho_std": 0.00044419378030028105,
  "rho_min": 0.05365905165672302,
  "stability_rate": 100.0,
  "n_samples": 150,
  "model": "B-Hinf",
  "case_id": 300,
  "seed": 294,
  "epochs": 500,
  "n_params": 946314,
  "train_time_s": 1084.3,
  "K_mean": 0.0003805367450695485,
  "R_mean": 0.00019026837253477424,
  "J_mean": 0.00011416104098316282
}