{
  "rho_mean": 0.05504691670338313,
  "rho_std": 0.0004359378027604668,
  "rho_min": 0.053811218589544296,
  "stability_rate": 100.0,
  "n_samples": 150,
  "model": "B-Hinf",
  "case_id": 300,
  "seed": 630,
  "epochs": 500,
  "n_params": 946314,
  "train_time_s": 688.8,
  "K_mean": 0.0003805367450695485,
  "R_mean": 0.00019026837253477424,
  "J_mean": 0.00011416104098316282
}