{
  "rho_mean": 0.031908314774433774,
  "rho_std": 0.00012865888918244783,
  "rho_min": 0.031533293426036835,
  "stability_rate": 100.0,
  "n_samples": 150,
  "model": "B-ROPF",
  "case_id": 300,
  "seed": 798,
  "epochs": 500,
  "n_params": 485514,
  "train_time_s": 473.8,
  "K_mean": 0.000761073490139097,
  "R_mean": 0.0,
  "J_mean": 0.0
}