{
  "rho_mean": 0.03189582616090775,
  "rho_std": 0.00012101950822374479,
  "rho_min": 0.0315416157245636,
  "stability_rate": 100.0,
  "n_samples": 150,
  "model": "B-ROPF",
  "case_id": 300,
  "seed": 42,
  "epochs": 500,
  "n_params": 485514,
  "train_time_s": 1305.4,
  "K_mean": 0.000761073490139097,
  "R_mean": 0.0,
  "J_mean": 0.0
}