{
  "rho_mean": 0.03189984917640686,
  "rho_std": 0.0001343072323287651,
  "rho_min": 0.031493835151195526,
  "stability_rate": 100.0,
  "n_samples": 150,
  "model": "B-ROPF",
  "case_id": 300,
  "seed": 588,
  "epochs": 500,
  "n_params": 485514,
  "train_time_s": 681.0,
  "K_mean": 0.000761073490139097,
  "R_mean": 0.0,
  "J_mean": 0.0
}