{
  "rho_mean": 0.03190319498380025,
  "rho_std": 0.0001239743000515011,
  "rho_min": 0.03151439130306244,
  "stability_rate": 100.0,
  "n_samples": 150,
  "model": "B-ROPF",
  "case_id": 300,
  "seed": 0,
  "epochs": 500,
  "n_params": 485514,
  "train_time_s": 1523.2,
  "K_mean": 0.000761073490139097,
  "R_mean": 0.0,
  "J_mean": 0.0
}