{
  "rho_mean": 0.031903054118156436,
  "rho_std": 0.00012373365780444097,
  "rho_min": 0.03158257156610489,
  "stability_rate": 100.0,
  "n_samples": 150,
  "model": "B-ROPF",
  "case_id": 300,
  "seed": 546,
  "epochs": 500,
  "n_params": 485514,
  "train_time_s": 735.9,
  "K_mean": 0.000761073490139097,
  "R_mean": 0.0,
  "J_mean": 0.0
}