{
  "rho_mean": 0.031902376264333725,
  "rho_std": 0.00011607752933286815,
  "rho_min": 0.03157128393650055,
  "stability_rate": 100.0,
  "n_samples": 150,
  "model": "B-ROPF",
  "case_id": 300,
  "seed": 84,
  "epochs": 500,
  "n_params": 485514,
  "train_time_s": 1198.5,
  "K_mean": 0.000761073490139097,
  "R_mean": 0.0,
  "J_mean": 0.0
}