{
  "rho_mean": 0.031922758718331654,
  "rho_std": 0.00012115119561020671,
  "rho_min": 0.031620919704437256,
  "stability_rate": 100.0,
  "n_samples": 150,
  "model": "B-ROPF",
  "case_id": 300,
  "seed": 756,
  "epochs": 500,
  "n_params": 485514,
  "train_time_s": 574.1,
  "K_mean": 0.000761073490139097,
  "R_mean": 0.0,
  "J_mean": 0.0
}