{
  "rho_mean": 0.03190568104386329,
  "rho_std": 0.0001299754306822526,
  "rho_min": 0.03157693147659302,
  "stability_rate": 100.0,
  "n_samples": 150,
  "model": "B-ROPF",
  "case_id": 300,
  "seed": 294,
  "epochs": 500,
  "n_params": 485514,
  "train_time_s": 1076.8,
  "K_mean": 0.000761073490139097,
  "R_mean": 0.0,
  "J_mean": 0.0
}