{
  "rho_mean": 0.031893613189458846,
  "rho_std": 0.00012685351155352205,
  "rho_min": 0.03159353882074356,
  "stability_rate": 100.0,
  "n_samples": 150,
  "model": "B-ROPF",
  "case_id": 300,
  "seed": 420,
  "epochs": 500,
  "n_params": 485514,
  "train_time_s": 1007.8,
  "K_mean": 0.000761073490139097,
  "R_mean": 0.0,
  "J_mean": 0.0
}