{
  "rho_mean": 0.031906781693299614,
  "rho_std": 0.00013111575772380924,
  "rho_min": 0.03139600157737732,
  "stability_rate": 100.0,
  "n_samples": 150,
  "model": "B-ROPF",
  "case_id": 300,
  "seed": 462,
  "epochs": 500,
  "n_params": 485514,
  "train_time_s": 953.0,
  "K_mean": 0.000761073490139097,
  "R_mean": 0.0,
  "J_mean": 0.0
}