{
  "rho_mean": 0.031909709771474205,
  "rho_std": 0.00012478637348683274,
  "rho_min": 0.031550221145153046,
  "stability_rate": 100.0,
  "n_samples": 150,
  "model": "B-ROPF",
  "case_id": 300,
  "seed": 252,
  "epochs": 500,
  "n_params": 485514,
  "train_time_s": 1075.9,
  "K_mean": 0.000761073490139097,
  "R_mean": 0.0,
  "J_mean": 0.0
}