{
  "rho_mean": 0.03189792608221372,
  "rho_std": 0.0001405266628966441,
  "rho_min": 0.031552255153656006,
  "stability_rate": 100.0,
  "n_samples": 150,
  "model": "B-ROPF",
  "case_id": 300,
  "seed": 168,
  "epochs": 500,
  "n_params": 485514,
  "train_time_s": 1078.3,
  "K_mean": 0.000761073490139097,
  "R_mean": 0.0,
  "J_mean": 0.0
}