{
  "rho_mean": 0.05337806289394697,
  "rho_std": 0.0005759229570034376,
  "rho_min": 0.0517035536468029,
  "stability_rate": 100.0,
  "n_samples": 150,
  "model": "B-SOPF",
  "case_id": 300,
  "seed": 504,
  "epochs": 500,
  "n_params": 485514,
  "train_time_s": 846.0,
  "K_mean": 0.000761073490139097,
  "R_mean": 0.0,
  "J_mean": 0.0
}