{
  "rho_mean": 0.05335181382795175,
  "rho_std": 0.0005336845466059695,
  "rho_min": 0.051774848252534866,
  "stability_rate": 100.0,
  "n_samples": 150,
  "model": "B-SOPF",
  "case_id": 300,
  "seed": 672,
  "epochs": 500,
  "n_params": 485514,
  "train_time_s": 651.9,
  "K_mean": 0.000761073490139097,
  "R_mean": 0.0,
  "J_mean": 0.0
}