{
  "rho_mean": 0.05327210985124111,
  "rho_std": 0.0005990348935385437,
  "rho_min": 0.05158615857362747,
  "stability_rate": 100.0,
  "n_samples": 150,
  "model": "B-SOPF",
  "case_id": 300,
  "seed": 378,
  "epochs": 500,
  "n_params": 485514,
  "train_time_s": 1023.8,
  "K_mean": 0.000761073490139097,
  "R_mean": 0.0,
  "J_mean": 0.0
}