{
  "rho_mean": 0.05326567793885867,
  "rho_std": 0.0005743393676317789,
  "rho_min": 0.051522716879844666,
  "stability_rate": 100.0,
  "n_samples": 150,
  "model": "B-SOPF",
  "case_id": 300,
  "seed": 252,
  "epochs": 500,
  "n_params": 485514,
  "train_time_s": 989.0,
  "K_mean": 0.000761073490139097,
  "R_mean": 0.0,
  "J_mean": 0.0
}