{
  "rho_mean": 0.05322675277789434,
  "rho_std": 0.000616915177577773,
  "rho_min": 0.05119731277227402,
  "stability_rate": 100.0,
  "n_samples": 150,
  "model": "B-SOPF",
  "case_id": 300,
  "seed": 546,
  "epochs": 500,
  "n_params": 485514,
  "train_time_s": 771.4,
  "K_mean": 0.000761073490139097,
  "R_mean": 0.0,
  "J_mean": 0.0
}