{
  "rho_mean": 0.053304971034328144,
  "rho_std": 0.0005318298527798466,
  "rho_min": 0.0517583005130291,
  "stability_rate": 100.0,
  "n_samples": 150,
  "model": "B-SOPF",
  "case_id": 300,
  "seed": 630,
  "epochs": 500,
  "n_params": 485514,
  "train_time_s": 673.2,
  "K_mean": 0.000761073490139097,
  "R_mean": 0.0,
  "J_mean": 0.0
}