{
  "rho_mean": 0.053302474170923236,
  "rho_std": 0.0006037685365795811,
  "rho_min": 0.05190654471516609,
  "stability_rate": 100.0,
  "n_samples": 150,
  "model": "B-SOPF",
  "case_id": 300,
  "seed": 0,
  "epochs": 500,
  "n_params": 485514,
  "train_time_s": 1582.4,
  "K_mean": 0.000761073490139097,
  "R_mean": 0.0,
  "J_mean": 0.0
}