{
  "rho_mean": 0.0532694357385238,
  "rho_std": 0.0005639223890313117,
  "rho_min": 0.051556892693042755,
  "stability_rate": 100.0,
  "n_samples": 150,
  "model": "B-SOPF",
  "case_id": 300,
  "seed": 210,
  "epochs": 500,
  "n_params": 485514,
  "train_time_s": 1017.9,
  "K_mean": 0.000761073490139097,
  "R_mean": 0.0,
  "J_mean": 0.0
}