{
  "rho_mean": 0.05331745634476344,
  "rho_std": 0.000578883806340661,
  "rho_min": 0.05168018117547035,
  "stability_rate": 100.0,
  "n_samples": 150,
  "model": "B-SOPF",
  "case_id": 300,
  "seed": 42,
  "epochs": 500,
  "n_params": 485514,
  "train_time_s": 1340.7,
  "K_mean": 0.000761073490139097,
  "R_mean": 0.0,
  "J_mean": 0.0
}