{
  "rho_mean": 0.05334443847338358,
  "rho_std": 0.0005673115450991232,
  "rho_min": 0.05167783051729202,
  "stability_rate": 100.0,
  "n_samples": 150,
  "model": "B-SOPF",
  "case_id": 300,
  "seed": 462,
  "epochs": 500,
  "n_params": 485514,
  "train_time_s": 940.1,
  "K_mean": 0.000761073490139097,
  "R_mean": 0.0,
  "J_mean": 0.0
}