{
  "rho_mean": 0.05328848245243231,
  "rho_std": 0.000636236629734854,
  "rho_min": 0.05128171667456627,
  "stability_rate": 100.0,
  "n_samples": 150,
  "model": "B-SOPF",
  "case_id": 300,
  "seed": 714,
  "epochs": 500,
  "n_params": 485514,
  "train_time_s": 645.7,
  "K_mean": 0.000761073490139097,
  "R_mean": 0.0,
  "J_mean": 0.0
}