{
  "rho_mean": 0.05335065635542075,
  "rho_std": 0.0005989125372390766,
  "rho_min": 0.051698729395866394,
  "stability_rate": 100.0,
  "n_samples": 150,
  "model": "B-SOPF",
  "case_id": 300,
  "seed": 168,
  "epochs": 500,
  "n_params": 485514,
  "train_time_s": 1031.8,
  "K_mean": 0.000761073490139097,
  "R_mean": 0.0,
  "J_mean": 0.0
}