{
  "rho_mean": 0.053344569106896715,
  "rho_std": 0.0005690107676213454,
  "rho_min": 0.05176059156656265,
  "stability_rate": 100.0,
  "n_samples": 150,
  "model": "B-SOPF",
  "case_id": 300,
  "seed": 336,
  "epochs": 500,
  "n_params": 485514,
  "train_time_s": 1006.5,
  "K_mean": 0.000761073490139097,
  "R_mean": 0.0,
  "J_mean": 0.0
}