{
  "rho_mean": 0.05331196280817191,
  "rho_std": 0.0005390111653117259,
  "rho_min": 0.05162901058793068,
  "stability_rate": 100.0,
  "n_samples": 150,
  "model": "B-SOPF",
  "case_id": 300,
  "seed": 294,
  "epochs": 500,
  "n_params": 485514,
  "train_time_s": 1017.6,
  "K_mean": 0.000761073490139097,
  "R_mean": 0.0,
  "J_mean": 0.0
}