{
  "rho_mean": 0.0533093532671531,
  "rho_std": 0.0005740362346178553,
  "rho_min": 0.05158132314682007,
  "stability_rate": 100.0,
  "n_samples": 150,
  "model": "B-SOPF",
  "case_id": 300,
  "seed": 756,
  "epochs": 500,
  "n_params": 485514,
  "train_time_s": 612.8,
  "K_mean": 0.000761073490139097,
  "R_mean": 0.0,
  "J_mean": 0.0
}