{
  "rho_mean": 0.05327184982597828,
  "rho_std": 0.0005684913891930895,
  "rho_min": 0.05175335332751274,
  "stability_rate": 100.0,
  "n_samples": 150,
  "model": "B-SOPF",
  "case_id": 300,
  "seed": 420,
  "epochs": 500,
  "n_params": 485514,
  "train_time_s": 978.3,
  "K_mean": 0.000761073490139097,
  "R_mean": 0.0,
  "J_mean": 0.0
}