{
  "rho_mean": 0.05739116318523884,
  "rho_std": 4.3852628298984074e-05,
  "rho_min": 0.05726892873644829,
  "stability_rate": 100.0,
  "n_samples": 150,
  "model": "B10",
  "case_id": 300,
  "seed": 378,
  "epochs": 500,
  "n_params": 510357,
  "train_time_s": 1181.4,
  "K_mean": 0.000278938066912815,
  "R_mean": 0.0,
  "J_mean": 0.0
}