{
  "rho_mean": 0.057380617211262384,
  "rho_std": 4.2080593568340865e-05,
  "rho_min": 0.05725974589586258,
  "stability_rate": 100.0,
  "n_samples": 150,
  "model": "B10",
  "case_id": 300,
  "seed": 630,
  "epochs": 500,
  "n_params": 510357,
  "train_time_s": 673.6,
  "K_mean": 0.0002789504360407591,
  "R_mean": 0.0,
  "J_mean": 0.0
}