{
  "rho_mean": 0.05738421897093455,
  "rho_std": 5.150643111316837e-05,
  "rho_min": 0.0572575181722641,
  "stability_rate": 100.0,
  "n_samples": 150,
  "model": "B10",
  "case_id": 300,
  "seed": 168,
  "epochs": 500,
  "n_params": 510357,
  "train_time_s": 1594.8,
  "K_mean": 0.0002789516875054687,
  "R_mean": 0.0,
  "J_mean": 0.0
}