{
  "rho_mean": 0.057388531242807704,
  "rho_std": 4.5738061244333276e-05,
  "rho_min": 0.05725676938891411,
  "stability_rate": 100.0,
  "n_samples": 150,
  "model": "B10",
  "case_id": 300,
  "seed": 252,
  "epochs": 500,
  "n_params": 510357,
  "train_time_s": 1580.3,
  "K_mean": 0.00027895360835827887,
  "R_mean": 0.0,
  "J_mean": 0.0
}