{
  "rho_mean": 0.05738263284166654,
  "rho_std": 4.6495952835023584e-05,
  "rho_min": 0.057272639125585556,
  "stability_rate": 100.0,
  "n_samples": 150,
  "model": "B10",
  "case_id": 300,
  "seed": 420,
  "epochs": 500,
  "n_params": 510357,
  "train_time_s": 1074.0,
  "K_mean": 0.00027895288076251745,
  "R_mean": 0.0,
  "J_mean": 0.0
}