{
  "rho_mean": 0.05739276073873043,
  "rho_std": 4.3326206548951436e-05,
  "rho_min": 0.057259850203990936,
  "stability_rate": 100.0,
  "n_samples": 150,
  "model": "B10",
  "case_id": 300,
  "seed": 504,
  "epochs": 500,
  "n_params": 510357,
  "train_time_s": 911.3,
  "K_mean": 0.0002789432473946363,
  "R_mean": 0.0,
  "J_mean": 0.0
}