{
  "rho_mean": 0.057386185800035794,
  "rho_std": 4.4676323159767985e-05,
  "rho_min": 0.05727607011795044,
  "stability_rate": 100.0,
  "n_samples": 150,
  "model": "B10",
  "case_id": 300,
  "seed": 336,
  "epochs": 500,
  "n_params": 510357,
  "train_time_s": 1369.9,
  "K_mean": 0.00027894487720914185,
  "R_mean": 0.0,
  "J_mean": 0.0
}