{
  "rho_mean": 0.05739333209892114,
  "rho_std": 4.440346579889734e-05,
  "rho_min": 0.0572827011346817,
  "stability_rate": 100.0,
  "n_samples": 150,
  "model": "B10",
  "case_id": 300,
  "seed": 756,
  "epochs": 500,
  "n_params": 510357,
  "train_time_s": 419.1,
  "K_mean": 0.0002789484860841185,
  "R_mean": 0.0,
  "J_mean": 0.0
}