{
  "rho_mean": 0.05738611134390036,
  "rho_std": 4.535144894611328e-05,
  "rho_min": 0.0572686530649662,
  "stability_rate": 100.0,
  "n_samples": 150,
  "model": "B10",
  "case_id": 300,
  "seed": 546,
  "epochs": 500,
  "n_params": 510357,
  "train_time_s": 727.3,
  "K_mean": 0.0002789480204228312,
  "R_mean": 0.0,
  "J_mean": 0.0
}