{
  "rho_mean": 0.057383462488651275,
  "rho_std": 4.435598423416466e-05,
  "rho_min": 0.0572536401450634,
  "stability_rate": 100.0,
  "n_samples": 150,
  "model": "B10",
  "case_id": 300,
  "seed": 42,
  "epochs": 500,
  "n_params": 510357,
  "train_time_s": 1682.0,
  "K_mean": 0.0002789477875921875,
  "R_mean": 0.0,
  "J_mean": 0.0
}