{
  "rho_mean": 0.05738783943156401,
  "rho_std": 4.872458408259002e-05,
  "rho_min": 0.05728073790669441,
  "stability_rate": 100.0,
  "n_samples": 150,
  "model": "B10",
  "case_id": 300,
  "seed": 210,
  "epochs": 500,
  "n_params": 510357,
  "train_time_s": 1606.2,
  "K_mean": 0.00027895145467482507,
  "R_mean": 0.0,
  "J_mean": 0.0
}