{
  "rho_mean": 0.05738617638746897,
  "rho_std": 4.543786393566421e-05,
  "rho_min": 0.057243674993515015,
  "stability_rate": 100.0,
  "n_samples": 150,
  "model": "B10",
  "case_id": 300,
  "seed": 0,
  "epochs": 500,
  "n_params": 510357,
  "train_time_s": 2223.2,
  "K_mean": 0.0002789438294712454,
  "R_mean": 0.0,
  "J_mean": 0.0
}