{
  "rho_mean": 0.05738940246403217,
  "rho_std": 4.391886090485177e-05,
  "rho_min": 0.05726302042603493,
  "stability_rate": 100.0,
  "n_samples": 150,
  "model": "B10",
  "case_id": 300,
  "seed": 126,
  "epochs": 500,
  "n_params": 510357,
  "train_time_s": 1434.4,
  "K_mean": 0.0002789483987726271,
  "R_mean": 0.0,
  "J_mean": 0.0
}