{
  "rho_mean": 0.05738198849062125,
  "rho_std": 4.6221032998499424e-05,
  "rho_min": 0.05719468742609024,
  "stability_rate": 100.0,
  "n_samples": 150,
  "model": "B10",
  "case_id": 300,
  "seed": 714,
  "epochs": 500,
  "n_params": 510357,
  "train_time_s": 479.4,
  "K_mean": 0.00027893829974345863,
  "R_mean": 0.0,
  "J_mean": 0.0
}