{
  "rho_mean": 0.05738748687009017,
  "rho_std": 4.805618275866766e-05,
  "rho_min": 0.057200267910957336,
  "stability_rate": 100.0,
  "n_samples": 150,
  "model": "B10",
  "case_id": 300,
  "seed": 462,
  "epochs": 500,
  "n_params": 510357,
  "train_time_s": 999.2,
  "K_mean": 0.00027894487720914185,
  "R_mean": 0.0,
  "J_mean": 0.0
}