{
  "rho_mean": 0.04077038382490476,
  "rho_std": 0.0027005748370038532,
  "rho_min": 0.032298825681209564,
  "stability_rate": 100.0,
  "n_samples": 150,
  "model": "B11",
  "case_id": 300,
  "seed": 756,
  "epochs": 500,
  "n_params": 527699,
  "train_time_s": 512.4,
  "K_mean": 0.0017905201530084014,
  "R_mean": 0.001074312487617135,
  "J_mean": 0.0007162083638831973
}