{
  "rho_mean": 0.04109746001660824,
  "rho_std": 0.0026722577434831352,
  "rho_min": 0.03316554054617882,
  "stability_rate": 100.0,
  "n_samples": 150,
  "model": "B11",
  "case_id": 300,
  "seed": 504,
  "epochs": 500,
  "n_params": 527699,
  "train_time_s": 837.7,
  "K_mean": 0.0017905201530084014,
  "R_mean": 0.001074312487617135,
  "J_mean": 0.0007162083638831973
}