{
  "rho_mean": 0.0407308621207873,
  "rho_std": 0.0027122748939620678,
  "rho_min": 0.03274967893958092,
  "stability_rate": 100.0,
  "n_samples": 150,
  "model": "B11",
  "case_id": 300,
  "seed": 84,
  "epochs": 500,
  "n_params": 527699,
  "train_time_s": 1440.9,
  "K_mean": 0.0017905201530084014,
  "R_mean": 0.001074312487617135,
  "J_mean": 0.0007162083638831973
}