{
  "rho_mean": 0.04059558014074961,
  "rho_std": 0.0026476879512578955,
  "rho_min": 0.032741792500019073,
  "stability_rate": 100.0,
  "n_samples": 150,
  "model": "B11",
  "case_id": 300,
  "seed": 252,
  "epochs": 500,
  "n_params": 527699,
  "train_time_s": 1482.9,
  "K_mean": 0.0017905201530084014,
  "R_mean": 0.001074312487617135,
  "J_mean": 0.0007162083638831973
}