{
  "rho_mean": 0.04061774857342243,
  "rho_std": 0.0026022515200757558,
  "rho_min": 0.03316816687583923,
  "stability_rate": 100.0,
  "n_samples": 150,
  "model": "B11",
  "case_id": 300,
  "seed": 210,
  "epochs": 500,
  "n_params": 527699,
  "train_time_s": 1390.2,
  "K_mean": 0.0017905201530084014,
  "R_mean": 0.001074312487617135,
  "J_mean": 0.0007162083638831973
}