{
  "rho_mean": 0.04074521956344446,
  "rho_std": 0.0029110930079135696,
  "rho_min": 0.03139733150601387,
  "stability_rate": 100.0,
  "n_samples": 150,
  "model": "B11",
  "case_id": 300,
  "seed": 714,
  "epochs": 500,
  "n_params": 527699,
  "train_time_s": 541.1,
  "K_mean": 0.0017905201530084014,
  "R_mean": 0.001074312487617135,
  "J_mean": 0.0007162083638831973
}