{
  "rho_mean": 0.041037084509929024,
  "rho_std": 0.0024923270412318507,
  "rho_min": 0.03340120613574982,
  "stability_rate": 100.0,
  "n_samples": 150,
  "model": "B11",
  "case_id": 300,
  "seed": 672,
  "epochs": 500,
  "n_params": 527699,
  "train_time_s": 552.5,
  "K_mean": 0.0017905201530084014,
  "R_mean": 0.001074312487617135,
  "J_mean": 0.0007162083638831973
}