{
  "rho_mean": 0.040982026904821396,
  "rho_std": 0.002644398731878703,
  "rho_min": 0.034117866307497025,
  "stability_rate": 100.0,
  "n_samples": 150,
  "model": "B11",
  "case_id": 300,
  "seed": 336,
  "epochs": 500,
  "n_params": 527699,
  "train_time_s": 1289.6,
  "K_mean": 0.0017905201530084014,
  "R_mean": 0.001074312487617135,
  "J_mean": 0.0007162083638831973
}