{
  "rho_mean": 0.04066248878836632,
  "rho_std": 0.002656167463622611,
  "rho_min": 0.0336475670337677,
  "stability_rate": 100.0,
  "n_samples": 150,
  "model": "B11",
  "case_id": 300,
  "seed": 420,
  "epochs": 500,
  "n_params": 527699,
  "train_time_s": 971.9,
  "K_mean": 0.0017905201530084014,
  "R_mean": 0.001074312487617135,
  "J_mean": 0.0007162083638831973
}