{
  "rho_mean": 0.0572492815554142,
  "rho_std": 5.174365380760698e-05,
  "rho_min": 0.05711113661527634,
  "stability_rate": 100.0,
  "n_samples": 150,
  "model": "B12",
  "case_id": 300,
  "seed": 630,
  "epochs": 500,
  "n_params": 510356,
  "train_time_s": 643.3,
  "K_mean": 0.00027887761825695634,
  "R_mean": 0.0,
  "J_mean": 0.0
}