{
  "rho_mean": 0.05725375269850095,
  "rho_std": 5.043151356523119e-05,
  "rho_min": 0.057110242545604706,
  "stability_rate": 100.0,
  "n_samples": 150,
  "model": "B12",
  "case_id": 300,
  "seed": 672,
  "epochs": 500,
  "n_params": 510356,
  "train_time_s": 615.6,
  "K_mean": 0.0002788822166621685,
  "R_mean": 0.0,
  "J_mean": 0.0
}