{
  "rho_mean": 0.05725565828382969,
  "rho_std": 5.430116283382148e-05,
  "rho_min": 0.05710190534591675,
  "stability_rate": 100.0,
  "n_samples": 150,
  "model": "B12",
  "case_id": 300,
  "seed": 336,
  "epochs": 500,
  "n_params": 510356,
  "train_time_s": 1294.3,
  "K_mean": 0.0002788708661682904,
  "R_mean": 0.0,
  "J_mean": 0.0
}