{
  "rho_mean": 0.05725212643543879,
  "rho_std": 5.4719154883683884e-05,
  "rho_min": 0.05709141492843628,
  "stability_rate": 100.0,
  "n_samples": 150,
  "model": "B12",
  "case_id": 300,
  "seed": 84,
  "epochs": 500,
  "n_params": 510356,
  "train_time_s": 1570.4,
  "K_mean": 0.00027886746102012694,
  "R_mean": 0.0,
  "J_mean": 0.0
}