{
  "rho_mean": 0.05725930904348691,
  "rho_std": 5.214448822768116e-05,
  "rho_min": 0.057081352919340134,
  "stability_rate": 100.0,
  "n_samples": 150,
  "model": "B12",
  "case_id": 300,
  "seed": 756,
  "epochs": 500,
  "n_params": 510356,
  "train_time_s": 436.6,
  "K_mean": 0.0002788763085845858,
  "R_mean": 0.0,
  "J_mean": 0.0
}