{
  "rho_mean": 0.05725503727793693,
  "rho_std": 5.9760160167098263e-05,
  "rho_min": 0.05712036043405533,
  "stability_rate": 100.0,
  "n_samples": 150,
  "model": "B12",
  "case_id": 300,
  "seed": 588,
  "epochs": 500,
  "n_params": 510356,
  "train_time_s": 653.9,
  "K_mean": 0.0002788745332509279,
  "R_mean": 0.0,
  "J_mean": 0.0
}