{
  "rho_mean": 0.05725215589006742,
  "rho_std": 5.91943287042394e-05,
  "rho_min": 0.057070668786764145,
  "stability_rate": 100.0,
  "n_samples": 150,
  "model": "B12",
  "case_id": 300,
  "seed": 210,
  "epochs": 500,
  "n_params": 510356,
  "train_time_s": 1554.5,
  "K_mean": 0.0002788766287267208,
  "R_mean": 0.0,
  "J_mean": 0.0
}