{
  "rho_mean": 0.05725396273036798,
  "rho_std": 5.693800063094841e-05,
  "rho_min": 0.05714308097958565,
  "stability_rate": 100.0,
  "n_samples": 150,
  "model": "B12",
  "case_id": 300,
  "seed": 0,
  "epochs": 500,
  "n_params": 510356,
  "train_time_s": 1918.1,
  "K_mean": 0.0002788709825836122,
  "R_mean": 0.0,
  "J_mean": 0.0
}