{
  "rho_mean": 0.0516204730172952,
  "rho_std": 0.001047339830870244,
  "rho_min": 0.0483490452170372,
  "stability_rate": 100.0,
  "n_samples": 150,
  "model": "Ours",
  "case_id": 300,
  "seed": 756,
  "epochs": 500,
  "n_params": 527906,
  "train_time_s": 401.3,
  "K_mean": 0.0006604301161132753,
  "R_mean": 0.00041652165236882865,
  "J_mean": 0.0002962996659334749
}