{
  "rho_mean": 0.05148776819308599,
  "rho_std": 0.001103353323887202,
  "rho_min": 0.04785081744194031,
  "stability_rate": 100.0,
  "n_samples": 150,
  "model": "Ours",
  "case_id": 300,
  "seed": 546,
  "epochs": 500,
  "n_params": 527906,
  "train_time_s": 703.8,
  "K_mean": 0.0006603760411962867,
  "R_mean": 0.000416764582041651,
  "J_mean": 0.0002952652284875512
}