{
  "rho_mean": 0.051638020848234496,
  "rho_std": 0.000974762050354623,
  "rho_min": 0.04860059171915054,
  "stability_rate": 100.0,
  "n_samples": 150,
  "model": "Ours",
  "case_id": 300,
  "seed": 294,
  "epochs": 500,
  "n_params": 527906,
  "train_time_s": 1484.0,
  "K_mean": 0.0006604021182283759,
  "R_mean": 0.00041675017564557493,
  "J_mean": 0.00029581988928839564
}