{
  "rho_mean": 0.0516420770684878,
  "rho_std": 0.0009558400043526047,
  "rho_min": 0.04892105236649513,
  "stability_rate": 100.0,
  "n_samples": 150,
  "model": "Ours",
  "case_id": 300,
  "seed": 630,
  "epochs": 500,
  "n_params": 527906,
  "train_time_s": 635.3,
  "K_mean": 0.0006604023510590196,
  "R_mean": 0.0004166729631833732,
  "J_mean": 0.0002965592429973185
}