{
  "rho_mean": 0.05160800712803999,
  "rho_std": 0.0010515663220401414,
  "rho_min": 0.048521652817726135,
  "stability_rate": 100.0,
  "n_samples": 150,
  "model": "Ours",
  "case_id": 300,
  "seed": 84,
  "epochs": 500,
  "n_params": 527906,
  "train_time_s": 1677.5,
  "K_mean": 0.0006604193476960063,
  "R_mean": 0.0004163617268204689,
  "J_mean": 0.0002964737359434366
}