{
  "rho_mean": 0.05162769834200541,
  "rho_std": 0.0008487674651740152,
  "rho_min": 0.048684220761060715,
  "stability_rate": 100.0,
  "n_samples": 150,
  "model": "Ours",
  "case_id": 300,
  "seed": 798,
  "epochs": 500,
  "n_params": 527906,
  "train_time_s": 376.9,
  "K_mean": 0.0006603961228393018,
  "R_mean": 0.0004168220912106335,
  "J_mean": 0.00029603863367810845
}