{
  "rho_mean": 0.051611287668347355,
  "rho_std": 0.0011284908133681235,
  "rho_min": 0.0479610413312912,
  "stability_rate": 100.0,
  "n_samples": 150,
  "model": "Ours",
  "case_id": 300,
  "seed": 714,
  "epochs": 500,
  "n_params": 527906,
  "train_time_s": 439.1,
  "K_mean": 0.0006603687070310116,
  "R_mean": 0.0004165556456428021,
  "J_mean": 0.0002968134358525276
}