{
  "rho_mean": 0.051741610864798226,
  "rho_std": 0.0010388137957340127,
  "rho_min": 0.04867991805076599,
  "stability_rate": 100.0,
  "n_samples": 150,
  "model": "Ours",
  "case_id": 300,
  "seed": 504,
  "epochs": 500,
  "n_params": 527906,
  "train_time_s": 810.8,
  "K_mean": 0.0006603581132367253,
  "R_mean": 0.0004171530599705875,
  "J_mean": 0.000295859994366765
}