{
  "rho_mean": 0.0517010498046875,
  "rho_std": 0.0010282845187569963,
  "rho_min": 0.04900059476494789,
  "stability_rate": 100.0,
  "n_samples": 150,
  "model": "Ours",
  "case_id": 300,
  "seed": 336,
  "epochs": 500,
  "n_params": 527906,
  "train_time_s": 1279.7,
  "K_mean": 0.0006603897782042623,
  "R_mean": 0.0004167734587099403,
  "J_mean": 0.0002962196303997189
}