{
  "rho_mean": 0.05155605773131053,
  "rho_std": 0.001065349998275787,
  "rho_min": 0.04870748892426491,
  "stability_rate": 100.0,
  "n_samples": 150,
  "model": "Ours",
  "case_id": 300,
  "seed": 378,
  "epochs": 500,
  "n_params": 527906,
  "train_time_s": 1132.1,
  "K_mean": 0.0006603787769563496,
  "R_mean": 0.0004167913575656712,
  "J_mean": 0.0002956223615910858
}