{
  "rho_mean": 0.0515763546526432,
  "rho_std": 0.0010336306340860007,
  "rho_min": 0.048834577202796936,
  "stability_rate": 100.0,
  "n_samples": 150,
  "model": "Ours",
  "case_id": 300,
  "seed": 420,
  "epochs": 500,
  "n_params": 527906,
  "train_time_s": 1078.3,
  "K_mean": 0.0006604137597605586,
  "R_mean": 0.0004167935985606164,
  "J_mean": 0.00029688619542866945
}