{
  "rho_mean": 0.0514981243511041,
  "rho_std": 0.0011077880987959297,
  "rho_min": 0.04875509813427925,
  "stability_rate": 100.0,
  "n_samples": 150,
  "model": "Ours",
  "case_id": 300,
  "seed": 0,
  "epochs": 500,
  "n_params": 527906,
  "train_time_s": 2296.6,
  "K_mean": 0.0006735037895850837,
  "R_mean": 0.00042435459909029305,
  "J_mean": 0.00030082601006142795
}