{
  "rho_mean": 0.051560450618465745,
  "rho_std": 0.0010110650712980456,
  "rho_min": 0.04866991564631462,
  "stability_rate": 100.0,
  "n_samples": 150,
  "model": "Ours",
  "case_id": 300,
  "seed": 210,
  "epochs": 500,
  "n_params": 527906,
  "train_time_s": 1629.1,
  "K_mean": 0.0006603877409361303,
  "R_mean": 0.0004168534360360354,
  "J_mean": 0.0002957108954433352
}