{
  "rho_mean": 0.051722536633412045,
  "rho_std": 0.0010627031244141432,
  "rho_min": 0.04851500317454338,
  "stability_rate": 100.0,
  "n_samples": 150,
  "model": "Ours",
  "case_id": 300,
  "seed": 588,
  "epochs": 500,
  "n_params": 527906,
  "train_time_s": 704.0,
  "K_mean": 0.0006604055524803698,
  "R_mean": 0.00041662444709800184,
  "J_mean": 0.0002962133439723402
}