{
  "rho_mean": 0.05165934259692828,
  "rho_std": 0.001059188937099751,
  "rho_min": 0.04849060997366905,
  "stability_rate": 100.0,
  "n_samples": 150,
  "model": "Ours",
  "case_id": 300,
  "seed": 42,
  "epochs": 500,
  "n_params": 527906,
  "train_time_s": 1872.7,
  "K_mean": 0.0006604040390811861,
  "R_mean": 0.00041635302477516234,
  "J_mean": 0.00029683145112358034
}