{
  "rho_mean": 0.05152981474995613,
  "rho_std": 0.0010777222625206473,
  "rho_min": 0.04854666069149971,
  "stability_rate": 100.0,
  "n_samples": 150,
  "model": "Ours",
  "case_id": 300,
  "seed": 126,
  "epochs": 500,
  "n_params": 527906,
  "train_time_s": 1617.4,
  "K_mean": 0.0006604071822948754,
  "R_mean": 0.0004165727295912802,
  "J_mean": 0.0002962676517199725
}