{
  "rho_mean": 0.05171968085070451,
  "rho_std": 0.0010704961108640777,
  "rho_min": 0.048863962292671204,
  "stability_rate": 100.0,
  "n_samples": 150,
  "model": "Ours",
  "case_id": 300,
  "seed": 168,
  "epochs": 500,
  "n_params": 527906,
  "train_time_s": 1623.2,
  "K_mean": 0.0006604172522202134,
  "R_mean": 0.00041655145469121635,
  "J_mean": 0.0002954901719931513
}