{
  "rho_mean": 0.05155020833015442,
  "rho_std": 0.0010282224251694462,
  "rho_min": 0.048493724316358566,
  "stability_rate": 100.0,
  "n_samples": 150,
  "model": "Ours",
  "case_id": 300,
  "seed": 252,
  "epochs": 500,
  "n_params": 527906,
  "train_time_s": 1625.0,
  "K_mean": 0.0006604249938391149,
  "R_mean": 0.0004167424631305039,
  "J_mean": 0.00029643651214428246
}