{
  "rho_mean": 0.0516954493522644,
  "rho_std": 0.001023359266192555,
  "rho_min": 0.04860364645719528,
  "stability_rate": 100.0,
  "n_samples": 150,
  "model": "Ours",
  "case_id": 300,
  "seed": 462,
  "epochs": 500,
  "n_params": 527906,
  "train_time_s": 1015.5,
  "K_mean": 0.0006604067166335881,
  "R_mean": 0.0004168846644461155,
  "J_mean": 0.00029682053718715906
}