{
  "rho_mean": 0.05172285303473473,
  "rho_std": 0.0009689296913236344,
  "rho_min": 0.048740774393081665,
  "stability_rate": 100.0,
  "n_samples": 150,
  "model": "Ours",
  "case_id": 300,
  "seed": 672,
  "epochs": 500,
  "n_params": 527906,
  "train_time_s": 528.8,
  "K_mean": 0.0006603780784644186,
  "R_mean": 0.0004168478481005877,
  "J_mean": 0.0002957435208372772
}