{
  "case_id": 39,
  "seed": 42,
  "rho_b10_mean": 0.03334390615423521,
  "rho_ours_mean": 0.030051055339475472,
  "safety_overestimation_pct_mean": 11.284131383949706,
  "safety_overestimation_pct_max": 30.228052455215433,
  "false_safety_rate_pct": 0.0,
  "vulnerability_index": [
    0.002894795499742031,
    0.0029122408013790846,
    0.002859630389139056,
    0.0029029755387455225,
    0.0029047061689198017,
    0.0029045953415334225,
    0.00285512232221663,
    0.0028827229980379343,
    0.002831947524100542,
    0.0028801162261515856
  ],
  "vulnerability_max_gen": 1,
  "K_final": [
    0.0026369488332420588,
    0.002637687139213085,
    0.0026375337038189173,
    0.0026379877235740423,
    0.0026378543116152287,
    0.0026376417372375727,
    0.002638587960973382,
    0.00263848714530468,
    0.0026384193915873766,
    0.0026386065874248743
  ],
  "R_final": [
    0.0016774323303252459,
    0.0016898327739909291,
    0.0016839624149724841,
    0.0016853674314916134,
    0.0016830969834700227,
    0.0016805179184302688,
    0.0016813201364129782,
    0.0016837703296914697,
    0.0016768438508734107,
    0.0016732399817556143
  ],
  "J_final": [
    0.0012173630530014634,
    0.0012224080273881555,
    0.001175667974166572,
    0.0012176081072539091,
    0.001221609185449779,
    0.0012240774231031537,
    0.0011738021858036518,
    0.0011989526683464646,
    0.0011551037896424532,
    0.0012068762443959713
  ]
}