{
  "case_id": 118,
  "seed": 42,
  "rho_b10_mean": 0.04801994793117046,
  "rho_ours_mean": 0.04308175005018711,
  "safety_overestimation_pct_mean": 11.521202231536444,
  "safety_overestimation_pct_max": 18.07895042137541,
  "false_safety_rate_pct": 0.0,
  "vulnerability_index": [
    0.000760358409024775,
    0.0007570813177153468,
    0.0007690435741096735,
    0.0007621026015840471,
    0.0007603620761074126,
    0.0007568006403744221,
    0.0007794148405082524,
    0.0007662164280191064,
    0.000755283166654408,
    0.0007667605532333255,
    0.0007622466655448079,
    0.0007590902387164533,
    0.0007610273896716535,
    0.000761277275159955,
    0.0007553974282927811,
    0.0007578721269965172,
    0.00076203269418329,
    0.0007619030075147748,
    0.0007592308102175593,
    0.0007601307006552815,
    0.0007564114057458937,
    0.0007656984962522984,
    0.0007621462573297322,
    0.0007607396692037582,
    0.0007521709776483476,
    0.0007693583611398935,
    0.0007638279930688441,
    0.0007650266634300351,
    0.0007567493012174964,
    0.000760710216127336,
    0.000760994735173881,
    0.000768328201957047,
    0.000782407121732831,
    0.0007657132227905095,
    0.0007637729868292809,
    0.0007586278370581567,
    0.0007630278123542666,
    0.0007668648613616824,
    0.0007607969455420971,
    0.0007583730621263385,
    0.0007679258123971522,
    0.0007574292831122875,
    0.0007564559346064925,
    0.0007708221673965454,
    0.0007590244058519602,
    0.0007657551905140281,
    0.0007636705413460732,
    0.0007699182606302202,
    0.0007566176354885101,
    0.0007724271854385734,
    0.0007595091592520475,
    0.0007649163017049432,
    0.0007609741296619177,
    0.0007591288303956389
  ],
  "vulnerability_max_gen": 32,
  "K_final": [
    0.0007045647944323719,
    0.0007046618848107755,
    0.0007045819074846804,
    0.0007044431986287236,
    0.0007047015824355185,
    0.0007046021055430174,
    0.0007046962273307145,
    0.0007046343525871634,
    0.0007045234669931233,
    0.000704689125996083,
    0.000704674981534481,
    0.0007046376704238355,
    0.0007044640369713306,
    0.0007046497776173055,
    0.0007047603721730411,
    0.000704723410308361,
    0.0007048276020213962,
    0.0007046316750347614,
    0.0007046699174679816,
    0.0007046655518934131,
    0.0007046726532280445,
    0.0007045164238661528,
    0.0007044955855235457,
    0.0007047429098747671,
    0.0007045909878797829,
    0.0007044526282697916,
    0.00070469785714522,
    0.0007045100792311132,
    0.0007046850514598191,
    0.0007046685786917806,
    0.0007043982041068375,
    0.0007047126418910921,
    0.0007048329571262002,
    0.0007047579856589437,
    0.0007045043166726828,
    0.0007043589139357209,
    0.0007047274266369641,
    0.000704689125996083,
    0.0007045490201562643,
    0.0007046202081255615,
    0.0007046803366392851,
    0.0007046239334158599,
    0.0007046051323413849,
    0.000704723410308361,
    0.0007046423852443695,
    0.0007047334802336991,
    0.000704699894413352,
    0.000704617181327194,
    0.000704662234056741,
    0.0007044458761811256,
    0.0007046091486699879,
    0.0007045483216643333,
    0.0007045197999104857,
    0.000704670965205878
  ],
  "R_final": [
    0.00044725535553880036,
    0.0004468447878025472,
    0.0004464673693291843,
    0.000446123507572338,
    0.0004476735193748027,
    0.00044537425856105983,
    0.000447223981609568,
    0.00044804898789152503,
    0.0004444946243893355,
    0.0004472740984056145,
    0.0004466343380045146,
    0.0004462439101189375,
    0.00044307197094894946,
    0.00044681027065962553,
    0.00044349723611958325,
    0.0004445830127224326,
    0.00044762721518054605,
    0.0004463728691916913,
    0.0004434456641320139,
    0.0004490073479246348,
    0.00044282968156039715,
    0.000443745608208701,
    0.00044546727440319955,
    0.0004453969595488161,
    0.00044533496838994324,
    0.0004466070677153766,
    0.0004455658490769565,
    0.0004488519625738263,
    0.00044632155913859606,
    0.00044228293700143695,
    0.00044720779987983406,
    0.00044757238356396556,
    0.0004480821080505848,
    0.0004458472249098122,
    0.0004444272490218282,
    0.0004419890174176544,
    0.00044458810589276254,
    0.00044606372830457985,
    0.0004440554475877434,
    0.0004474458401091397,
    0.0004498830530792475,
    0.00044683925807476044,
    0.00044794921996071935,
    0.0004455847665667534,
    0.00044692130177281797,
    0.0004460490308701992,
    0.00044287677155807614,
    0.0004465517122298479,
    0.00044482244993560016,
    0.0004467186809051782,
    0.0004456476599443704,
    0.000448079954367131,
    0.0004461152129806578,
    0.00044121011160314083
  ],
  "J_final": [
    0.0003131030243821442,
    0.0003102365299127996,
    0.00032257617567665875,
    0.0003159790940117091,
    0.00031268855673260987,
    0.0003114264109171927,
    0.0003321908588986844,
    0.0003181674692314118,
    0.000310788513161242,
    0.000319486454827711,
    0.0003156122984364629,
    0.0003128463285975158,
    0.00031795541872270405,
    0.00031446697539649904,
    0.00031190019217319787,
    0.0003132890851702541,
    0.0003144055081065744,
    0.0003155301383230835,
    0.00031578511698171496,
    0.00031112332362681627,
    0.00031358172418549657,
    0.0003219529171474278,
    0.0003166789829265326,
    0.00031534270965494215,
    0.0003068360092584044,
    0.00032275126432068646,
    0.00031826214399188757,
    0.00031617472996003926,
    0.0003104277129750699,
    0.0003184272791258991,
    0.00031378696439787745,
    0.0003207558474969119,
    0.00033432498457841575,
    0.00031986599788069725,
    0.0003193457378074527,
    0.00031663881964050233,
    0.00031843973556533456,
    0.00032080113305710256,
    0.0003167414979543537,
    0.00031092725112102926,
    0.0003180427593179047,
    0.00031058999593369663,
    0.00030850671464577317,
    0.00032523737172596157,
    0.0003121031040791422,
    0.0003197061887476593,
    0.00032079379889182746,
    0.00032336654840037227,
    0.0003117952146567404,
    0.00032570853363722563,
    0.0003138614702038467,
    0.00031683637644164264,
    0.00031485891668125987,
    0.00031791874789632857
  ]
}