{
  "K_only": {
    "rho_mean": 0.06960529978076617,
    "rho_std": 0.00017028163965827399,
    "rho_min": 0.06917207688093185,
    "stability_rate": 100.0,
    "K_mean": 0.0011354798916727304,
    "R_mean": 0.0018400208791717887,
    "J_mean": 0.001226680469699204,
    "mode": "K_only"
  },
  "K_R": {
    "rho_mean": 0.06468142154316107,
    "rho_std": 0.0014773024425589355,
    "rho_min": 0.06121499091386795,
    "stability_rate": 100.0,
    "K_mean": 0.001135433791205287,
    "R_mean": 0.0007133795297704637,
    "J_mean": 0.001226680469699204,
    "mode": "K_R"
  },
  "full": {
    "rho_mean": 0.06412937136987845,
    "rho_std": 0.001471733213081901,
    "rho_min": 0.060616981238126755,
    "stability_rate": 100.0,
    "K_mean": 0.001135614118538797,
    "R_mean": 0.0007138032233342528,
    "J_mean": 0.0005092729115858674,
    "mode": "full"
  },
  "safety_overestimation_pct": 8.54
}