{
  "rho_mean": 0.06845548411210378,
  "rho_std": 0.0006134174318799788,
  "rho_min": 0.06669358909130096,
  "stability_rate": 100.0,
  "n_samples": 150,
  "model": "B-Hinf",
  "case_id": 145,
  "seed": 504,
  "epochs": 500,
  "n_params": 500068,
  "train_time_s": 887.2,
  "K_mean": 0.000651761656627059,
  "R_mean": 0.0003258808283135295,
  "J_mean": 0.00019552851154003292
}