{
  "rho_mean": 0.0682194862763087,
  "rho_std": 0.0007807868514485769,
  "rho_min": 0.06531606614589691,
  "stability_rate": 100.0,
  "n_samples": 150,
  "model": "B-Hinf",
  "case_id": 145,
  "seed": 0,
  "epochs": 500,
  "n_params": 500068,
  "train_time_s": 1312.3,
  "K_mean": 0.000651761656627059,
  "R_mean": 0.0003258808283135295,
  "J_mean": 0.00019552851154003292
}