{
  "rho_mean": 0.06838702668746312,
  "rho_std": 0.0006421475947909535,
  "rho_min": 0.06643996387720108,
  "stability_rate": 100.0,
  "n_samples": 150,
  "model": "B-Hinf",
  "case_id": 145,
  "seed": 588,
  "epochs": 500,
  "n_params": 500068,
  "train_time_s": 765.7,
  "K_mean": 0.000651761656627059,
  "R_mean": 0.0003258808283135295,
  "J_mean": 0.00019552851154003292
}