{
  "rho_mean": 0.06839372843503952,
  "rho_std": 0.0006445571775899086,
  "rho_min": 0.06669467687606812,
  "stability_rate": 100.0,
  "n_samples": 150,
  "model": "B-Hinf",
  "case_id": 145,
  "seed": 672,
  "epochs": 500,
  "n_params": 500068,
  "train_time_s": 654.6,
  "K_mean": 0.000651761656627059,
  "R_mean": 0.0003258808283135295,
  "J_mean": 0.00019552851154003292
}