{
  "rho_mean": 0.06830188100536665,
  "rho_std": 0.0006998338086666291,
  "rho_min": 0.0661664679646492,
  "stability_rate": 100.0,
  "n_samples": 150,
  "model": "B-Hinf",
  "case_id": 145,
  "seed": 756,
  "epochs": 500,
  "n_params": 500068,
  "train_time_s": 630.0,
  "K_mean": 0.000651761656627059,
  "R_mean": 0.0003258808283135295,
  "J_mean": 0.00019552851154003292
}