{
  "rho_mean": 0.06822419211268425,
  "rho_std": 0.0006997036066005922,
  "rho_min": 0.0663795992732048,
  "stability_rate": 100.0,
  "n_samples": 150,
  "model": "B-Hinf",
  "case_id": 145,
  "seed": 420,
  "epochs": 500,
  "n_params": 500068,
  "train_time_s": 969.7,
  "K_mean": 0.000651761656627059,
  "R_mean": 0.0003258808283135295,
  "J_mean": 0.00019552851154003292
}