{
  "rho_mean": 0.06834333539009094,
  "rho_std": 0.000670407659363558,
  "rho_min": 0.06675684452056885,
  "stability_rate": 100.0,
  "n_samples": 150,
  "model": "B-Hinf",
  "case_id": 145,
  "seed": 42,
  "epochs": 500,
  "n_params": 500068,
  "train_time_s": 1177.7,
  "K_mean": 0.000651761656627059,
  "R_mean": 0.0003258808283135295,
  "J_mean": 0.00019552851154003292
}