{
  "rho_mean": 0.039575497955083846,
  "rho_std": 0.0001798007505618574,
  "rho_min": 0.03906850516796112,
  "stability_rate": 100.0,
  "n_samples": 150,
  "model": "B-ROPF",
  "case_id": 145,
  "seed": 630,
  "epochs": 500,
  "n_params": 277348,
  "train_time_s": 717.1,
  "K_mean": 0.001303523313254118,
  "R_mean": 0.0,
  "J_mean": 0.0
}