{
  "rho_mean": 0.03955895165602366,
  "rho_std": 0.00018858570251163956,
  "rho_min": 0.03902021050453186,
  "stability_rate": 100.0,
  "n_samples": 150,
  "model": "B-ROPF",
  "case_id": 145,
  "seed": 0,
  "epochs": 500,
  "n_params": 277348,
  "train_time_s": 1509.8,
  "K_mean": 0.001303523313254118,
  "R_mean": 0.0,
  "J_mean": 0.0
}