{
  "rho_mean": 0.0395981635649999,
  "rho_std": 0.00016472476616604284,
  "rho_min": 0.03913683444261551,
  "stability_rate": 100.0,
  "n_samples": 150,
  "model": "B-ROPF",
  "case_id": 145,
  "seed": 84,
  "epochs": 500,
  "n_params": 277348,
  "train_time_s": 1191.9,
  "K_mean": 0.001303523313254118,
  "R_mean": 0.0,
  "J_mean": 0.0
}