{
  "rho_mean": 0.039600838472445804,
  "rho_std": 0.00016535611436442745,
  "rho_min": 0.03913822025060654,
  "stability_rate": 100.0,
  "n_samples": 150,
  "model": "B-ROPF",
  "case_id": 145,
  "seed": 126,
  "epochs": 500,
  "n_params": 277348,
  "train_time_s": 1155.6,
  "K_mean": 0.001303523313254118,
  "R_mean": 0.0,
  "J_mean": 0.0
}