{
  "rho_mean": 0.039569086581468585,
  "rho_std": 0.000188307387846344,
  "rho_min": 0.039102375507354736,
  "stability_rate": 100.0,
  "n_samples": 150,
  "model": "B-ROPF",
  "case_id": 145,
  "seed": 378,
  "epochs": 500,
  "n_params": 277348,
  "train_time_s": 1084.8,
  "K_mean": 0.001303523313254118,
  "R_mean": 0.0,
  "J_mean": 0.0
}