{
  "rho_mean": 0.03959278116623561,
  "rho_std": 0.0001888153781368456,
  "rho_min": 0.03911270946264267,
  "stability_rate": 100.0,
  "n_samples": 150,
  "model": "B-ROPF",
  "case_id": 145,
  "seed": 210,
  "epochs": 500,
  "n_params": 277348,
  "train_time_s": 1089.7,
  "K_mean": 0.001303523313254118,
  "R_mean": 0.0,
  "J_mean": 0.0
}