{
  "rho_mean": 0.039626994132995606,
  "rho_std": 0.00019548683082827738,
  "rho_min": 0.039129555225372314,
  "stability_rate": 100.0,
  "n_samples": 150,
  "model": "B-ROPF",
  "case_id": 145,
  "seed": 42,
  "epochs": 500,
  "n_params": 277348,
  "train_time_s": 1311.6,
  "K_mean": 0.001303523313254118,
  "R_mean": 0.0,
  "J_mean": 0.0
}