{
  "rho_mean": 0.039584874908129376,
  "rho_std": 0.00019367641924078577,
  "rho_min": 0.0389568954706192,
  "stability_rate": 100.0,
  "n_samples": 150,
  "model": "B-ROPF",
  "case_id": 145,
  "seed": 504,
  "epochs": 500,
  "n_params": 277348,
  "train_time_s": 883.7,
  "K_mean": 0.001303523313254118,
  "R_mean": 0.0,
  "J_mean": 0.0
}