{
  "rho_mean": 0.03957629720369975,
  "rho_std": 0.00016489658016098378,
  "rho_min": 0.0391978994011879,
  "stability_rate": 100.0,
  "n_samples": 150,
  "model": "B-ROPF",
  "case_id": 145,
  "seed": 714,
  "epochs": 500,
  "n_params": 277348,
  "train_time_s": 676.6,
  "K_mean": 0.001303523313254118,
  "R_mean": 0.0,
  "J_mean": 0.0
}