{
  "rho_mean": 0.03958442067106565,
  "rho_std": 0.00018366319857630116,
  "rho_min": 0.03900415450334549,
  "stability_rate": 100.0,
  "n_samples": 150,
  "model": "B-ROPF",
  "case_id": 145,
  "seed": 462,
  "epochs": 500,
  "n_params": 277348,
  "train_time_s": 956.8,
  "K_mean": 0.001303523313254118,
  "R_mean": 0.0,
  "J_mean": 0.0
}