{
  "rho_mean": 0.0395960200826327,
  "rho_std": 0.00016987459962366334,
  "rho_min": 0.03919963538646698,
  "stability_rate": 100.0,
  "n_samples": 150,
  "model": "B-ROPF",
  "case_id": 145,
  "seed": 420,
  "epochs": 500,
  "n_params": 277348,
  "train_time_s": 993.5,
  "K_mean": 0.001303523313254118,
  "R_mean": 0.0,
  "J_mean": 0.0
}