{
  "rho_mean": 0.03959159309665362,
  "rho_std": 0.00019130551040745205,
  "rho_min": 0.0390295684337616,
  "stability_rate": 100.0,
  "n_samples": 150,
  "model": "B-ROPF",
  "case_id": 145,
  "seed": 798,
  "epochs": 500,
  "n_params": 277348,
  "train_time_s": 503.4,
  "K_mean": 0.001303523313254118,
  "R_mean": 0.0,
  "J_mean": 0.0
}