{
  "rho_mean": 0.039601279894510906,
  "rho_std": 0.0001861628548190547,
  "rho_min": 0.03907656669616699,
  "stability_rate": 100.0,
  "n_samples": 150,
  "model": "B-ROPF",
  "case_id": 145,
  "seed": 168,
  "epochs": 500,
  "n_params": 277348,
  "train_time_s": 1084.9,
  "K_mean": 0.001303523313254118,
  "R_mean": 0.0,
  "J_mean": 0.0
}