{
  "rho_mean": 0.03959560945630074,
  "rho_std": 0.0001757167957999128,
  "rho_min": 0.03902821242809296,
  "stability_rate": 100.0,
  "n_samples": 150,
  "model": "B-ROPF",
  "case_id": 145,
  "seed": 546,
  "epochs": 500,
  "n_params": 277348,
  "train_time_s": 790.7,
  "K_mean": 0.001303523313254118,
  "R_mean": 0.0,
  "J_mean": 0.0
}