{
  "rho_mean": 0.0661449537674586,
  "rho_std": 0.0008113287272678957,
  "rho_min": 0.0635853111743927,
  "stability_rate": 100.0,
  "n_samples": 150,
  "model": "B-SOPF",
  "case_id": 145,
  "seed": 84,
  "epochs": 500,
  "n_params": 277348,
  "train_time_s": 1178.4,
  "K_mean": 0.001303523313254118,
  "R_mean": 0.0,
  "J_mean": 0.0
}