{
  "rho_mean": 0.06607136850555738,
  "rho_std": 0.0008829333917554202,
  "rho_min": 0.06375966221094131,
  "stability_rate": 100.0,
  "n_samples": 150,
  "model": "B-SOPF",
  "case_id": 145,
  "seed": 168,
  "epochs": 500,
  "n_params": 277348,
  "train_time_s": 1068.8,
  "K_mean": 0.001303523313254118,
  "R_mean": 0.0,
  "J_mean": 0.0
}