{
  "rho_mean": 0.06623781566818555,
  "rho_std": 0.0007855235409195163,
  "rho_min": 0.06421385705471039,
  "stability_rate": 100.0,
  "n_samples": 150,
  "model": "B-SOPF",
  "case_id": 145,
  "seed": 672,
  "epochs": 500,
  "n_params": 277348,
  "train_time_s": 704.1,
  "K_mean": 0.001303523313254118,
  "R_mean": 0.0,
  "J_mean": 0.0
}