{
  "rho_mean": 0.06616704761981965,
  "rho_std": 0.0008433481827587349,
  "rho_min": 0.06335221230983734,
  "stability_rate": 100.0,
  "n_samples": 150,
  "model": "B-SOPF",
  "case_id": 145,
  "seed": 252,
  "epochs": 500,
  "n_params": 277348,
  "train_time_s": 1052.1,
  "K_mean": 0.001303523313254118,
  "R_mean": 0.0,
  "J_mean": 0.0
}