{
  "rho_mean": 0.06614008381962776,
  "rho_std": 0.0008438965403466004,
  "rho_min": 0.06396222859621048,
  "stability_rate": 100.0,
  "n_samples": 150,
  "model": "B-SOPF",
  "case_id": 145,
  "seed": 336,
  "epochs": 500,
  "n_params": 277348,
  "train_time_s": 1108.5,
  "K_mean": 0.001303523313254118,
  "R_mean": 0.0,
  "J_mean": 0.0
}