{
  "rho_mean": 0.06613337745269139,
  "rho_std": 0.0008540125064104885,
  "rho_min": 0.06346418708562851,
  "stability_rate": 100.0,
  "n_samples": 150,
  "model": "B-SOPF",
  "case_id": 145,
  "seed": 756,
  "epochs": 500,
  "n_params": 277348,
  "train_time_s": 575.8,
  "K_mean": 0.001303523313254118,
  "R_mean": 0.0,
  "J_mean": 0.0
}