{
  "rho_mean": 0.06607622911532719,
  "rho_std": 0.0009080686937789841,
  "rho_min": 0.06311839073896408,
  "stability_rate": 100.0,
  "n_samples": 150,
  "model": "B-SOPF",
  "case_id": 145,
  "seed": 126,
  "epochs": 500,
  "n_params": 277348,
  "train_time_s": 1126.3,
  "K_mean": 0.001303523313254118,
  "R_mean": 0.0,
  "J_mean": 0.0
}