{
  "rho_mean": 0.06620871568719545,
  "rho_std": 0.000808392675053552,
  "rho_min": 0.06431762874126434,
  "stability_rate": 100.0,
  "n_samples": 150,
  "model": "B-SOPF",
  "case_id": 145,
  "seed": 42,
  "epochs": 500,
  "n_params": 277348,
  "train_time_s": 1314.3,
  "K_mean": 0.001303523313254118,
  "R_mean": 0.0,
  "J_mean": 0.0
}