{
  "rho_mean": 0.06622664888699849,
  "rho_std": 0.0007802106306507645,
  "rho_min": 0.06388284265995026,
  "stability_rate": 100.0,
  "n_samples": 150,
  "model": "B-SOPF",
  "case_id": 145,
  "seed": 546,
  "epochs": 500,
  "n_params": 277348,
  "train_time_s": 808.7,
  "K_mean": 0.001303523313254118,
  "R_mean": 0.0,
  "J_mean": 0.0
}