{
  "rho_mean": 0.06625120202700296,
  "rho_std": 0.0007902335153281344,
  "rho_min": 0.06384623795747757,
  "stability_rate": 100.0,
  "n_samples": 150,
  "model": "B-SOPF",
  "case_id": 145,
  "seed": 588,
  "epochs": 500,
  "n_params": 277348,
  "train_time_s": 736.8,
  "K_mean": 0.001303523313254118,
  "R_mean": 0.0,
  "J_mean": 0.0
}