{
  "rho_mean": 0.06613182122508685,
  "rho_std": 0.0007707894341195678,
  "rho_min": 0.06407039612531662,
  "stability_rate": 100.0,
  "n_samples": 150,
  "model": "B-SOPF",
  "case_id": 145,
  "seed": 378,
  "epochs": 500,
  "n_params": 277348,
  "train_time_s": 1084.4,
  "K_mean": 0.001303523313254118,
  "R_mean": 0.0,
  "J_mean": 0.0
}