{
  "rho_mean": 0.06621624047557513,
  "rho_std": 0.0008524873915166524,
  "rho_min": 0.06395158171653748,
  "stability_rate": 100.0,
  "n_samples": 150,
  "model": "B-SOPF",
  "case_id": 145,
  "seed": 630,
  "epochs": 500,
  "n_params": 277348,
  "train_time_s": 724.2,
  "K_mean": 0.001303523313254118,
  "R_mean": 0.0,
  "J_mean": 0.0
}