{
  "rho_mean": 0.06617364098628362,
  "rho_std": 0.0008400725452616483,
  "rho_min": 0.06407339870929718,
  "stability_rate": 100.0,
  "n_samples": 150,
  "model": "B-SOPF",
  "case_id": 145,
  "seed": 798,
  "epochs": 500,
  "n_params": 277348,
  "train_time_s": 497.1,
  "K_mean": 0.001303523313254118,
  "R_mean": 0.0,
  "J_mean": 0.0
}