{
  "rho_mean": 0.06617417931556702,
  "rho_std": 0.0008379844134282854,
  "rho_min": 0.06396473199129105,
  "stability_rate": 100.0,
  "n_samples": 150,
  "model": "B-SOPF",
  "case_id": 145,
  "seed": 210,
  "epochs": 500,
  "n_params": 277348,
  "train_time_s": 1056.8,
  "K_mean": 0.001303523313254118,
  "R_mean": 0.0,
  "J_mean": 0.0
}