{
  "rho_mean": 0.06627538551886876,
  "rho_std": 0.0008602016371510395,
  "rho_min": 0.06373573839664459,
  "stability_rate": 100.0,
  "n_samples": 150,
  "model": "B-SOPF",
  "case_id": 145,
  "seed": 294,
  "epochs": 500,
  "n_params": 277348,
  "train_time_s": 1083.2,
  "K_mean": 0.001303523313254118,
  "R_mean": 0.0,
  "J_mean": 0.0
}