{
  "rho_mean": 0.0661282945672671,
  "rho_std": 0.0007247028432115948,
  "rho_min": 0.06360417604446411,
  "stability_rate": 100.0,
  "n_samples": 150,
  "model": "B-SOPF",
  "case_id": 145,
  "seed": 462,
  "epochs": 500,
  "n_params": 277348,
  "train_time_s": 947.2,
  "K_mean": 0.001303523313254118,
  "R_mean": 0.0,
  "J_mean": 0.0
}