{
  "rho_mean": 0.07122558971246083,
  "rho_std": 6.495319703673205e-05,
  "rho_min": 0.07104479521512985,
  "stability_rate": 100.0,
  "n_samples": 150,
  "model": "B10",
  "case_id": 145,
  "seed": 336,
  "epochs": 500,
  "n_params": 498121,
  "train_time_s": 1311.2,
  "K_mean": 0.00047923458623699844,
  "R_mean": 0.0,
  "J_mean": 0.0
}