{
  "rho_mean": 0.07122136811415354,
  "rho_std": 6.84443377617192e-05,
  "rho_min": 0.0710284560918808,
  "stability_rate": 100.0,
  "n_samples": 150,
  "model": "B10",
  "case_id": 145,
  "seed": 168,
  "epochs": 500,
  "n_params": 498121,
  "train_time_s": 1323.1,
  "K_mean": 0.00047925105900503695,
  "R_mean": 0.0,
  "J_mean": 0.0
}