{
  "rho_mean": 0.07121535549561182,
  "rho_std": 7.120616434054097e-05,
  "rho_min": 0.07098448276519775,
  "stability_rate": 100.0,
  "n_samples": 150,
  "model": "B10",
  "case_id": 145,
  "seed": 504,
  "epochs": 500,
  "n_params": 498121,
  "train_time_s": 944.8,
  "K_mean": 0.0004792437539435923,
  "R_mean": 0.0,
  "J_mean": 0.0
}