{
  "rho_mean": 0.07121927961707115,
  "rho_std": 6.460379294706824e-05,
  "rho_min": 0.07101067155599594,
  "stability_rate": 100.0,
  "n_samples": 150,
  "model": "B10",
  "case_id": 145,
  "seed": 546,
  "epochs": 500,
  "n_params": 498121,
  "train_time_s": 845.5,
  "K_mean": 0.00047925239778123796,
  "R_mean": 0.0,
  "J_mean": 0.0
}