{
  "rho_mean": 0.07121619219581286,
  "rho_std": 7.172847105290481e-05,
  "rho_min": 0.07103578746318817,
  "stability_rate": 100.0,
  "n_samples": 150,
  "model": "B10",
  "case_id": 145,
  "seed": 294,
  "epochs": 500,
  "n_params": 498121,
  "train_time_s": 1385.5,
  "K_mean": 0.00047925024409778416,
  "R_mean": 0.0,
  "J_mean": 0.0
}