{
  "rho_mean": 0.07122023850679397,
  "rho_std": 6.056147311322593e-05,
  "rho_min": 0.07105065137147903,
  "stability_rate": 100.0,
  "n_samples": 150,
  "model": "B10",
  "case_id": 145,
  "seed": 84,
  "epochs": 500,
  "n_params": 498121,
  "train_time_s": 1562.0,
  "K_mean": 0.00047924413229338825,
  "R_mean": 0.0,
  "J_mean": 0.0
}