{
  "rho_mean": 0.07120583022634189,
  "rho_std": 6.933369383632034e-05,
  "rho_min": 0.07100777328014374,
  "stability_rate": 100.0,
  "n_samples": 150,
  "model": "B10",
  "case_id": 145,
  "seed": 0,
  "epochs": 500,
  "n_params": 498121,
  "train_time_s": 2059.1,
  "K_mean": 0.0004792410763911903,
  "R_mean": 0.0,
  "J_mean": 0.0
}