{
  "rho_mean": 0.07121780127286911,
  "rho_std": 7.033520687400352e-05,
  "rho_min": 0.07101117819547653,
  "stability_rate": 100.0,
  "n_samples": 150,
  "model": "B10",
  "case_id": 145,
  "seed": 798,
  "epochs": 500,
  "n_params": 498121,
  "train_time_s": 396.8,
  "K_mean": 0.00047925306716933846,
  "R_mean": 0.0,
  "J_mean": 0.0
}