{
  "rho_mean": 0.07120896910627683,
  "rho_std": 6.73083102264017e-05,
  "rho_min": 0.07103946805000305,
  "stability_rate": 100.0,
  "n_samples": 150,
  "model": "B10",
  "case_id": 145,
  "seed": 756,
  "epochs": 500,
  "n_params": 498121,
  "train_time_s": 482.5,
  "K_mean": 0.00047925132093951106,
  "R_mean": 0.0,
  "J_mean": 0.0
}