{
  "rho_mean": 0.07121941695610683,
  "rho_std": 6.245571487119722e-05,
  "rho_min": 0.07107368856668472,
  "stability_rate": 100.0,
  "n_samples": 150,
  "model": "B10",
  "case_id": 145,
  "seed": 420,
  "epochs": 500,
  "n_params": 498121,
  "train_time_s": 1007.8,
  "K_mean": 0.000479257752886042,
  "R_mean": 0.0,
  "J_mean": 0.0
}