{
  "rho_mean": 0.07122392982244491,
  "rho_std": 6.527339711346887e-05,
  "rho_min": 0.0710604265332222,
  "stability_rate": 100.0,
  "n_samples": 150,
  "model": "B10",
  "case_id": 145,
  "seed": 588,
  "epochs": 500,
  "n_params": 498121,
  "train_time_s": 647.0,
  "K_mean": 0.0004792608960997313,
  "R_mean": 0.0,
  "J_mean": 0.0
}