{
  "rho_mean": 0.07121180911858876,
  "rho_std": 6.611025882792841e-05,
  "rho_min": 0.07102535665035248,
  "stability_rate": 100.0,
  "n_samples": 150,
  "model": "B10",
  "case_id": 145,
  "seed": 630,
  "epochs": 500,
  "n_params": 498121,
  "train_time_s": 566.5,
  "K_mean": 0.0004792824329342693,
  "R_mean": 0.0,
  "J_mean": 0.0
}