{
  "rho_mean": 0.05067856654524803,
  "rho_std": 0.0038937793597647414,
  "rho_min": 0.038208384066820145,
  "stability_rate": 100.0,
  "n_samples": 150,
  "model": "B11",
  "case_id": 145,
  "seed": 252,
  "epochs": 500,
  "n_params": 515482,
  "train_time_s": 1328.7,
  "K_mean": 0.003066701116040349,
  "R_mean": 0.0018400208791717887,
  "J_mean": 0.001226680469699204
}