{
  "rho_mean": 0.050583695446451506,
  "rho_std": 0.00394948044520043,
  "rho_min": 0.03865935653448105,
  "stability_rate": 100.0,
  "n_samples": 150,
  "model": "B11",
  "case_id": 145,
  "seed": 756,
  "epochs": 500,
  "n_params": 515482,
  "train_time_s": 544.9,
  "K_mean": 0.003066701116040349,
  "R_mean": 0.0018400208791717887,
  "J_mean": 0.001226680469699204
}