{
  "rho_mean": 0.05057277309397856,
  "rho_std": 0.0035264198663805574,
  "rho_min": 0.041216518729925156,
  "stability_rate": 100.0,
  "n_samples": 150,
  "model": "B11",
  "case_id": 145,
  "seed": 378,
  "epochs": 500,
  "n_params": 515482,
  "train_time_s": 1197.3,
  "K_mean": 0.003066701116040349,
  "R_mean": 0.0018400208791717887,
  "J_mean": 0.001226680469699204
}