{
  "rho_mean": 0.050716334854563075,
  "rho_std": 0.003877096644058348,
  "rho_min": 0.04083770141005516,
  "stability_rate": 100.0,
  "n_samples": 150,
  "model": "B11",
  "case_id": 145,
  "seed": 210,
  "epochs": 500,
  "n_params": 515482,
  "train_time_s": 1323.7,
  "K_mean": 0.003066701116040349,
  "R_mean": 0.0018400208791717887,
  "J_mean": 0.001226680469699204
}