{
  "rho_mean": 0.05110522535940011,
  "rho_std": 0.003627899207131325,
  "rho_min": 0.041530679911375046,
  "stability_rate": 100.0,
  "n_samples": 150,
  "model": "B11",
  "case_id": 145,
  "seed": 672,
  "epochs": 500,
  "n_params": 515482,
  "train_time_s": 556.5,
  "K_mean": 0.003066701116040349,
  "R_mean": 0.0018400208791717887,
  "J_mean": 0.001226680469699204
}