{
  "rho_mean": 0.05120567460854848,
  "rho_std": 0.003954951638447445,
  "rho_min": 0.039995331317186356,
  "stability_rate": 100.0,
  "n_samples": 150,
  "model": "B11",
  "case_id": 145,
  "seed": 294,
  "epochs": 500,
  "n_params": 515482,
  "train_time_s": 1307.2,
  "K_mean": 0.003066701116040349,
  "R_mean": 0.0018400208791717887,
  "J_mean": 0.001226680469699204
}