{
  "rho_mean": 0.05095656168957551,
  "rho_std": 0.0036026353418440564,
  "rho_min": 0.04043653607368469,
  "stability_rate": 100.0,
  "n_samples": 150,
  "model": "B11",
  "case_id": 145,
  "seed": 546,
  "epochs": 500,
  "n_params": 515482,
  "train_time_s": 841.1,
  "K_mean": 0.003066701116040349,
  "R_mean": 0.0018400208791717887,
  "J_mean": 0.001226680469699204
}