{
  "rho_mean": 0.05012572775284449,
  "rho_std": 0.004403059468949207,
  "rho_min": 0.03364440053701401,
  "stability_rate": 100.0,
  "n_samples": 150,
  "model": "B11",
  "case_id": 145,
  "seed": 0,
  "epochs": 500,
  "n_params": 515482,
  "train_time_s": 1738.8,
  "K_mean": 0.003066701116040349,
  "R_mean": 0.0018400208791717887,
  "J_mean": 0.001226680469699204
}