{
  "rho_mean": 0.050509161949157715,
  "rho_std": 0.0038861392733685403,
  "rho_min": 0.04020820930600166,
  "stability_rate": 100.0,
  "n_samples": 150,
  "model": "B11",
  "case_id": 145,
  "seed": 336,
  "epochs": 500,
  "n_params": 515482,
  "train_time_s": 1275.1,
  "K_mean": 0.003066701116040349,
  "R_mean": 0.0018400208791717887,
  "J_mean": 0.001226680469699204
}