{
  "rho_mean": 0.05056615777313709,
  "rho_std": 0.0037475600813232056,
  "rho_min": 0.038628458976745605,
  "stability_rate": 100.0,
  "n_samples": 150,
  "model": "B11",
  "case_id": 145,
  "seed": 84,
  "epochs": 500,
  "n_params": 515482,
  "train_time_s": 1435.9,
  "K_mean": 0.003066701116040349,
  "R_mean": 0.0018400208791717887,
  "J_mean": 0.001226680469699204
}