{
  "rho_mean": 0.05104220213989417,
  "rho_std": 0.003622396678266527,
  "rho_min": 0.03997625783085823,
  "stability_rate": 100.0,
  "n_samples": 150,
  "model": "B11",
  "case_id": 145,
  "seed": 588,
  "epochs": 500,
  "n_params": 515482,
  "train_time_s": 788.1,
  "K_mean": 0.003066701116040349,
  "R_mean": 0.0018400208791717887,
  "J_mean": 0.001226680469699204
}