{
  "rho_mean": 0.050047281607985494,
  "rho_std": 0.003874230397569204,
  "rho_min": 0.03878825157880783,
  "stability_rate": 100.0,
  "n_samples": 150,
  "model": "B11",
  "case_id": 145,
  "seed": 714,
  "epochs": 500,
  "n_params": 515482,
  "train_time_s": 556.6,
  "K_mean": 0.003066701116040349,
  "R_mean": 0.0018400208791717887,
  "J_mean": 0.001226680469699204
}