{
  "rho_mean": 0.05021258863310019,
  "rho_std": 0.004039096493858001,
  "rho_min": 0.03977411240339279,
  "stability_rate": 100.0,
  "n_samples": 150,
  "model": "B11",
  "case_id": 145,
  "seed": 168,
  "epochs": 500,
  "n_params": 515482,
  "train_time_s": 1348.4,
  "K_mean": 0.003066701116040349,
  "R_mean": 0.0018400208791717887,
  "J_mean": 0.001226680469699204
}