{
  "rho_mean": 0.05144488761822383,
  "rho_std": 0.003453365976702214,
  "rho_min": 0.04156355559825897,
  "stability_rate": 100.0,
  "n_samples": 150,
  "model": "B11",
  "case_id": 145,
  "seed": 504,
  "epochs": 500,
  "n_params": 515482,
  "train_time_s": 894.0,
  "K_mean": 0.003066701116040349,
  "R_mean": 0.0018400208791717887,
  "J_mean": 0.001226680469699204
}