{
  "rho_mean": 0.07105399365226428,
  "rho_std": 8.215850993662291e-05,
  "rho_min": 0.07080424576997757,
  "stability_rate": 100.0,
  "n_samples": 150,
  "model": "B12",
  "case_id": 145,
  "seed": 798,
  "epochs": 500,
  "n_params": 498120,
  "train_time_s": 399.3,
  "K_mean": 0.0004789574013557285,
  "R_mean": 0.0,
  "J_mean": 0.0
}