{
  "rho_mean": 0.07104744270443916,
  "rho_std": 8.386561031947546e-05,
  "rho_min": 0.0708158016204834,
  "stability_rate": 100.0,
  "n_samples": 150,
  "model": "B12",
  "case_id": 145,
  "seed": 672,
  "epochs": 500,
  "n_params": 498120,
  "train_time_s": 578.4,
  "K_mean": 0.0004789556551259011,
  "R_mean": 0.0,
  "J_mean": 0.0
}