{
  "rho_mean": 0.07105950027704239,
  "rho_std": 8.353631826993875e-05,
  "rho_min": 0.0708528459072113,
  "stability_rate": 100.0,
  "n_samples": 150,
  "model": "B12",
  "case_id": 145,
  "seed": 336,
  "epochs": 500,
  "n_params": 498120,
  "train_time_s": 1302.0,
  "K_mean": 0.00047895166790112853,
  "R_mean": 0.0,
  "J_mean": 0.0
}