{
  "rho_mean": 0.07103530342380206,
  "rho_std": 9.14266986021012e-05,
  "rho_min": 0.07070852816104889,
  "stability_rate": 100.0,
  "n_samples": 150,
  "model": "B12",
  "case_id": 145,
  "seed": 0,
  "epochs": 500,
  "n_params": 498120,
  "train_time_s": 2072.0,
  "K_mean": 0.0004789505328517407,
  "R_mean": 0.0,
  "J_mean": 0.0
}