{
  "rho_mean": 0.0710544508198897,
  "rho_std": 7.754628319984613e-05,
  "rho_min": 0.0708501785993576,
  "stability_rate": 100.0,
  "n_samples": 150,
  "model": "B12",
  "case_id": 145,
  "seed": 84,
  "epochs": 500,
  "n_params": 498120,
  "train_time_s": 1502.6,
  "K_mean": 0.00047894171439111233,
  "R_mean": 0.0,
  "J_mean": 0.0
}