{
  "rho_mean": 0.07104456841945649,
  "rho_std": 8.430349866512567e-05,
  "rho_min": 0.07079245150089264,
  "stability_rate": 100.0,
  "n_samples": 150,
  "model": "B12",
  "case_id": 145,
  "seed": 756,
  "epochs": 500,
  "n_params": 498120,
  "train_time_s": 477.6,
  "K_mean": 0.0004789556551259011,
  "R_mean": 0.0,
  "J_mean": 0.0
}