{
  "rho_mean": 0.07106464331348737,
  "rho_std": 8.119884128208617e-05,
  "rho_min": 0.07079680263996124,
  "stability_rate": 100.0,
  "n_samples": 150,
  "model": "B12",
  "case_id": 145,
  "seed": 588,
  "epochs": 500,
  "n_params": 498120,
  "train_time_s": 672.2,
  "K_mean": 0.00047896220348775387,
  "R_mean": 0.0,
  "J_mean": 0.0
}