{
  "rho_mean": 0.07105549717942873,
  "rho_std": 8.958253426052093e-05,
  "rho_min": 0.07077545672655106,
  "stability_rate": 100.0,
  "n_samples": 150,
  "model": "B12",
  "case_id": 145,
  "seed": 252,
  "epochs": 500,
  "n_params": 498120,
  "train_time_s": 1471.5,
  "K_mean": 0.0004789489321410656,
  "R_mean": 0.0,
  "J_mean": 0.0
}