{
  "rho_mean": 0.07105186482270559,
  "rho_std": 9.064023961184551e-05,
  "rho_min": 0.0707959234714508,
  "stability_rate": 100.0,
  "n_samples": 150,
  "model": "B12",
  "case_id": 145,
  "seed": 168,
  "epochs": 500,
  "n_params": 498120,
  "train_time_s": 1418.5,
  "K_mean": 0.00047895064926706254,
  "R_mean": 0.0,
  "J_mean": 0.0
}