{
  "rho_mean": 0.0710415467619896,
  "rho_std": 7.824107546869463e-05,
  "rho_min": 0.07076863199472427,
  "stability_rate": 100.0,
  "n_samples": 150,
  "model": "B12",
  "case_id": 145,
  "seed": 714,
  "epochs": 500,
  "n_params": 498120,
  "train_time_s": 546.4,
  "K_mean": 0.0004789529775734991,
  "R_mean": 0.0,
  "J_mean": 0.0
}