{
  "rho_mean": 0.07106631726026535,
  "rho_std": 8.272890825004509e-05,
  "rho_min": 0.07088644802570343,
  "stability_rate": 100.0,
  "n_samples": 150,
  "model": "B12",
  "case_id": 145,
  "seed": 42,
  "epochs": 500,
  "n_params": 498120,
  "train_time_s": 1641.8,
  "K_mean": 0.0004789376980625093,
  "R_mean": 0.0,
  "J_mean": 0.0
}