{
  "rho_mean": 0.0642827237645785,
  "rho_std": 0.0015374311272117653,
  "rho_min": 0.05996789410710335,
  "stability_rate": 100.0,
  "n_samples": 150,
  "model": "Ours",
  "case_id": 145,
  "seed": 294,
  "epochs": 500,
  "n_params": 515632,
  "train_time_s": 1444.5,
  "K_mean": 0.0011355072492733598,
  "R_mean": 0.0007148459553718567,
  "J_mean": 0.000508475408423692
}