{
  "rho_mean": 0.0640956249088049,
  "rho_std": 0.0015289707762397855,
  "rho_min": 0.06042032316327095,
  "stability_rate": 100.0,
  "n_samples": 150,
  "model": "Ours",
  "case_id": 145,
  "seed": 798,
  "epochs": 500,
  "n_params": 515632,
  "train_time_s": 361.4,
  "K_mean": 0.001135564292781055,
  "R_mean": 0.0007140698144212365,
  "J_mean": 0.0005083341966383159
}