{
  "rho_mean": 0.06424968972802163,
  "rho_std": 0.0014080164647900034,
  "rho_min": 0.06052966043353081,
  "stability_rate": 100.0,
  "n_samples": 150,
  "model": "Ours",
  "case_id": 145,
  "seed": 672,
  "epochs": 500,
  "n_params": 515632,
  "train_time_s": 605.2,
  "K_mean": 0.0011355493916198611,
  "R_mean": 0.000714571971911937,
  "J_mean": 0.0005039505776949227
}