{
  "rho_mean": 0.06403828290601571,
  "rho_std": 0.0014578013743292888,
  "rho_min": 0.05941032990813255,
  "stability_rate": 100.0,
  "n_samples": 150,
  "model": "Ours",
  "case_id": 145,
  "seed": 84,
  "epochs": 500,
  "n_params": 515632,
  "train_time_s": 1527.1,
  "K_mean": 0.0011355772148817778,
  "R_mean": 0.0007139077060855925,
  "J_mean": 0.0005081163253635168
}