{
  "rho_mean": 0.06422228073080381,
  "rho_std": 0.0014077082699246852,
  "rho_min": 0.05989783629775047,
  "stability_rate": 100.0,
  "n_samples": 150,
  "model": "Ours",
  "case_id": 145,
  "seed": 588,
  "epochs": 500,
  "n_params": 515632,
  "train_time_s": 684.0,
  "K_mean": 0.0011355862952768803,
  "R_mean": 0.0007141283131204545,
  "J_mean": 0.0005071831401437521
}