{
  "rho_mean": 0.06419197663664818,
  "rho_std": 0.0015372888553660637,
  "rho_min": 0.06017395481467247,
  "stability_rate": 100.0,
  "n_samples": 150,
  "model": "Ours",
  "case_id": 145,
  "seed": 630,
  "epochs": 500,
  "n_params": 515632,
  "train_time_s": 658.1,
  "K_mean": 0.0011356277391314507,
  "R_mean": 0.0007139304070733488,
  "J_mean": 0.0005077027017250657
}