{
  "rho_mean": 0.064050116588672,
  "rho_std": 0.0015330806685082865,
  "rho_min": 0.05944494903087616,
  "stability_rate": 100.0,
  "n_samples": 150,
  "model": "Ours",
  "case_id": 145,
  "seed": 756,
  "epochs": 500,
  "n_params": 515632,
  "train_time_s": 434.9,
  "K_mean": 0.0011356038739904761,
  "R_mean": 0.0007135796477086842,
  "J_mean": 0.0005066045559942722
}