{
  "rho_mean": 0.06390738502144813,
  "rho_std": 0.0016475656612694324,
  "rho_min": 0.058828629553318024,
  "stability_rate": 100.0,
  "n_samples": 150,
  "model": "Ours",
  "case_id": 145,
  "seed": 126,
  "epochs": 500,
  "n_params": 515632,
  "train_time_s": 1524.5,
  "K_mean": 0.0011355758178979158,
  "R_mean": 0.0007138896617107093,
  "J_mean": 0.0005074813379906118
}