{
  "rho_mean": 0.06401936955749989,
  "rho_std": 0.0013078783305886608,
  "rho_min": 0.059712424874305725,
  "stability_rate": 100.0,
  "n_samples": 150,
  "model": "Ours",
  "case_id": 145,
  "seed": 462,
  "epochs": 500,
  "n_params": 515632,
  "train_time_s": 927.2,
  "K_mean": 0.0011355692986398935,
  "R_mean": 0.0007144128903746605,
  "J_mean": 0.0005061404081061482
}