{
  "rho_mean": 0.06401041713853677,
  "rho_std": 0.0015115435817762213,
  "rho_min": 0.06001037731766701,
  "stability_rate": 100.0,
  "n_samples": 150,
  "model": "Ours",
  "case_id": 145,
  "seed": 336,
  "epochs": 500,
  "n_params": 515632,
  "train_time_s": 1290.3,
  "K_mean": 0.0011355343740433455,
  "R_mean": 0.0007146635325625539,
  "J_mean": 0.0005074912332929671
}