{
  "rho_mean": 0.063835091466705,
  "rho_std": 0.0015057559383854075,
  "rho_min": 0.05947989970445633,
  "stability_rate": 100.0,
  "n_samples": 150,
  "model": "Ours",
  "case_id": 145,
  "seed": 714,
  "epochs": 500,
  "n_params": 515632,
  "train_time_s": 561.5,
  "K_mean": 0.001135580474510789,
  "R_mean": 0.0007139150402508676,
  "J_mean": 0.0005088152247481048
}