{
  "rho_mean": 0.06408973793188731,
  "rho_std": 0.0015100005303668017,
  "rho_min": 0.06025667488574982,
  "stability_rate": 100.0,
  "n_samples": 150,
  "model": "Ours",
  "case_id": 145,
  "seed": 210,
  "epochs": 500,
  "n_params": 515632,
  "train_time_s": 1499.5,
  "K_mean": 0.001135507714934647,
  "R_mean": 0.0007148483418859541,
  "J_mean": 0.0005068023456260562
}