{
  "rho_mean": 0.06413045821090539,
  "rho_std": 0.0014712542683584689,
  "rho_min": 0.06061803176999092,
  "stability_rate": 100.0,
  "n_samples": 150,
  "model": "Ours",
  "case_id": 145,
  "seed": 42,
  "epochs": 500,
  "n_params": 515632,
  "train_time_s": 1660.3,
  "K_mean": 0.0011356137692928314,
  "R_mean": 0.0007136507192626595,
  "J_mean": 0.0005092376959510148
}