{
  "rho_mean": 0.06418792920807997,
  "rho_std": 0.001397992740843805,
  "rho_min": 0.06011316925287247,
  "stability_rate": 100.0,
  "n_samples": 150,
  "model": "Ours",
  "case_id": 145,
  "seed": 546,
  "epochs": 500,
  "n_params": 515632,
  "train_time_s": 813.2,
  "K_mean": 0.0011355701135471463,
  "R_mean": 0.0007142185349948704,
  "J_mean": 0.0005068340105935931
}