{
  "rho_mean": 0.06437743236621221,
  "rho_std": 0.0013428997097211868,
  "rho_min": 0.060524243861436844,
  "stability_rate": 100.0,
  "n_samples": 150,
  "model": "Ours",
  "case_id": 145,
  "seed": 504,
  "epochs": 500,
  "n_params": 515632,
  "train_time_s": 901.2,
  "K_mean": 0.0011355384485796094,
  "R_mean": 0.0007147659198381007,
  "J_mean": 0.0005059721297584474
}