{
  "rho_mean": 0.06387278380493323,
  "rho_std": 0.0017106582124558304,
  "rho_min": 0.05745925381779671,
  "stability_rate": 100.0,
  "n_samples": 150,
  "model": "Ours",
  "case_id": 145,
  "seed": 0,
  "epochs": 500,
  "n_params": 515632,
  "train_time_s": 2120.8,
  "K_mean": 0.001135553582571447,
  "R_mean": 0.0007140894886106253,
  "J_mean": 0.0005050182226113975
}