{
  "rho_mean": 0.06404062298436959,
  "rho_std": 0.0013682514560453725,
  "rho_min": 0.06040899083018303,
  "stability_rate": 100.0,
  "n_samples": 150,
  "model": "Ours",
  "case_id": 145,
  "seed": 378,
  "epochs": 500,
  "n_params": 515632,
  "train_time_s": 1092.4,
  "K_mean": 0.0011355042224749923,
  "R_mean": 0.0007141667301766574,
  "J_mean": 0.0005087829194962978
}