{
  "rho_mean": 0.06389711797237396,
  "rho_std": 0.0015668627863624517,
  "rho_min": 0.059820711612701416,
  "stability_rate": 100.0,
  "n_samples": 150,
  "model": "Ours",
  "case_id": 145,
  "seed": 168,
  "epochs": 500,
  "n_params": 515632,
  "train_time_s": 1507.1,
  "K_mean": 0.0011355638271197677,
  "R_mean": 0.0007144774426706135,
  "J_mean": 0.0005071719060651958
}