{
  "rho_mean": 0.0640769029657046,
  "rho_std": 0.0015112366515486826,
  "rho_min": 0.059253234416246414,
  "stability_rate": 100.0,
  "n_samples": 150,
  "model": "Ours",
  "case_id": 145,
  "seed": 252,
  "epochs": 500,
  "n_params": 515632,
  "train_time_s": 1533.0,
  "K_mean": 0.0011355290189385414,
  "R_mean": 0.0007145306444726884,
  "J_mean": 0.0005075294175185263
}