{
  "rho_mean": 0.06386896036565304,
  "rho_std": 0.0015326780760865028,
  "rho_min": 0.05985812842845917,
  "stability_rate": 100.0,
  "n_samples": 150,
  "model": "Ours",
  "case_id": 145,
  "seed": 420,
  "epochs": 500,
  "n_params": 515632,
  "train_time_s": 947.7,
  "K_mean": 0.0011355547467246652,
  "R_mean": 0.0007144843693822622,
  "J_mean": 0.0005085442680865526
}